lattice_type,representation,variant,L,bootstrap,Tc,chi_c
triangular,vertex,m,64,0,3.694170919,41.24128895
triangular,vertex,m,64,1,3.693154381,41.5781559
triangular,vertex,m,64,2,3.69409117,41.84599464
triangular,vertex,m,64,3,3.693832011,41.72375399
triangular,vertex,m,64,4,3.693064713,41.65388339
triangular,vertex,m,64,5,3.692755891,41.83260098
triangular,vertex,m,64,6,3.693483199,42.18256597
triangular,vertex,m,64,7,3.694061265,41.85429745
triangular,vertex,m,64,8,3.693881846,41.48210167
triangular,vertex,m,64,9,3.692646321,42.18644329
triangular,vertex,m,64,10,3.693473234,42.24441081
triangular,vertex,m,64,11,3.694121076,41.82442928
triangular,vertex,m,64,12,3.694180888,41.70211859
triangular,vertex,m,64,13,3.693712411,42.0914003
triangular,vertex,m,64,14,3.694131044,41.41490261
triangular,vertex,m,64,15,3.693393516,41.67200823
triangular,vertex,m,64,16,3.694709313,41.9313033
triangular,vertex,m,64,17,3.691779954,42.23054874
triangular,vertex,m,64,18,3.693682512,41.54837058
triangular,vertex,m,64,19,3.695906306,41.37270546
triangular,vertex,m,64,20,3.694340397,41.67079442
triangular,vertex,m,64,21,3.695986134,41.80478254
triangular,vertex,m,64,22,3.694828978,41.31141238
triangular,vertex,m,64,23,3.694170919,42.08460491
triangular,vertex,m,64,24,3.692546718,42.54734599
triangular,vertex,m,64,25,3.693822044,42.13042795
triangular,vertex,m,64,26,3.692785774,41.87025405
triangular,vertex,m,64,27,3.693323765,41.33627684
triangular,vertex,m,64,28,3.692795736,42.33593537
triangular,vertex,m,64,29,3.695527175,41.39035747
triangular,vertex,m,64,30,3.694669427,41.67289146
triangular,vertex,m,64,31,3.694350366,41.99845744
triangular,vertex,m,64,32,3.692726007,42.21797862
triangular,vertex,m,64,33,3.694440097,41.93335678
triangular,vertex,m,64,34,3.694061265,42.0352091
triangular,vertex,m,64,35,3.692915276,42.13913
triangular,vertex,m,64,36,3.69350313,42.34010927
triangular,vertex,m,64,37,3.692696125,41.4085843
triangular,vertex,m,64,38,3.692257899,42.41303148
triangular,vertex,m,64,39,3.695217941,41.9378796
triangular,vertex,m,64,40,3.693632682,41.94502698
triangular,vertex,m,64,41,3.69244712,42.01029758
triangular,vertex,m,64,42,3.693921716,41.46329811
triangular,vertex,m,64,43,3.69282562,41.58338278
triangular,vertex,m,64,44,3.693712411,42.28347771
triangular,vertex,m,64,45,3.695168069,41.81633388
triangular,vertex,m,64,46,3.694290549,41.338388
triangular,vertex,m,64,47,3.693951618,41.52748059
triangular,vertex,m,64,48,3.692805697,41.55092054
triangular,vertex,m,64,49,3.693144417,42.2655161
triangular,vertex,m,64,50,3.694240702,41.60689933
triangular,vertex,m,64,51,3.693144417,41.89471061
triangular,vertex,m,64,52,3.693234089,42.25473202
triangular,vertex,m,64,53,3.6926264,41.78069848
triangular,vertex,m,64,54,3.694101139,41.75976764
triangular,vertex,m,64,55,3.694978569,42.0440684
triangular,vertex,m,64,56,3.692357487,41.78307689
triangular,vertex,m,64,57,3.694450067,41.90071307
triangular,vertex,m,64,58,3.693851945,41.97841021
triangular,vertex,m,64,59,3.694420156,41.62482184
triangular,vertex,m,64,60,3.692915276,42.11502912
triangular,vertex,m,64,61,3.693901781,41.88203901
triangular,vertex,m,64,62,3.693094602,42.1591581
triangular,vertex,m,64,63,3.694041329,41.52264943
triangular,vertex,m,64,64,3.695337638,42.57300567
triangular,vertex,m,64,65,3.694131044,41.63367763
triangular,vertex,m,64,66,3.692706085,42.16222716
triangular,vertex,m,64,67,3.694848922,42.01543876
triangular,vertex,m,64,68,3.692805697,41.82976606
triangular,vertex,m,64,69,3.693582853,42.10117707
triangular,vertex,m,64,70,3.694041329,41.90843218
triangular,vertex,m,64,71,3.694579685,41.83506382
triangular,vertex,m,64,72,3.693343693,41.45508694
triangular,vertex,m,64,73,3.693881846,42.2657344
triangular,vertex,m,64,74,3.69450989,41.93802386
triangular,vertex,m,64,75,3.693832011,42.46098714
triangular,vertex,m,64,76,3.694071234,41.48551779
triangular,vertex,m,64,77,3.694828978,42.15350018
triangular,vertex,m,64,78,3.69427061,42.04419435
triangular,vertex,m,64,79,3.694799061,42.28291475
triangular,vertex,m,64,80,3.694360336,41.37751846
triangular,vertex,m,64,81,3.694489948,41.81236373
triangular,vertex,m,64,82,3.694669427,42.49945726
triangular,vertex,m,64,83,3.695207966,41.85451429
triangular,vertex,m,64,84,3.69494865,41.97386091
triangular,vertex,m,64,85,3.693722377,41.7197674
triangular,vertex,m,64,86,3.694380276,41.85801294
triangular,vertex,m,64,87,3.694051297,41.63179037
triangular,vertex,m,64,88,3.694639512,42.03357824
triangular,vertex,m,64,89,3.693702445,42.11395842
triangular,vertex,m,64,90,3.694220764,41.78960722
triangular,vertex,m,64,91,3.694370306,41.32140908
triangular,vertex,m,64,92,3.694390246,41.9493951
triangular,vertex,m,64,93,3.693792143,41.18262087
triangular,vertex,m,64,94,3.692008954,41.7925621
triangular,vertex,m,64,95,3.693124491,41.90144735
triangular,vertex,m,64,96,3.695307713,41.23659967
triangular,vertex,m,64,97,3.69506833,41.5941893
triangular,vertex,m,64,98,3.692785774,42.17305491
triangular,vertex,m,64,99,3.692835582,41.57004142
triangular,vertex,m,64,100,3.693732344,41.55759971
triangular,vertex,m,64,101,3.693383551,42.97087922
triangular,vertex,m,64,102,3.693323765,41.44852275
triangular,vertex,m,64,103,3.694639512,41.61890258
triangular,vertex,m,64,104,3.693792143,41.95719472
triangular,vertex,m,64,105,3.694031361,41.59868644
triangular,vertex,m,64,106,3.695387514,42.0962215
triangular,vertex,m,64,107,3.694340397,41.9962716
triangular,vertex,m,64,108,3.692686164,41.79179848
triangular,vertex,m,64,109,3.694470008,42.108919
triangular,vertex,m,64,110,3.694470008,41.44134971
triangular,vertex,m,64,111,3.694350366,41.33230432
triangular,vertex,m,64,112,3.694410186,41.6109629
triangular,vertex,m,64,113,3.69380211,41.56166736
triangular,vertex,m,64,114,3.693562922,41.17604958
triangular,vertex,m,64,115,3.692785774,41.18154358
triangular,vertex,m,64,116,3.693154381,42.13448926
triangular,vertex,m,64,117,3.694420156,42.02492558
triangular,vertex,m,64,118,3.694001457,41.75472124
triangular,vertex,m,64,119,3.692646321,42.30518618
triangular,vertex,m,64,120,3.69366258,41.97991404
triangular,vertex,m,64,121,3.693622716,41.91706839
triangular,vertex,m,64,122,3.693582853,41.71397346
triangular,vertex,m,64,123,3.694759172,41.81786658
triangular,vertex,m,64,124,3.693254016,42.1874599
triangular,vertex,m,64,125,3.694539802,41.35130893
triangular,vertex,m,64,126,3.694978569,42.42174053
triangular,vertex,m,64,127,3.694001457,42.17714647
triangular,vertex,m,64,128,3.69366258,42.52790007
triangular,vertex,m,64,129,3.69245708,41.9564684
triangular,vertex,m,64,130,3.694559744,42.00707937
triangular,vertex,m,64,131,3.695736685,41.66386521
triangular,vertex,m,64,132,3.691640576,42.14970358
triangular,vertex,m,64,133,3.694101139,41.78065139
triangular,vertex,m,64,134,3.693393516,42.0162276
triangular,vertex,m,64,135,3.693024862,41.9867983
triangular,vertex,m,64,136,3.693034825,42.11974156
triangular,vertex,m,64,137,3.694908758,41.67849173
triangular,vertex,m,64,138,3.692586558,41.4327097
triangular,vertex,m,64,139,3.693433375,42.14670608
triangular,vertex,m,64,140,3.693333729,41.58575097
triangular,vertex,m,64,141,3.693104565,42.02288223
triangular,vertex,m,64,142,3.691720219,42.03297474
triangular,vertex,m,64,143,3.694828978,42.28419408
triangular,vertex,m,64,144,3.693712411,41.79398416
triangular,vertex,m,64,145,3.694420156,41.92554719
triangular,vertex,m,64,146,3.694330427,41.43675914
triangular,vertex,m,64,147,3.693254016,41.7562855
triangular,vertex,m,64,148,3.692257899,42.04150719
triangular,vertex,m,64,149,3.695417441,41.74771023
triangular,vertex,m,64,150,3.693493165,41.68154187
triangular,vertex,m,64,151,3.693792143,41.76867583
triangular,vertex,m,64,152,3.69483895,41.65412011
triangular,vertex,m,64,153,3.694799061,41.94420694
triangular,vertex,m,64,154,3.695417441,41.75089011
triangular,vertex,m,64,155,3.693353658,41.9667188
triangular,vertex,m,64,156,3.694150982,41.88465519
triangular,vertex,m,64,157,3.693353658,42.1739667
triangular,vertex,m,64,158,3.694679398,42.11981835
triangular,vertex,m,64,159,3.694430126,41.13616261
triangular,vertex,m,64,160,3.693851945,41.34966912
triangular,vertex,m,64,161,3.69288539,41.9510358
triangular,vertex,m,64,162,3.695357588,40.90266373
triangular,vertex,m,64,163,3.693463269,42.3046946
triangular,vertex,m,64,164,3.693582853,41.38614697
triangular,vertex,m,64,165,3.693672546,41.96529061
triangular,vertex,m,64,166,3.693921716,42.14874848
triangular,vertex,m,64,167,3.694051297,41.64944619
triangular,vertex,m,64,168,3.69342341,41.75659083
triangular,vertex,m,64,169,3.693064713,41.79970602
triangular,vertex,m,64,170,3.694420156,41.86965404
triangular,vertex,m,64,171,3.694699341,41.76119699
triangular,vertex,m,64,172,3.693881846,42.37601194
triangular,vertex,m,64,173,3.692536758,42.3232088
triangular,vertex,m,64,174,3.693931683,42.01360697
triangular,vertex,m,64,175,3.693562922,42.76873204
triangular,vertex,m,64,176,3.693024862,41.79992745
triangular,vertex,m,64,177,3.692965087,42.62213527
triangular,vertex,m,64,178,3.693931683,41.62347599
triangular,vertex,m,64,179,3.69361275,41.76634662
triangular,vertex,m,64,180,3.693841978,41.2340249
triangular,vertex,m,64,181,3.694659455,41.55754631
triangular,vertex,m,64,182,3.693941651,42.02506988
triangular,vertex,m,64,183,3.69326398,42.13883807
triangular,vertex,m,64,184,3.693134454,42.34753252
triangular,vertex,m,64,185,3.694041329,41.86965692
triangular,vertex,m,64,186,3.692805697,41.48973208
triangular,vertex,m,64,187,3.693911748,42.52948728
triangular,vertex,m,64,188,3.691361853,42.5719216
triangular,vertex,m,64,189,3.694210795,41.83754338
triangular,vertex,m,64,190,3.694609599,41.98977281
triangular,vertex,m,64,191,3.694001457,41.45895796
triangular,vertex,m,64,192,3.694380276,42.30908169
triangular,vertex,m,64,193,3.694021393,42.12730627
triangular,vertex,m,64,194,3.69282562,42.1760509
triangular,vertex,m,64,195,3.693542991,41.23953656
triangular,vertex,m,64,196,3.695257839,41.86875784
triangular,vertex,m,64,197,3.69506833,42.08750811
triangular,vertex,m,64,198,3.69483895,41.48762939
triangular,vertex,m,64,199,3.693652614,41.48174539
triangular,vertex,m,96,0,3.674749539,84.77480952
triangular,vertex,m,96,1,3.674979212,85.33065596
triangular,vertex,m,96,2,3.674639705,83.56779762
triangular,vertex,m,96,3,3.675458622,85.24177044
triangular,vertex,m,96,4,3.674759524,85.51723498
triangular,vertex,m,96,5,3.675738336,86.62453254
triangular,vertex,m,96,6,3.673481861,85.33015473
triangular,vertex,m,96,7,3.676337866,85.60655461
triangular,vertex,m,96,8,3.675518557,84.78785599
triangular,vertex,m,96,9,3.674589783,87.40301216
triangular,vertex,m,96,10,3.675119027,84.64811657
triangular,vertex,m,96,11,3.674679644,84.65814273
triangular,vertex,m,96,12,3.674040729,84.19571793
triangular,vertex,m,96,13,3.674839407,83.45393562
triangular,vertex,m,96,14,3.675238877,85.04582689
triangular,vertex,m,96,15,3.675498579,83.72927092
triangular,vertex,m,96,16,3.675618453,84.31996217
triangular,vertex,m,96,17,3.67455983,84.44956089
triangular,vertex,m,96,18,3.67450991,85.67264283
triangular,vertex,m,96,19,3.674300261,83.88087345
triangular,vertex,m,96,20,3.675348746,84.04577384
triangular,vertex,m,96,21,3.675758317,84.69443414
triangular,vertex,m,96,22,3.674959239,84.78425186
triangular,vertex,m,96,23,3.674090636,84.03098739
triangular,vertex,m,96,24,3.674340193,84.898877
triangular,vertex,m,96,25,3.674799465,84.4689548
triangular,vertex,m,96,26,3.673621562,84.62498049
triangular,vertex,m,96,27,3.676118015,83.89299395
triangular,vertex,m,96,28,3.675758317,84.73676845
triangular,vertex,m,96,29,3.674919294,85.26566918
triangular,vertex,m,96,30,3.674909308,85.69652718
triangular,vertex,m,96,31,3.674709599,84.67011853
triangular,vertex,m,96,32,3.67330226,84.57822915
triangular,vertex,m,96,33,3.674969225,83.21279145
triangular,vertex,m,96,34,3.674699614,84.57521342
triangular,vertex,m,96,35,3.674450008,85.00561927
triangular,vertex,m,96,36,3.673910976,83.53127909
triangular,vertex,m,96,37,3.673312238,85.78173599
triangular,vertex,m,96,38,3.674949253,84.56409714
triangular,vertex,m,96,39,3.675538536,85.09792354
triangular,vertex,m,96,40,3.675748326,84.99204573
triangular,vertex,m,96,41,3.675278829,83.89514147
triangular,vertex,m,96,42,3.675608463,83.78205625
triangular,vertex,m,96,43,3.675728345,85.07751946
triangular,vertex,m,96,44,3.67487935,83.2829834
triangular,vertex,m,96,45,3.674220401,86.03437483
triangular,vertex,m,96,46,3.675588484,85.26954023
triangular,vertex,m,96,47,3.674190455,85.45958018
triangular,vertex,m,96,48,3.67492928,85.15358606
triangular,vertex,m,96,49,3.675738336,84.31094971
triangular,vertex,m,96,50,3.676667691,86.30928503
triangular,vertex,m,96,51,3.675688384,84.05425461
triangular,vertex,m,96,52,3.674619736,85.43643984
triangular,vertex,m,96,53,3.675238877,85.01645391
triangular,vertex,m,96,54,3.674180473,84.72268567
triangular,vertex,m,96,55,3.675228889,85.08889412
triangular,vertex,m,96,56,3.675978124,84.2786371
triangular,vertex,m,96,57,3.67487935,85.66096452
triangular,vertex,m,96,58,3.67450991,84.09754326
triangular,vertex,m,96,59,3.674400091,84.34211532
triangular,vertex,m,96,60,3.675838244,86.29702319
triangular,vertex,m,96,61,3.673322215,86.02053079
triangular,vertex,m,96,62,3.674240366,82.80757435
triangular,vertex,m,96,63,3.675049118,84.74979808
triangular,vertex,m,96,64,3.672793489,86.07999811
triangular,vertex,m,96,65,3.673910976,84.35150624
triangular,vertex,m,96,66,3.675568505,83.39449761
triangular,vertex,m,96,67,3.674739554,85.26993783
triangular,vertex,m,96,68,3.674140545,84.460539
triangular,vertex,m,96,69,3.674519894,85.34443784
triangular,vertex,m,96,70,3.675218901,85.49748632
triangular,vertex,m,96,71,3.67492928,84.27482877
triangular,vertex,m,96,72,3.675418666,84.40053376
triangular,vertex,m,96,73,3.675039131,83.92884144
triangular,vertex,m,96,74,3.675618453,84.58552444
triangular,vertex,m,96,75,3.675178951,83.88666381
triangular,vertex,m,96,76,3.674469975,85.33867829
triangular,vertex,m,96,77,3.675728345,84.95162634
triangular,vertex,m,96,78,3.673871054,83.41222612
triangular,vertex,m,96,79,3.673461904,84.14717492
triangular,vertex,m,96,80,3.674020766,84.70825695
triangular,vertex,m,96,81,3.675188938,84.61014929
triangular,vertex,m,96,82,3.674320227,84.06144269
triangular,vertex,m,96,83,3.675069092,84.38243629
triangular,vertex,m,96,84,3.674489943,85.61391284
triangular,vertex,m,96,85,3.674190455,85.94474475
triangular,vertex,m,96,86,3.676048069,85.47149621
triangular,vertex,m,96,87,3.673731334,84.09864411
triangular,vertex,m,96,88,3.675188938,85.11749425
triangular,vertex,m,96,89,3.675278829,85.4510308
triangular,vertex,m,96,90,3.674230384,85.4198456
triangular,vertex,m,96,91,3.676217944,83.55702178
triangular,vertex,m,96,92,3.675129014,85.77125676
triangular,vertex,m,96,93,3.674859379,85.94920761
triangular,vertex,m,96,94,3.674469975,85.36656618
triangular,vertex,m,96,95,3.674959239,85.82026101
triangular,vertex,m,96,96,3.676207951,86.03589963
triangular,vertex,m,96,97,3.675968133,85.8930467
triangular,vertex,m,96,98,3.675758317,84.42516059
triangular,vertex,m,96,99,3.673811173,87.07186021
triangular,vertex,m,96,100,3.675698374,84.47006786
triangular,vertex,m,96,101,3.67405071,85.20769206
triangular,vertex,m,96,102,3.674020766,85.49610593
triangular,vertex,m,96,103,3.674979212,84.03380716
triangular,vertex,m,96,104,3.675628443,83.0716471
triangular,vertex,m,96,105,3.674250348,84.60610855
triangular,vertex,m,96,106,3.67487935,84.94553591
triangular,vertex,m,96,107,3.674479959,84.03564802
triangular,vertex,m,96,108,3.674719584,84.8949794
triangular,vertex,m,96,109,3.675178951,85.49842946
triangular,vertex,m,96,110,3.673791213,85.57895843
triangular,vertex,m,96,111,3.676048069,84.31029515
triangular,vertex,m,96,112,3.675208914,85.02588958
triangular,vertex,m,96,113,3.674839407,86.22732661
triangular,vertex,m,96,114,3.674210419,84.19937693
triangular,vertex,m,96,115,3.676497774,84.29815089
triangular,vertex,m,96,116,3.673881035,85.85669078
triangular,vertex,m,96,117,3.67334217,86.04029335
triangular,vertex,m,96,118,3.675318781,86.08334927
triangular,vertex,m,96,119,3.674899322,84.98966631
triangular,vertex,m,96,120,3.673561688,86.0259668
triangular,vertex,m,96,121,3.674440025,84.52855692
triangular,vertex,m,96,122,3.673831133,84.55824113
triangular,vertex,m,96,123,3.676337866,85.43972212
triangular,vertex,m,96,124,3.675818262,85.37600617
triangular,vertex,m,96,125,3.677797539,83.08692756
triangular,vertex,m,96,126,3.674829422,83.54980954
triangular,vertex,m,96,127,3.675258853,84.34030921
triangular,vertex,m,96,128,3.673581646,84.30086399
triangular,vertex,m,96,129,3.675508568,84.57349614
triangular,vertex,m,96,130,3.674110599,85.8828345
triangular,vertex,m,96,131,3.675698374,84.85837345
triangular,vertex,m,96,132,3.674210419,83.79875567
triangular,vertex,m,96,133,3.674410075,83.55028136
triangular,vertex,m,96,134,3.674459992,85.24908669
triangular,vertex,m,96,135,3.675298805,85.02574887
triangular,vertex,m,96,136,3.675438644,84.52940081
triangular,vertex,m,96,137,3.674959239,85.25382823
triangular,vertex,m,96,138,3.675188938,84.62625034
triangular,vertex,m,96,139,3.674360159,84.74178941
triangular,vertex,m,96,140,3.674849393,86.38704068
triangular,vertex,m,96,141,3.674370142,85.95865003
triangular,vertex,m,96,142,3.674350176,85.05824182
triangular,vertex,m,96,143,3.675718355,85.52899682
triangular,vertex,m,96,144,3.675838244,85.93420633
triangular,vertex,m,96,145,3.675019158,84.74229154
triangular,vertex,m,96,146,3.676118015,82.66844113
triangular,vertex,m,96,147,3.673861074,83.38503877
triangular,vertex,m,96,148,3.673741314,86.48157786
triangular,vertex,m,96,149,3.675738336,84.76056267
triangular,vertex,m,96,150,3.67405071,86.50349962
triangular,vertex,m,96,151,3.674839407,86.97178744
triangular,vertex,m,96,152,3.674769509,87.42851083
triangular,vertex,m,96,153,3.673002966,85.57603925
triangular,vertex,m,96,154,3.675358735,84.04091425
triangular,vertex,m,96,155,3.675059105,85.74279999
triangular,vertex,m,96,156,3.675358735,86.16941315
triangular,vertex,m,96,157,3.676187965,85.78723387
triangular,vertex,m,96,158,3.673891015,85.24556211
triangular,vertex,m,96,159,3.674549846,83.48642224
triangular,vertex,m,96,160,3.675139001,84.68017964
triangular,vertex,m,96,161,3.675548525,84.42818314
triangular,vertex,m,96,162,3.676387835,84.57500042
triangular,vertex,m,96,163,3.674609752,84.30753854
triangular,vertex,m,96,164,3.673601604,85.52499796
triangular,vertex,m,96,165,3.675898191,85.853551
triangular,vertex,m,96,166,3.674909308,83.25663021
triangular,vertex,m,96,167,3.674440025,85.05029609
triangular,vertex,m,96,168,3.675408678,84.15556786
triangular,vertex,m,96,169,3.676797638,85.18700746
triangular,vertex,m,96,170,3.674190455,85.38271577
triangular,vertex,m,96,171,3.674769509,84.88252263
triangular,vertex,m,96,172,3.674819436,85.68639229
triangular,vertex,m,96,173,3.675228889,83.35381772
triangular,vertex,m,96,174,3.674010785,84.75528125
triangular,vertex,m,96,175,3.674020766,85.81750575
triangular,vertex,m,96,176,3.676068053,82.95356275
triangular,vertex,m,96,177,3.673481861,84.98277379
triangular,vertex,m,96,178,3.674489943,83.61826552
triangular,vertex,m,96,179,3.674260331,86.88822218
triangular,vertex,m,96,180,3.674410075,83.90524618
triangular,vertex,m,96,181,3.675568505,84.48676497
triangular,vertex,m,96,182,3.674360159,85.29769852
triangular,vertex,m,96,183,3.673910976,84.77528708
triangular,vertex,m,96,184,3.673402036,85.63328574
triangular,vertex,m,96,185,3.674829422,85.20802166
triangular,vertex,m,96,186,3.674140545,85.55439381
triangular,vertex,m,96,187,3.675328769,85.16835608
triangular,vertex,m,96,188,3.675099053,85.44372891
triangular,vertex,m,96,189,3.672873287,86.05039905
triangular,vertex,m,96,190,3.675288817,84.75719589
triangular,vertex,m,96,191,3.673392058,84.8041304
triangular,vertex,m,96,192,3.674240366,84.6288159
triangular,vertex,m,96,193,3.675898191,82.91526461
triangular,vertex,m,96,194,3.674839407,85.22866681
triangular,vertex,m,96,195,3.675818262,84.50476377
triangular,vertex,m,96,196,3.674320227,85.55758834
triangular,vertex,m,96,197,3.674629721,85.59362654
triangular,vertex,m,96,198,3.674120581,84.26240456
triangular,vertex,m,96,199,3.674839407,85.17983126
triangular,vertex,m,128,0,3.665988002,140.9315618
triangular,vertex,m,128,1,3.666687567,141.7998421
triangular,vertex,m,128,2,3.666077931,142.4861676
triangular,vertex,m,128,3,3.666377727,143.1868537
triangular,vertex,m,128,4,3.666867498,139.7679997
triangular,vertex,m,128,5,3.666157872,142.558703
triangular,vertex,m,128,6,3.666967467,138.5873497
triangular,vertex,m,128,7,3.666327757,138.7027756
triangular,vertex,m,128,8,3.667747416,140.7007154
triangular,vertex,m,128,9,3.666897488,140.4771434
triangular,vertex,m,128,10,3.665318669,141.4709653
triangular,vertex,m,128,11,3.666287783,141.8773813
triangular,vertex,m,128,12,3.667117432,141.7385353
triangular,vertex,m,128,13,3.66621783,139.137048
triangular,vertex,m,128,14,3.665578381,141.4823142
triangular,vertex,m,128,15,3.665848121,144.5895738
triangular,vertex,m,128,16,3.66544852,141.553189
triangular,vertex,m,128,17,3.66621783,142.6146992
triangular,vertex,m,128,18,3.666987462,140.8608334
triangular,vertex,m,128,19,3.665728232,141.8454343
triangular,vertex,m,128,20,3.666237816,142.6208884
triangular,vertex,m,128,21,3.665908069,140.7949413
triangular,vertex,m,128,22,3.666297776,138.1000741
triangular,vertex,m,128,23,3.666297776,142.1679271
triangular,vertex,m,128,24,3.667677407,139.1353258
triangular,vertex,m,128,25,3.666597608,143.4235583
triangular,vertex,m,128,26,3.666357739,139.2735452
triangular,vertex,m,128,27,3.667327402,143.1423228
triangular,vertex,m,128,28,3.66544852,143.391184
triangular,vertex,m,128,29,3.666367733,142.7555248
triangular,vertex,m,128,30,3.665848121,141.3944923
triangular,vertex,m,128,31,3.667997469,143.4592828
triangular,vertex,m,128,32,3.666227823,140.2441025
triangular,vertex,m,128,33,3.667167422,143.3847508
triangular,vertex,m,128,34,3.667737414,139.3588486
triangular,vertex,m,128,35,3.665318669,143.0634391
triangular,vertex,m,128,36,3.6673574,143.6813767
triangular,vertex,m,128,37,3.666887491,142.3120532
triangular,vertex,m,128,38,3.667087438,141.9381607
triangular,vertex,m,128,39,3.667057444,139.9494342
triangular,vertex,m,128,40,3.667927451,142.1161802
triangular,vertex,m,128,41,3.664749429,141.9942504
triangular,vertex,m,128,42,3.66770741,141.1151494
triangular,vertex,m,128,43,3.666527643,142.5237718
triangular,vertex,m,128,44,3.666557627,138.8475469
triangular,vertex,m,128,45,3.666577617,142.5660105
triangular,vertex,m,128,46,3.667227413,140.2887158
triangular,vertex,m,128,47,3.665528434,140.9933138
triangular,vertex,m,128,48,3.666267796,142.9656173
triangular,vertex,m,128,49,3.665828139,140.1658921
triangular,vertex,m,128,50,3.66712743,140.193198
triangular,vertex,m,128,51,3.666237816,140.0390514
triangular,vertex,m,128,52,3.666907485,143.2381712
triangular,vertex,m,128,53,3.666417703,141.138356
triangular,vertex,m,128,54,3.666007986,141.7398661
triangular,vertex,m,128,55,3.665728232,143.316381
triangular,vertex,m,128,56,3.666157872,142.4604225
triangular,vertex,m,128,57,3.666047954,143.1519734
triangular,vertex,m,128,58,3.666397715,143.1967418
triangular,vertex,m,128,59,3.666527643,141.0056352
triangular,vertex,m,128,60,3.665948035,142.525378
triangular,vertex,m,128,61,3.665938043,141.5119483
triangular,vertex,m,128,62,3.665398576,139.6632202
triangular,vertex,m,128,63,3.666997459,143.0446971
triangular,vertex,m,128,64,3.667547397,140.2319608
triangular,vertex,m,128,65,3.666417703,141.3776288
triangular,vertex,m,128,66,3.667067442,141.0294833
triangular,vertex,m,128,67,3.666127894,141.1361443
triangular,vertex,m,128,68,3.667187419,140.1364274
triangular,vertex,m,128,69,3.666697562,141.3322159
triangular,vertex,m,128,70,3.666637589,143.7966471
triangular,vertex,m,128,71,3.66564831,141.5144205
triangular,vertex,m,128,72,3.665908069,141.137962
triangular,vertex,m,128,73,3.666047954,141.5407755
triangular,vertex,m,128,74,3.665968018,143.1093652
triangular,vertex,m,128,75,3.666807519,138.3010751
triangular,vertex,m,128,76,3.666387721,140.6717558
triangular,vertex,m,128,77,3.66621783,140.6465613
triangular,vertex,m,128,78,3.666497658,140.0929577
triangular,vertex,m,128,79,3.666177857,140.4126383
triangular,vertex,m,128,80,3.666947473,142.3016888
triangular,vertex,m,128,81,3.666417703,143.7662362
triangular,vertex,m,128,82,3.66677753,142.6216055
triangular,vertex,m,128,83,3.665898077,140.9065953
triangular,vertex,m,128,84,3.66645768,141.6419241
triangular,vertex,m,128,85,3.665438531,141.5375398
triangular,vertex,m,128,86,3.665468498,143.4679558
triangular,vertex,m,128,87,3.666407709,140.3102277
triangular,vertex,m,128,88,3.666177857,141.5314947
triangular,vertex,m,128,89,3.66712743,141.5790341
triangular,vertex,m,128,90,3.666867498,142.3447583
triangular,vertex,m,128,91,3.665858112,139.6255882
triangular,vertex,m,128,92,3.66562833,140.3798249
triangular,vertex,m,128,93,3.664989087,142.2083763
triangular,vertex,m,128,94,3.665908069,139.836414
triangular,vertex,m,128,95,3.667577399,141.0310813
triangular,vertex,m,128,96,3.666407709,144.0772859
triangular,vertex,m,128,97,3.666437691,142.4237237
triangular,vertex,m,128,98,3.666197843,139.1630216
triangular,vertex,m,128,99,3.667527397,141.8210906
triangular,vertex,m,128,100,3.66525874,141.3287518
triangular,vertex,m,128,101,3.666417703,142.6376845
triangular,vertex,m,128,102,3.666697562,140.2727233
triangular,vertex,m,128,103,3.66563832,142.1315299
triangular,vertex,m,128,104,3.665198814,143.2843278
triangular,vertex,m,128,105,3.66559836,139.6955754
triangular,vertex,m,128,106,3.666017978,142.0644734
triangular,vertex,m,128,107,3.665868104,142.1119172
triangular,vertex,m,128,108,3.665808157,145.2265287
triangular,vertex,m,128,109,3.666887491,144.0931817
triangular,vertex,m,128,110,3.665997994,139.3975857
triangular,vertex,m,128,111,3.665858112,142.602441
triangular,vertex,m,128,112,3.666117901,138.5736386
triangular,vertex,m,128,113,3.666157872,141.2570503
triangular,vertex,m,128,114,3.665868104,140.9751532
triangular,vertex,m,128,115,3.666707558,141.6351153
triangular,vertex,m,128,116,3.666697562,137.7616346
triangular,vertex,m,128,117,3.666377727,140.0053195
triangular,vertex,m,128,118,3.665718241,141.1358837
triangular,vertex,m,128,119,3.665378599,142.8747714
triangular,vertex,m,128,120,3.666987462,139.4746909
triangular,vertex,m,128,121,3.666227823,142.2114502
triangular,vertex,m,128,122,3.665488477,141.4468433
triangular,vertex,m,128,123,3.66591806,141.0883298
triangular,vertex,m,128,124,3.665948035,143.828066
triangular,vertex,m,128,125,3.66525874,144.6129537
triangular,vertex,m,128,126,3.667277407,139.6042733
triangular,vertex,m,128,127,3.665708251,142.2473213
triangular,vertex,m,128,128,3.666077931,142.2740768
triangular,vertex,m,128,129,3.66695747,143.3588267
triangular,vertex,m,128,130,3.666677571,139.428262
triangular,vertex,m,128,131,3.665748213,141.4746539
triangular,vertex,m,128,132,3.666467675,141.6505217
triangular,vertex,m,128,133,3.666037962,141.0455074
triangular,vertex,m,128,134,3.667307404,138.9928914
triangular,vertex,m,128,135,3.666007986,140.8019732
triangular,vertex,m,128,136,3.66602797,141.5076142
triangular,vertex,m,128,137,3.66677753,140.7057739
triangular,vertex,m,128,138,3.666827512,139.3423159
triangular,vertex,m,128,139,3.665588371,140.6224423
triangular,vertex,m,128,140,3.665228777,143.1429727
triangular,vertex,m,128,141,3.666467675,138.7405489
triangular,vertex,m,128,142,3.666057947,139.8601958
triangular,vertex,m,128,143,3.666917482,140.7287479
triangular,vertex,m,128,144,3.665878095,142.8936054
triangular,vertex,m,128,145,3.666587612,140.9722516
triangular,vertex,m,128,146,3.66677753,141.4371614
triangular,vertex,m,128,147,3.66506898,141.9472892
triangular,vertex,m,128,148,3.667007456,138.9862508
triangular,vertex,m,128,149,3.666627593,142.0546944
triangular,vertex,m,128,150,3.667017454,141.3755205
triangular,vertex,m,128,151,3.666867498,140.5839063
triangular,vertex,m,128,152,3.667347401,140.2561117
triangular,vertex,m,128,153,3.665928052,140.3984365
triangular,vertex,m,128,154,3.667497396,140.5925014
triangular,vertex,m,128,155,3.666557627,141.1431625
triangular,vertex,m,128,156,3.666627593,142.1639385
triangular,vertex,m,128,157,3.664699504,141.7585188
triangular,vertex,m,128,158,3.66567828,142.7528527
triangular,vertex,m,128,159,3.66618785,141.1642359
triangular,vertex,m,128,160,3.666347745,143.2414707
triangular,vertex,m,128,161,3.665438531,142.4850797
triangular,vertex,m,128,162,3.666347745,141.2727065
triangular,vertex,m,128,163,3.666547632,141.7868427
triangular,vertex,m,128,164,3.66621783,142.3238024
triangular,vertex,m,128,165,3.666947473,141.8966249
triangular,vertex,m,128,166,3.664819326,141.4946369
triangular,vertex,m,128,167,3.666377727,138.088335
triangular,vertex,m,128,168,3.666717554,142.0720413
triangular,vertex,m,128,169,3.667207416,140.4800439
triangular,vertex,m,128,170,3.666077931,138.7161327
triangular,vertex,m,128,171,3.665997994,141.0913265
triangular,vertex,m,128,172,3.66560835,142.8865113
triangular,vertex,m,128,173,3.66672755,143.5577632
triangular,vertex,m,128,174,3.666197843,141.8200316
triangular,vertex,m,128,175,3.666687567,139.2081345
triangular,vertex,m,128,176,3.665178839,139.2834414
triangular,vertex,m,128,177,3.66630777,141.8301605
triangular,vertex,m,128,178,3.665948035,141.18637
triangular,vertex,m,128,179,3.665888086,141.3974191
triangular,vertex,m,128,180,3.666867498,140.8451393
triangular,vertex,m,128,181,3.666357739,141.0603081
triangular,vertex,m,128,182,3.66621783,141.4356409
triangular,vertex,m,128,183,3.665898077,141.1539478
triangular,vertex,m,128,184,3.666917482,141.3402008
triangular,vertex,m,128,185,3.667947456,142.0037158
triangular,vertex,m,128,186,3.666447686,139.4237672
triangular,vertex,m,128,187,3.666417703,141.5942997
triangular,vertex,m,128,188,3.666297776,140.7205858
triangular,vertex,m,128,189,3.666757538,142.4006481
triangular,vertex,m,128,190,3.666647584,141.734167
triangular,vertex,m,128,191,3.66665758,140.3601754
triangular,vertex,m,128,192,3.665248753,142.1913067
triangular,vertex,m,128,193,3.666447686,140.2537411
triangular,vertex,m,128,194,3.665997994,141.7312428
triangular,vertex,m,128,195,3.666237816,138.8337666
triangular,vertex,m,128,196,3.666607603,142.2571478
triangular,vertex,m,128,197,3.66567828,142.6704641
triangular,vertex,m,128,198,3.666537637,138.8468869
triangular,vertex,m,128,199,3.666797522,141.0602593
triangular,vertex,m,192,0,3.657903863,297.1697359
triangular,vertex,m,192,1,3.658083667,286.3301043
triangular,vertex,m,192,2,3.658023731,287.4342476
triangular,vertex,m,192,3,3.65838338,286.1923725
triangular,vertex,m,192,4,3.658433337,293.3250348
triangular,vertex,m,192,5,3.658053699,292.3378195
triangular,vertex,m,192,6,3.658093657,290.1599266
triangular,vertex,m,192,7,3.658513271,284.4626046
triangular,vertex,m,192,8,3.658593208,289.8505099
triangular,vertex,m,192,9,3.658083667,292.2340278
triangular,vertex,m,192,10,3.658013741,284.55643
triangular,vertex,m,192,11,3.658563231,284.6374118
triangular,vertex,m,192,12,3.658563231,289.6067779
triangular,vertex,m,192,13,3.65827348,288.5887446
triangular,vertex,m,192,14,3.658922987,289.9255674
triangular,vertex,m,192,15,3.658103646,290.1519005
triangular,vertex,m,192,16,3.657644177,287.3320075
triangular,vertex,m,192,17,3.658623185,287.8245156
triangular,vertex,m,192,18,3.657434458,290.5691919
triangular,vertex,m,192,19,3.657933829,290.4333415
triangular,vertex,m,192,20,3.657234748,291.6438991
triangular,vertex,m,192,21,3.658103646,287.7357409
triangular,vertex,m,192,22,3.658073678,288.8876499
triangular,vertex,m,192,23,3.65888301,283.9828579
triangular,vertex,m,192,24,3.659362784,286.4723385
triangular,vertex,m,192,25,3.658213537,289.1286048
triangular,vertex,m,192,26,3.658133616,291.6619577
triangular,vertex,m,192,27,3.658333424,288.8204282
triangular,vertex,m,192,28,3.6586032,295.7882773
triangular,vertex,m,192,29,3.658423345,285.7267149
triangular,vertex,m,192,30,3.658303452,288.5790785
triangular,vertex,m,192,31,3.658853029,288.4517469
triangular,vertex,m,192,32,3.658563231,285.6346437
triangular,vertex,m,192,33,3.657694114,282.8625907
triangular,vertex,m,192,34,3.658433337,292.9760937
triangular,vertex,m,192,35,3.658902998,285.5082317
triangular,vertex,m,192,36,3.658962964,282.7855726
triangular,vertex,m,192,37,3.657903863,287.8439296
triangular,vertex,m,192,38,3.658583216,289.4228097
triangular,vertex,m,192,39,3.658143606,290.1942918
triangular,vertex,m,192,40,3.658633178,289.2710713
triangular,vertex,m,192,41,3.6586032,297.1516487
triangular,vertex,m,192,42,3.658343415,288.4976822
triangular,vertex,m,192,43,3.658493287,283.8734349
triangular,vertex,m,192,44,3.659632712,282.4047155
triangular,vertex,m,192,45,3.658043709,290.0014796
triangular,vertex,m,192,46,3.659202845,288.4781196
triangular,vertex,m,192,47,3.65828347,285.7556779
triangular,vertex,m,192,48,3.659352787,278.3139228
triangular,vertex,m,192,49,3.658553239,288.7910827
triangular,vertex,m,192,50,3.657744052,289.8272881
triangular,vertex,m,192,51,3.659242829,290.7905011
triangular,vertex,m,192,52,3.659252825,286.9530746
triangular,vertex,m,192,53,3.657264703,289.8398342
triangular,vertex,m,192,54,3.657963796,293.2626761
triangular,vertex,m,192,55,3.659002942,286.95893
triangular,vertex,m,192,56,3.658013741,286.6201885
triangular,vertex,m,192,57,3.658513271,284.9722941
triangular,vertex,m,192,58,3.657734064,290.3173469
triangular,vertex,m,192,59,3.659072906,291.6929412
triangular,vertex,m,192,60,3.65763419,287.6759365
triangular,vertex,m,192,61,3.658623185,291.9279961
triangular,vertex,m,192,62,3.658243508,291.6002127
triangular,vertex,m,192,63,3.659222837,287.4979516
triangular,vertex,m,192,64,3.657863909,285.959785
triangular,vertex,m,192,65,3.657933829,289.4956182
triangular,vertex,m,192,66,3.65838338,289.4078671
triangular,vertex,m,192,67,3.658653163,285.0766997
triangular,vertex,m,192,68,3.658043709,285.6494039
triangular,vertex,m,192,69,3.658083667,286.3478349
triangular,vertex,m,192,70,3.657973785,290.3003713
triangular,vertex,m,192,71,3.658683142,289.4588134
triangular,vertex,m,192,72,3.657793992,287.8189043
triangular,vertex,m,192,73,3.6586032,288.4637252
triangular,vertex,m,192,74,3.657943818,290.2375397
triangular,vertex,m,192,75,3.658723114,296.4678379
triangular,vertex,m,192,76,3.65792384,285.2092095
triangular,vertex,m,192,77,3.659042921,288.9114366
triangular,vertex,m,192,78,3.658463312,289.9127261
triangular,vertex,m,192,79,3.658513271,289.9092633
triangular,vertex,m,192,80,3.657744052,288.9480781
triangular,vertex,m,192,81,3.657893875,285.4691486
triangular,vertex,m,192,82,3.658763087,286.9719105
triangular,vertex,m,192,83,3.658843035,288.1742526
triangular,vertex,m,192,84,3.657933829,287.8780722
triangular,vertex,m,192,85,3.659022931,288.0255571
triangular,vertex,m,192,86,3.658183566,292.7059467
triangular,vertex,m,192,87,3.658873016,287.3036529
triangular,vertex,m,192,88,3.657993763,295.5171088
triangular,vertex,m,192,89,3.657913852,289.3524098
triangular,vertex,m,192,90,3.657823956,288.4043608
triangular,vertex,m,192,91,3.659242829,283.8192256
triangular,vertex,m,192,92,3.658043709,288.7566093
triangular,vertex,m,192,93,3.658643171,285.7568826
triangular,vertex,m,192,94,3.65828347,288.0723855
triangular,vertex,m,192,95,3.657873897,288.481765
triangular,vertex,m,192,96,3.658223527,286.3154975
triangular,vertex,m,192,97,3.65827348,290.2716461
triangular,vertex,m,192,98,3.658893004,288.9837885
triangular,vertex,m,192,99,3.657953807,282.0919975
triangular,vertex,m,192,100,3.657863909,290.2891634
triangular,vertex,m,192,101,3.658403362,286.7390922
triangular,vertex,m,192,102,3.658143606,294.5702876
triangular,vertex,m,192,103,3.658423345,292.4899343
triangular,vertex,m,192,104,3.658493287,286.4224217
triangular,vertex,m,192,105,3.657104948,283.9452443
triangular,vertex,m,192,106,3.658433337,287.1030991
triangular,vertex,m,192,107,3.65845332,296.8623555
triangular,vertex,m,192,108,3.658893004,290.9740355
triangular,vertex,m,192,109,3.658593208,286.9797699
triangular,vertex,m,192,110,3.658443328,288.5821338
triangular,vertex,m,192,111,3.658513271,294.5237637
triangular,vertex,m,192,112,3.658133616,291.9603858
triangular,vertex,m,192,113,3.659512739,288.3297582
triangular,vertex,m,192,114,3.658203546,291.8542661
triangular,vertex,m,192,115,3.658633178,282.7334285
triangular,vertex,m,192,116,3.658703128,290.1141612
triangular,vertex,m,192,117,3.657903863,294.000183
triangular,vertex,m,192,118,3.658503279,283.7748229
triangular,vertex,m,192,119,3.658143606,287.2411928
triangular,vertex,m,192,120,3.658713121,288.5072226
triangular,vertex,m,192,121,3.657684127,290.7178551
triangular,vertex,m,192,122,3.658733107,292.5151086
triangular,vertex,m,192,123,3.658243508,290.8633768
triangular,vertex,m,192,124,3.658073678,284.1414005
triangular,vertex,m,192,125,3.659022931,286.1881395
triangular,vertex,m,192,126,3.65838338,287.5392461
triangular,vertex,m,192,127,3.658553239,294.0066884
triangular,vertex,m,192,128,3.657993763,286.286633
triangular,vertex,m,192,129,3.658013741,289.6448956
triangular,vertex,m,192,130,3.657973785,288.9749198
triangular,vertex,m,192,131,3.65803372,296.4357291
triangular,vertex,m,192,132,3.65845332,292.8505082
triangular,vertex,m,192,133,3.658183566,290.2449426
triangular,vertex,m,192,134,3.657744052,290.8509466
triangular,vertex,m,192,135,3.65803372,288.2591681
triangular,vertex,m,192,136,3.658243508,283.0291906
triangular,vertex,m,192,137,3.658243508,289.5208577
triangular,vertex,m,192,138,3.658373389,288.9194772
triangular,vertex,m,192,139,3.65877308,278.454258
triangular,vertex,m,192,140,3.658293461,286.0487444
triangular,vertex,m,192,141,3.658583216,294.7876091
triangular,vertex,m,192,142,3.658563231,284.2950441
triangular,vertex,m,192,143,3.658093657,294.4191054
triangular,vertex,m,192,144,3.658613193,285.2702215
triangular,vertex,m,192,145,3.658473303,290.0508696
triangular,vertex,m,192,146,3.658693135,290.8420419
triangular,vertex,m,192,147,3.65803372,289.542855
triangular,vertex,m,192,148,3.657983774,286.4681977
triangular,vertex,m,192,149,3.658992947,290.8232712
triangular,vertex,m,192,150,3.657943818,293.3725818
triangular,vertex,m,192,151,3.658013741,291.4220015
triangular,vertex,m,192,152,3.658173576,286.2962575
triangular,vertex,m,192,153,3.658153596,287.1143276
triangular,vertex,m,192,154,3.658483295,287.8586483
triangular,vertex,m,192,155,3.658253498,288.9841509
triangular,vertex,m,192,156,3.658353406,286.9856912
triangular,vertex,m,192,157,3.658023731,290.8004524
triangular,vertex,m,192,158,3.657434458,292.9247149
triangular,vertex,m,192,159,3.658043709,294.1648752
triangular,vertex,m,192,160,3.658902998,288.0289657
triangular,vertex,m,192,161,3.657993763,292.7636298
triangular,vertex,m,192,162,3.6586032,285.9688894
triangular,vertex,m,192,163,3.658643171,287.3340738
triangular,vertex,m,192,164,3.6586032,288.5261908
triangular,vertex,m,192,165,3.658493287,286.6465536
triangular,vertex,m,192,166,3.658243508,287.2156503
triangular,vertex,m,192,167,3.658183566,285.8985644
triangular,vertex,m,192,168,3.65828347,290.1711157
triangular,vertex,m,192,169,3.657883886,290.6820288
triangular,vertex,m,192,170,3.658533255,291.6375557
triangular,vertex,m,192,171,3.658533255,294.3694535
triangular,vertex,m,192,172,3.658183566,290.5987037
triangular,vertex,m,192,173,3.659272817,282.9803608
triangular,vertex,m,192,174,3.658363398,293.8704612
triangular,vertex,m,192,175,3.658503279,280.7931027
triangular,vertex,m,192,176,3.658833041,290.0210157
triangular,vertex,m,192,177,3.658673149,286.1924934
triangular,vertex,m,192,178,3.658023731,294.8296283
triangular,vertex,m,192,179,3.65845332,290.7042392
triangular,vertex,m,192,180,3.657993763,284.9994652
triangular,vertex,m,192,181,3.658173576,284.2634958
triangular,vertex,m,192,182,3.658393371,292.9659838
triangular,vertex,m,192,183,3.658673149,289.1678412
triangular,vertex,m,192,184,3.658473303,283.5758326
triangular,vertex,m,192,185,3.658083667,292.8117489
triangular,vertex,m,192,186,3.659152867,285.967642
triangular,vertex,m,192,187,3.658813054,285.4090044
triangular,vertex,m,192,188,3.657704102,292.6875117
triangular,vertex,m,192,189,3.658563231,289.7190446
triangular,vertex,m,192,190,3.658003752,295.9963334
triangular,vertex,m,192,191,3.658483295,295.0551327
triangular,vertex,m,192,192,3.658083667,290.9068791
triangular,vertex,m,192,193,3.658463312,289.1466315
triangular,vertex,m,192,194,3.65845332,286.7950121
triangular,vertex,m,192,195,3.658533255,285.8150267
triangular,vertex,m,192,196,3.658483295,294.4261966
triangular,vertex,m,192,197,3.658493287,290.1831384
triangular,vertex,m,192,198,3.659062911,288.7421467
triangular,vertex,m,192,199,3.658163586,286.9589179
triangular,vertex,m,256,0,3.653402427,479.9444636
triangular,vertex,m,256,1,3.65319319,483.7783222
triangular,vertex,m,256,2,3.653382499,484.6384036
triangular,vertex,m,256,3,3.65268514,479.8938364
triangular,vertex,m,256,4,3.652993938,479.5271108
triangular,vertex,m,256,5,3.653472179,481.7466938
triangular,vertex,m,256,6,3.652605459,480.7926429
triangular,vertex,m,256,7,3.653551898,485.4596079
triangular,vertex,m,256,8,3.653412392,482.3015009
triangular,vertex,m,256,9,3.653502073,480.1720404
triangular,vertex,m,256,10,3.652934166,482.2090654
triangular,vertex,m,256,11,3.6531633,483.2934301
triangular,vertex,m,256,12,3.653711346,480.6832997
triangular,vertex,m,256,13,3.653541933,471.9670376
triangular,vertex,m,256,14,3.652964052,476.861224
triangular,vertex,m,256,15,3.653322715,488.9460684
triangular,vertex,m,256,16,3.653342643,484.1282009
triangular,vertex,m,256,17,3.652625379,476.5507999
triangular,vertex,m,256,18,3.653681448,478.7181501
triangular,vertex,m,256,19,3.653731278,482.0264062
triangular,vertex,m,256,20,3.6531633,488.8647067
triangular,vertex,m,256,21,3.652774786,491.1263546
triangular,vertex,m,256,22,3.653641586,478.3715589
triangular,vertex,m,256,23,3.653143375,485.3660035
triangular,vertex,m,256,24,3.653462214,486.5990709
triangular,vertex,m,256,25,3.653840908,477.0890069
triangular,vertex,m,256,26,3.65343232,474.931211
triangular,vertex,m,256,27,3.653352607,476.2783162
triangular,vertex,m,256,28,3.653352607,478.3368481
triangular,vertex,m,256,29,3.653063673,489.50407
triangular,vertex,m,256,30,3.653243006,485.1005937
triangular,vertex,m,256,31,3.653362571,481.3020063
triangular,vertex,m,256,32,3.653033786,478.1688682
triangular,vertex,m,256,33,3.653362571,473.9544746
triangular,vertex,m,256,34,3.653820975,475.3155072
triangular,vertex,m,256,35,3.653591758,486.5679687
triangular,vertex,m,256,36,3.652904281,489.0198928
triangular,vertex,m,256,37,3.653950545,471.7237647
triangular,vertex,m,256,38,3.653063673,484.8759109
triangular,vertex,m,256,39,3.653352607,476.7390855
triangular,vertex,m,256,40,3.65363162,479.341293
triangular,vertex,m,256,41,3.653950545,482.75983
triangular,vertex,m,256,42,3.653482143,481.4204658
triangular,vertex,m,256,43,3.653272896,477.8355121
triangular,vertex,m,256,44,3.652934166,481.0472976
triangular,vertex,m,256,45,3.653820975,477.8783087
triangular,vertex,m,256,46,3.65281463,483.8883582
triangular,vertex,m,256,47,3.653153337,476.2504268
triangular,vertex,m,256,48,3.653691414,482.3708232
triangular,vertex,m,256,49,3.653362571,489.0171628
triangular,vertex,m,256,50,3.653531968,475.8837129
triangular,vertex,m,256,51,3.653412392,482.2681151
triangular,vertex,m,256,52,3.653183226,481.0124566
triangular,vertex,m,256,53,3.653860842,483.129545
triangular,vertex,m,256,54,3.653472179,483.8007277
triangular,vertex,m,256,55,3.653352607,481.852417
triangular,vertex,m,256,56,3.65363162,479.1897646
triangular,vertex,m,256,57,3.653781109,478.8522538
triangular,vertex,m,256,58,3.653462214,481.706664
triangular,vertex,m,256,59,3.653412392,482.833783
triangular,vertex,m,256,60,3.653302787,482.07485
triangular,vertex,m,256,61,3.653462214,482.5122995
triangular,vertex,m,256,62,3.653312751,486.2170433
triangular,vertex,m,256,63,3.653611689,482.6237762
triangular,vertex,m,256,64,3.653522003,475.6187661
triangular,vertex,m,256,65,3.653352607,478.1367089
triangular,vertex,m,256,66,3.653721312,483.6948459
triangular,vertex,m,256,67,3.653502073,483.4673978
triangular,vertex,m,256,68,3.653322715,482.3553826
triangular,vertex,m,256,69,3.654030285,476.49134
triangular,vertex,m,256,70,3.653203153,487.7735221
triangular,vertex,m,256,71,3.653621655,481.8982991
triangular,vertex,m,256,72,3.653392463,474.7227109
triangular,vertex,m,256,73,3.65370138,479.3566156
triangular,vertex,m,256,74,3.653482143,487.0788531
triangular,vertex,m,256,75,3.653522003,484.300199
triangular,vertex,m,256,76,3.653731278,481.1769433
triangular,vertex,m,256,77,3.653611689,485.6727302
triangular,vertex,m,256,78,3.653601724,477.6003218
triangular,vertex,m,256,79,3.653272896,488.5013876
triangular,vertex,m,256,80,3.653063673,474.295942
triangular,vertex,m,256,81,3.653312751,480.1078902
triangular,vertex,m,256,82,3.653741244,483.2597584
triangular,vertex,m,256,83,3.65363162,473.9037886
triangular,vertex,m,256,84,3.653531968,480.1970845
triangular,vertex,m,256,85,3.653442285,468.9628576
triangular,vertex,m,256,86,3.653053711,481.3213659
triangular,vertex,m,256,87,3.653820975,482.9050501
triangular,vertex,m,256,88,3.65363162,477.1357305
triangular,vertex,m,256,89,3.653422356,474.3659698
triangular,vertex,m,256,90,3.653462214,479.0759952
triangular,vertex,m,256,91,3.653322715,485.7763103
triangular,vertex,m,256,92,3.653302787,484.7747727
triangular,vertex,m,256,93,3.653741244,486.6911271
triangular,vertex,m,256,94,3.653143375,487.7946081
triangular,vertex,m,256,95,3.653412392,480.0644509
triangular,vertex,m,256,96,3.653571828,477.7761583
triangular,vertex,m,256,97,3.653671483,476.759181
triangular,vertex,m,256,98,3.653651551,483.7574274
triangular,vertex,m,256,99,3.653761177,480.8052166
triangular,vertex,m,256,100,3.653332679,481.2357394
triangular,vertex,m,256,101,3.653053711,477.0623842
triangular,vertex,m,256,102,3.653123449,481.8415057
triangular,vertex,m,256,103,3.653292824,478.623572
triangular,vertex,m,256,104,3.653422356,486.3246096
triangular,vertex,m,256,105,3.653482143,470.8405783
triangular,vertex,m,256,106,3.653173263,485.2995778
triangular,vertex,m,256,107,3.653771143,486.0343239
triangular,vertex,m,256,108,3.653820975,478.2159958
triangular,vertex,m,256,109,3.653661517,474.5046691
triangular,vertex,m,256,110,3.65319319,486.362802
triangular,vertex,m,256,111,3.653422356,479.0532195
triangular,vertex,m,256,112,3.653531968,477.4249445
triangular,vertex,m,256,113,3.653771143,482.027343
triangular,vertex,m,256,114,3.653711346,487.0062896
triangular,vertex,m,256,115,3.653591758,486.2991414
triangular,vertex,m,256,116,3.653412392,477.4379391
triangular,vertex,m,256,117,3.653332679,479.8801347
triangular,vertex,m,256,118,3.653561863,481.4609069
triangular,vertex,m,256,119,3.653601724,484.4920201
triangular,vertex,m,256,120,3.653023824,484.4374363
triangular,vertex,m,256,121,3.653382499,477.9905511
triangular,vertex,m,256,122,3.653342643,481.9351337
triangular,vertex,m,256,123,3.653561863,481.3450342
triangular,vertex,m,256,124,3.653452249,478.5676275
triangular,vertex,m,256,125,3.653541933,480.4799458
triangular,vertex,m,256,126,3.65295409,481.2424459
triangular,vertex,m,256,127,3.653153337,482.5553746
triangular,vertex,m,256,128,3.653382499,490.7535092
triangular,vertex,m,256,129,3.65328286,481.514753
triangular,vertex,m,256,130,3.653402427,479.687473
triangular,vertex,m,256,131,3.653292824,482.0198481
triangular,vertex,m,256,132,3.653452249,481.6906805
triangular,vertex,m,256,133,3.653581793,485.6533732
triangular,vertex,m,256,134,3.653781109,480.6194248
triangular,vertex,m,256,135,3.653452249,483.7103204
triangular,vertex,m,256,136,3.653462214,484.240573
triangular,vertex,m,256,137,3.653173263,481.1633264
triangular,vertex,m,256,138,3.653292824,482.5839923
triangular,vertex,m,256,139,3.653053711,482.414524
triangular,vertex,m,256,140,3.653452249,478.6167394
triangular,vertex,m,256,141,3.653661517,481.1860157
triangular,vertex,m,256,142,3.653422356,473.031509
triangular,vertex,m,256,143,3.653801042,471.8734636
triangular,vertex,m,256,144,3.653900709,485.756338
triangular,vertex,m,256,145,3.65375121,475.4753926
triangular,vertex,m,256,146,3.6531633,480.1663107
triangular,vertex,m,256,147,3.65343232,480.7667232
triangular,vertex,m,256,148,3.653312751,474.8338977
triangular,vertex,m,256,149,3.652974014,485.1759279
triangular,vertex,m,256,150,3.653252969,484.8029723
triangular,vertex,m,256,151,3.653601724,479.8661325
triangular,vertex,m,256,152,3.65397048,479.7330018
triangular,vertex,m,256,153,3.65410006,479.3575004
triangular,vertex,m,256,154,3.653781109,478.5540148
triangular,vertex,m,256,155,3.653302787,483.9053189
triangular,vertex,m,256,156,3.653661517,482.6315385
triangular,vertex,m,256,157,3.653312751,476.5926924
triangular,vertex,m,256,158,3.65370138,479.5834675
triangular,vertex,m,256,159,3.653621655,476.4857687
triangular,vertex,m,256,160,3.652605459,488.9335361
triangular,vertex,m,256,161,3.65343232,483.9204551
triangular,vertex,m,256,162,3.653731278,482.6074798
triangular,vertex,m,256,163,3.653581793,483.8748612
triangular,vertex,m,256,164,3.653771143,480.7275306
triangular,vertex,m,256,165,3.653581793,477.953929
triangular,vertex,m,256,166,3.653581793,489.2449055
triangular,vertex,m,256,167,3.653671483,482.7891898
triangular,vertex,m,256,168,3.653382499,481.2065661
triangular,vertex,m,256,169,3.65295409,485.366017
triangular,vertex,m,256,170,3.653442285,488.7397812
triangular,vertex,m,256,171,3.653252969,481.7768036
triangular,vertex,m,256,172,3.653372535,484.1172183
triangular,vertex,m,256,173,3.653820975,487.102536
triangular,vertex,m,256,174,3.653153337,479.0814271
triangular,vertex,m,256,175,3.653960512,480.3015909
triangular,vertex,m,256,176,3.652744903,490.4860631
triangular,vertex,m,256,177,3.653173263,484.0077124
triangular,vertex,m,256,178,3.653422356,483.0701178
triangular,vertex,m,256,179,3.653462214,471.5461343
triangular,vertex,m,256,180,3.653402427,482.3542824
triangular,vertex,m,256,181,3.653761177,480.3023014
triangular,vertex,m,256,182,3.653820975,486.084846
triangular,vertex,m,256,183,3.65281463,481.0560067
triangular,vertex,m,256,184,3.653352607,479.6388784
triangular,vertex,m,256,185,3.653531968,474.0790778
triangular,vertex,m,256,186,3.653203153,476.1290794
triangular,vertex,m,256,187,3.653233043,480.5320696
triangular,vertex,m,256,188,3.653233043,485.9297206
triangular,vertex,m,256,189,3.653651551,479.5664057
triangular,vertex,m,384,0,3.64970603,975.3585088
triangular,vertex,m,384,1,3.649307225,979.6181989
triangular,vertex,m,384,2,3.649536527,970.7794526
triangular,vertex,m,384,3,3.649716001,976.8979469
triangular,vertex,m,384,4,3.649636233,976.9259801
triangular,vertex,m,384,5,3.649337132,961.6559115
triangular,vertex,m,384,6,3.64992541,946.3666473
triangular,vertex,m,384,7,3.649646204,964.7461236
triangular,vertex,m,384,8,3.649805745,968.0035053
triangular,vertex,m,384,9,3.649237443,958.9884713
triangular,vertex,m,384,10,3.649795773,968.8380356
triangular,vertex,m,384,11,3.649426857,986.0548352
triangular,vertex,m,384,12,3.649646204,971.151664
triangular,vertex,m,384,13,3.64925738,980.5856977
triangular,vertex,m,384,14,3.649885521,954.2156057
triangular,vertex,m,384,15,3.649616291,964.4599731
triangular,vertex,m,384,16,3.649347102,965.8576051
triangular,vertex,m,384,17,3.649765859,964.2753302
triangular,vertex,m,384,18,3.649087919,992.8896986
triangular,vertex,m,384,19,3.649307225,986.0048527
triangular,vertex,m,384,20,3.649137759,968.4069713
triangular,vertex,m,384,21,3.649506617,964.8970745
triangular,vertex,m,384,22,3.648988244,962.8922381
triangular,vertex,m,384,23,3.64937701,967.1297181
triangular,vertex,m,384,24,3.649795773,967.8710324
triangular,vertex,m,384,25,3.649436827,984.884761
triangular,vertex,m,384,26,3.649526557,963.8676815
triangular,vertex,m,384,27,3.649237443,963.0095616
triangular,vertex,m,384,28,3.649666146,981.8692025
triangular,vertex,m,384,29,3.649745916,960.2897686
triangular,vertex,m,384,30,3.649636233,973.948902
triangular,vertex,m,384,31,3.649516587,983.2142278
triangular,vertex,m,384,32,3.649546498,974.2664706
triangular,vertex,m,384,33,3.6491876,977.4268248
triangular,vertex,m,384,34,3.649157695,975.7891162
triangular,vertex,m,384,35,3.649566438,966.9354272
triangular,vertex,m,384,36,3.649406918,984.2621927
triangular,vertex,m,384,37,3.649975273,941.3253288
triangular,vertex,m,384,38,3.64977583,966.8598981
triangular,vertex,m,384,39,3.649995219,963.9090434
triangular,vertex,m,384,40,3.649725973,974.5617557
triangular,vertex,m,384,41,3.649446797,969.9367542
triangular,vertex,m,384,42,3.649646204,967.7270819
triangular,vertex,m,384,43,3.649386979,960.062724
triangular,vertex,m,384,44,3.6491876,988.9621032
triangular,vertex,m,384,45,3.649297256,969.2734225
triangular,vertex,m,384,46,3.649735944,957.0727419
triangular,vertex,m,384,47,3.64937701,970.3227533
triangular,vertex,m,384,48,3.649446797,975.7826205
triangular,vertex,m,384,49,3.649167664,980.951063
triangular,vertex,m,384,50,3.649556468,970.1729005
triangular,vertex,m,384,51,3.649436827,981.1688495
triangular,vertex,m,384,52,3.649317194,984.2372981
triangular,vertex,m,384,53,3.649626262,965.5378822
triangular,vertex,m,384,54,3.649875549,971.1230464
triangular,vertex,m,384,55,3.649526557,972.6200239
triangular,vertex,m,384,56,3.649526557,984.0957628
triangular,vertex,m,384,57,3.649386979,992.1886758
triangular,vertex,m,384,58,3.649676117,975.1657744
triangular,vertex,m,384,59,3.649127791,975.0000005
triangular,vertex,m,384,60,3.649516587,979.8985237
triangular,vertex,m,384,61,3.649526557,982.0712583
triangular,vertex,m,384,62,3.649456767,982.8882869
triangular,vertex,m,384,63,3.649656175,986.7437406
triangular,vertex,m,384,64,3.649297256,983.2233168
triangular,vertex,m,384,65,3.649067984,989.9432731
triangular,vertex,m,384,66,3.649656175,961.2727007
triangular,vertex,m,384,67,3.649516587,972.2396606
triangular,vertex,m,384,68,3.649327163,982.3818772
triangular,vertex,m,384,69,3.649227474,984.7379542
triangular,vertex,m,384,70,3.649536527,971.6189006
triangular,vertex,m,384,71,3.649456767,979.7104329
triangular,vertex,m,384,72,3.649815717,977.317965
triangular,vertex,m,384,73,3.649755887,964.0134039
triangular,vertex,m,384,74,3.649476707,970.9068232
triangular,vertex,m,384,75,3.649686088,956.2499089
triangular,vertex,m,384,76,3.649666146,953.2210862
triangular,vertex,m,384,77,3.649466737,966.6400376
triangular,vertex,m,384,78,3.64959635,982.820125
triangular,vertex,m,384,79,3.649277318,967.3672145
triangular,vertex,m,384,80,3.649945355,961.0507317
triangular,vertex,m,384,81,3.649486677,956.8967732
triangular,vertex,m,384,82,3.649606321,977.614939
triangular,vertex,m,384,83,3.649038081,974.7619959
triangular,vertex,m,384,84,3.649576409,975.1492533
triangular,vertex,m,384,85,3.649077951,985.8741516
triangular,vertex,m,384,86,3.649686088,968.183125
triangular,vertex,m,384,87,3.649566438,976.2104602
triangular,vertex,m,384,88,3.649636233,982.999643
triangular,vertex,m,384,89,3.649386979,975.2599364
triangular,vertex,m,384,90,3.649686088,950.9223846
triangular,vertex,m,384,91,3.649556468,968.1233627
triangular,vertex,m,384,92,3.649476707,974.1678812
triangular,vertex,m,384,93,3.649287287,986.102947
triangular,vertex,m,384,94,3.649416888,1002.843435
triangular,vertex,m,384,95,3.649456767,978.9679944
triangular,vertex,m,384,96,3.649077951,951.2760269
triangular,vertex,m,384,97,3.648848707,976.1342264
triangular,vertex,m,384,98,3.649536527,974.1292004
triangular,vertex,m,384,99,3.649277318,1009.75522
triangular,vertex,m,384,100,3.649317194,960.7189736
triangular,vertex,m,384,101,3.649536527,965.5694001
triangular,vertex,m,384,102,3.649666146,985.5158494
triangular,vertex,m,384,103,3.649536527,956.6002982
triangular,vertex,m,384,104,3.649865577,966.4720513
triangular,vertex,m,384,105,3.64970603,963.9524217
triangular,vertex,m,384,106,3.649526557,989.169216
triangular,vertex,m,384,107,3.649516587,967.0502024
triangular,vertex,m,384,108,3.649386979,972.9689508
triangular,vertex,m,384,109,3.649247412,997.1254742
triangular,vertex,m,384,110,3.649955328,968.2405705
triangular,vertex,m,384,111,3.649606321,977.6186498
triangular,vertex,m,384,112,3.649805745,965.5395244
triangular,vertex,m,384,113,3.649735944,982.7674711
triangular,vertex,m,384,114,3.649446797,963.1715867
triangular,vertex,m,384,115,3.648988244,979.6031779
triangular,vertex,m,384,116,3.64959635,983.8070503
triangular,vertex,m,384,117,3.650005191,966.4210171
triangular,vertex,m,384,118,3.649277318,967.6753366
triangular,vertex,m,384,119,3.649626262,949.8877924
triangular,vertex,m,384,120,3.649576409,986.2325754
triangular,vertex,m,384,121,3.649725973,980.6059947
triangular,vertex,m,384,122,3.649626262,970.7067403
triangular,vertex,m,384,123,3.649347102,986.6043279
triangular,vertex,m,384,124,3.649586379,979.2564427
triangular,vertex,m,384,125,3.649127791,976.3530405
triangular,vertex,m,384,126,3.64925738,978.3615367
triangular,vertex,m,384,127,3.649227474,997.2199585
triangular,vertex,m,384,128,3.649745916,955.8973883
triangular,vertex,m,384,129,3.650134843,965.9151335
triangular,vertex,m,384,130,3.6499653,975.6947519
triangular,vertex,m,384,131,3.649167664,986.5998443
triangular,vertex,m,384,132,3.649426857,972.8008534
triangular,vertex,m,384,133,3.649446797,988.1534516
triangular,vertex,m,384,134,3.649626262,974.3688602
triangular,vertex,m,384,135,3.649267349,992.0094912
triangular,vertex,m,384,136,3.649127791,982.1457357
triangular,vertex,m,384,137,3.649267349,986.5490979
triangular,vertex,m,384,138,3.649416888,964.1616162
triangular,vertex,m,384,139,3.649386979,976.1638545
triangular,vertex,m,384,140,3.650015164,960.4334822
triangular,vertex,m,384,141,3.649676117,941.4495281
triangular,vertex,m,384,142,3.649396949,970.0897322
triangular,vertex,m,384,143,3.649646204,974.7392537
triangular,vertex,m,384,144,3.649526557,966.3838766
triangular,vertex,m,384,145,3.649137759,951.3690393
triangular,vertex,m,384,146,3.649845633,973.3735986
triangular,vertex,m,384,147,3.649466737,985.0681102
triangular,vertex,m,384,148,3.649785802,960.839397
triangular,vertex,m,384,149,3.64936704,976.3835407
triangular,vertex,m,384,150,3.649845633,978.0673423
triangular,vertex,m,384,151,3.650134843,967.5334298
triangular,vertex,m,384,152,3.649237443,993.7366224
triangular,vertex,m,384,153,3.649636233,965.391984
triangular,vertex,m,384,154,3.649735944,964.9365702
triangular,vertex,m,384,155,3.649157695,973.0468655
triangular,vertex,m,384,156,3.649147727,987.166758
triangular,vertex,m,384,157,3.649018146,969.6948144
triangular,vertex,m,384,158,3.649008178,969.3052823
triangular,vertex,m,384,159,3.649426857,973.1247865
triangular,vertex,m,384,160,3.64959635,982.2072775
triangular,vertex,m,384,161,3.649207537,985.3570814
triangular,vertex,m,384,162,3.649297256,978.3354141
triangular,vertex,m,384,163,3.649626262,958.6860094
triangular,vertex,m,384,164,3.649546498,957.7220786
triangular,vertex,m,384,165,3.649496647,968.5526835
triangular,vertex,m,384,166,3.649157695,981.9313402
triangular,vertex,m,384,167,3.649486677,956.9737928
triangular,vertex,m,384,168,3.649516587,960.8892174
triangular,vertex,m,384,169,3.64936704,977.4868397
triangular,vertex,m,384,170,3.649317194,971.6757586
triangular,vertex,m,384,171,3.649207537,985.1656957
triangular,vertex,m,384,172,3.649556468,972.6542269
triangular,vertex,m,384,173,3.649536527,977.6206139
triangular,vertex,m,384,174,3.649516587,1000.235728
triangular,vertex,m,384,175,3.649536527,984.3027402
triangular,vertex,m,384,176,3.649576409,962.5495637
triangular,vertex,m,384,177,3.649526557,964.653952
triangular,vertex,m,384,178,3.649875549,980.0274418
triangular,vertex,m,384,179,3.649496647,967.5352079
triangular,vertex,m,384,180,3.649765859,983.7809725
triangular,vertex,m,384,181,3.649436827,970.9545949
triangular,vertex,m,384,182,3.649307225,996.5359072
triangular,vertex,m,384,183,3.649406918,971.8756115
triangular,vertex,m,384,184,3.649895493,979.6111697
triangular,vertex,m,384,185,3.649805745,968.5644418
triangular,vertex,m,384,186,3.649167664,981.3498884
triangular,vertex,m,384,187,3.649496647,960.4659061
triangular,vertex,m,384,188,3.649516587,946.9429032
triangular,vertex,m,384,189,3.649556468,968.622423
triangular,vertex,m,384,190,3.649147727,980.6667032
triangular,vertex,m,384,191,3.650114896,951.4707852
triangular,vertex,m,384,192,3.649327163,978.558011
triangular,vertex,m,384,193,3.649486677,951.7680609
triangular,vertex,m,384,194,3.649357071,993.2894002
triangular,vertex,m,384,195,3.649426857,997.9484806
triangular,vertex,m,384,196,3.649416888,982.3535751
triangular,vertex,m,384,197,3.649725973,981.007096
triangular,vertex,m,384,198,3.649716001,970.1547444
triangular,vertex,m,384,199,3.649496647,989.745496
triangular,vertex,m,512,0,3.64779392,1581.194756
triangular,vertex,m,512,1,3.648133544,1640.382455
triangular,vertex,m,512,2,3.647843861,1634.301929
triangular,vertex,m,512,3,3.647743981,1626.643359
triangular,vertex,m,512,4,3.647534251,1683.067333
triangular,vertex,m,512,5,3.647813896,1579.901537
triangular,vertex,m,512,6,3.64800368,1596.792732
triangular,vertex,m,512,7,3.648083595,1600.05579
triangular,vertex,m,512,8,3.647604158,1635.180285
triangular,vertex,m,512,9,3.648363325,1630.785194
triangular,vertex,m,512,10,3.647903792,1636.473949
triangular,vertex,m,512,11,3.647803908,1667.468406
triangular,vertex,m,512,12,3.648023659,1609.977915
triangular,vertex,m,512,13,3.647923769,1670.205301
triangular,vertex,m,512,14,3.647434388,1620.898747
triangular,vertex,m,512,15,3.647953735,1603.762323
triangular,vertex,m,512,16,3.647903792,1619.173613
triangular,vertex,m,512,17,3.648333352,1627.669837
triangular,vertex,m,512,18,3.647803908,1607.894941
triangular,vertex,m,512,19,3.647833873,1626.124549
triangular,vertex,m,512,20,3.647943746,1636.368997
triangular,vertex,m,512,21,3.647893803,1583.454392
triangular,vertex,m,512,22,3.647953735,1627.910355
triangular,vertex,m,512,23,3.647963724,1607.018313
triangular,vertex,m,512,24,3.647694043,1610.497903
triangular,vertex,m,512,25,3.648093585,1609.138889
triangular,vertex,m,512,26,3.64779392,1596.817272
triangular,vertex,m,512,27,3.648143534,1600.839199
triangular,vertex,m,512,28,3.647704031,1610.67457
triangular,vertex,m,512,29,3.647694043,1622.835102
triangular,vertex,m,512,30,3.647783932,1609.345326
triangular,vertex,m,512,31,3.647724006,1613.033284
triangular,vertex,m,512,32,3.648343343,1622.785912
triangular,vertex,m,512,33,3.647883814,1633.994093
triangular,vertex,m,512,34,3.647953735,1649.216113
triangular,vertex,m,512,35,3.648053627,1626.966831
triangular,vertex,m,512,36,3.647883814,1599.733827
triangular,vertex,m,512,37,3.648033648,1611.544842
triangular,vertex,m,512,38,3.647963724,1628.10088
triangular,vertex,m,512,39,3.648013669,1612.028805
triangular,vertex,m,512,40,3.647963724,1594.682824
triangular,vertex,m,512,41,3.648153523,1612.347616
triangular,vertex,m,512,42,3.647574198,1661.789923
triangular,vertex,m,512,43,3.647973713,1585.80512
triangular,vertex,m,512,44,3.648053627,1609.374418
triangular,vertex,m,512,45,3.647714018,1626.16327
triangular,vertex,m,512,46,3.647594171,1623.025826
triangular,vertex,m,512,47,3.647684056,1590.329607
triangular,vertex,m,512,48,3.647813896,1562.504157
triangular,vertex,m,512,49,3.648113564,1646.064271
triangular,vertex,m,512,50,3.647833873,1632.530304
triangular,vertex,m,512,51,3.647803908,1666.60626
triangular,vertex,m,512,52,3.648063616,1597.542316
triangular,vertex,m,512,53,3.647883814,1610.29143
triangular,vertex,m,512,54,3.647893803,1569.252764
triangular,vertex,m,512,55,3.647773944,1585.594509
triangular,vertex,m,512,56,3.647644107,1637.783346
triangular,vertex,m,512,57,3.647843861,1649.452025
triangular,vertex,m,512,58,3.647933758,1644.05096
triangular,vertex,m,512,59,3.647594171,1633.393592
triangular,vertex,m,512,60,3.647674068,1605.237228
triangular,vertex,m,512,61,3.64791378,1615.611478
triangular,vertex,m,512,62,3.647664081,1634.215403
triangular,vertex,m,512,63,3.648013669,1632.705678
triangular,vertex,m,512,64,3.647883814,1606.848244
triangular,vertex,m,512,65,3.647783932,1640.572248
triangular,vertex,m,512,66,3.647863838,1663.991399
triangular,vertex,m,512,67,3.647564211,1637.561126
triangular,vertex,m,512,68,3.647933758,1651.797182
triangular,vertex,m,512,69,3.647773944,1633.749518
triangular,vertex,m,512,70,3.648073606,1597.401941
triangular,vertex,m,512,71,3.647743981,1634.887204
triangular,vertex,m,512,72,3.648053627,1611.224403
triangular,vertex,m,512,73,3.648113564,1619.136254
triangular,vertex,m,512,74,3.647753969,1632.772905
triangular,vertex,m,512,75,3.648083595,1652.99159
triangular,vertex,m,512,76,3.647694043,1626.797496
triangular,vertex,m,512,77,3.647694043,1630.088233
triangular,vertex,m,512,78,3.647963724,1607.230033
triangular,vertex,m,512,79,3.648053627,1630.728042
triangular,vertex,m,512,80,3.64800368,1617.581245
triangular,vertex,m,512,81,3.647993691,1611.099765
triangular,vertex,m,512,82,3.648183494,1602.842885
triangular,vertex,m,512,83,3.64791378,1593.350025
triangular,vertex,m,512,84,3.647763957,1605.395887
triangular,vertex,m,512,85,3.647684056,1685.300134
triangular,vertex,m,512,86,3.64800368,1627.43015
triangular,vertex,m,512,87,3.647783932,1595.59748
triangular,vertex,m,512,88,3.647843861,1595.594041
triangular,vertex,m,512,89,3.647704031,1651.063362
triangular,vertex,m,512,90,3.64800368,1618.537222
triangular,vertex,m,512,91,3.647714018,1645.283324
triangular,vertex,m,512,92,3.647733993,1662.726877
triangular,vertex,m,512,93,3.648033648,1630.018769
triangular,vertex,m,512,94,3.647743981,1601.21621
triangular,vertex,m,512,95,3.647534251,1604.425365
triangular,vertex,m,512,96,3.647783932,1602.446042
triangular,vertex,m,512,97,3.648623112,1602.548087
triangular,vertex,m,512,98,3.647893803,1644.295114
triangular,vertex,m,512,99,3.64779392,1595.798984
triangular,vertex,m,512,100,3.647614145,1621.450269
triangular,vertex,m,512,101,3.648083595,1636.594588
triangular,vertex,m,512,102,3.647873826,1627.281643
triangular,vertex,m,512,103,3.647484319,1638.833852
triangular,vertex,m,512,104,3.647733993,1630.623898
triangular,vertex,m,512,105,3.64779392,1609.333208
triangular,vertex,m,512,106,3.647993691,1633.205102
triangular,vertex,m,512,107,3.648073606,1626.323506
triangular,vertex,m,512,108,3.647783932,1648.892811
triangular,vertex,m,512,109,3.648333352,1654.855784
triangular,vertex,m,512,110,3.647843861,1577.753328
triangular,vertex,m,512,111,3.647644107,1617.29119
triangular,vertex,m,512,112,3.647773944,1603.147052
triangular,vertex,m,512,113,3.647933758,1641.313159
triangular,vertex,m,512,114,3.647783932,1655.237
triangular,vertex,m,512,115,3.647514278,1623.052297
triangular,vertex,m,512,116,3.647823885,1652.356009
triangular,vertex,m,512,117,3.647883814,1620.776348
triangular,vertex,m,512,118,3.647584185,1650.924966
triangular,vertex,m,512,119,3.647853849,1607.769453
triangular,vertex,m,512,120,3.64791378,1620.882741
triangular,vertex,m,512,121,3.647813896,1630.583462
triangular,vertex,m,512,122,3.648413281,1596.226202
triangular,vertex,m,512,123,3.648443255,1639.699404
triangular,vertex,m,512,124,3.648113564,1606.73282
triangular,vertex,m,512,125,3.647843861,1615.32311
triangular,vertex,m,512,126,3.647654094,1643.319844
triangular,vertex,m,512,127,3.647823885,1625.799742
triangular,vertex,m,512,128,3.647923769,1646.388812
triangular,vertex,m,512,129,3.648053627,1643.349623
triangular,vertex,m,512,130,3.648273407,1597.94615
triangular,vertex,m,512,131,3.647534251,1614.735878
triangular,vertex,m,512,132,3.647923769,1602.020005
triangular,vertex,m,512,133,3.647554224,1640.046425
triangular,vertex,m,512,134,3.648053627,1616.255331
triangular,vertex,m,512,135,3.647803908,1659.497201
triangular,vertex,m,512,136,3.648023659,1594.784088
triangular,vertex,m,512,137,3.647684056,1579.852734
triangular,vertex,m,512,138,3.64779392,1595.028351
triangular,vertex,m,512,139,3.647943746,1643.337859
triangular,vertex,m,512,140,3.647993691,1614.501957
triangular,vertex,m,512,141,3.647783932,1571.392337
triangular,vertex,m,512,142,3.647843861,1606.874483
triangular,vertex,m,512,143,3.647953735,1604.617388
triangular,vertex,m,512,144,3.647993691,1593.790438
triangular,vertex,m,512,145,3.648103574,1608.240904
triangular,vertex,m,512,146,3.648093585,1657.203433
triangular,vertex,m,512,147,3.648033648,1641.643467
triangular,vertex,m,512,148,3.647803908,1608.910532
triangular,vertex,m,512,149,3.647374473,1627.412469
triangular,vertex,m,512,150,3.647654094,1631.756086
triangular,vertex,m,512,151,3.647753969,1631.652888
triangular,vertex,m,512,152,3.647803908,1629.503891
triangular,vertex,m,512,153,3.648023659,1632.685684
triangular,vertex,m,512,154,3.648013669,1657.873777
triangular,vertex,m,512,155,3.647534251,1572.374802
triangular,vertex,m,512,156,3.648073606,1632.804383
triangular,vertex,m,512,157,3.647674068,1659.840115
triangular,vertex,m,512,158,3.64779392,1645.189624
triangular,vertex,m,512,159,3.64731456,1594.920652
triangular,vertex,m,512,160,3.647983702,1613.483633
triangular,vertex,m,512,161,3.647803908,1626.927145
triangular,vertex,m,512,162,3.647803908,1599.515924
triangular,vertex,m,512,163,3.647933758,1623.753295
triangular,vertex,m,512,164,3.647813896,1607.371112
triangular,vertex,m,512,165,3.648023659,1610.979336
triangular,vertex,m,512,166,3.648143534,1582.538582
triangular,vertex,m,512,167,3.647714018,1651.033015
triangular,vertex,m,512,168,3.647763957,1619.699258
triangular,vertex,m,512,169,3.648093585,1608.637907
triangular,vertex,m,512,170,3.647853849,1638.449933
triangular,vertex,m,512,171,3.648043637,1631.227378
triangular,vertex,m,512,172,3.647584185,1630.766177
triangular,vertex,m,512,173,3.647833873,1618.588815
triangular,vertex,m,512,174,3.648153523,1640.081343
triangular,vertex,m,512,175,3.647853849,1623.188228
triangular,vertex,m,512,176,3.648503206,1631.773177
triangular,vertex,m,512,177,3.647654094,1635.966424
triangular,vertex,m,512,178,3.647733993,1632.036853
triangular,vertex,m,512,179,3.647434388,1623.648905
triangular,vertex,m,512,180,3.647664081,1633.94308
triangular,vertex,m,512,181,3.647394444,1669.983198
triangular,vertex,m,512,182,3.648183494,1607.931295
triangular,vertex,m,512,183,3.647743981,1635.792079
triangular,vertex,m,512,184,3.647973713,1626.879267
triangular,vertex,m,512,185,3.648163513,1635.35159
triangular,vertex,m,512,186,3.648273407,1623.074069
triangular,vertex,m,512,187,3.648073606,1639.270916
triangular,vertex,m,512,188,3.647903792,1605.849946
triangular,vertex,m,512,189,3.647813896,1595.098881
triangular,vertex,m,512,190,3.647853849,1597.030502
triangular,vertex,m,512,191,3.648073606,1591.339726
triangular,vertex,m,512,192,3.647853849,1628.572846
triangular,vertex,m,512,193,3.647574198,1640.771558
triangular,vertex,m,512,194,3.648023659,1591.365801
triangular,vertex,m,512,195,3.648123554,1612.15284
triangular,vertex,m,512,196,3.647823885,1601.018224
triangular,vertex,m,512,197,3.647724006,1645.022153
triangular,vertex,m,512,198,3.648183494,1593.841002
triangular,vertex,m,512,199,3.647983702,1629.759517
triangular,vertex,m,768,0,3.645218838,3340.1553
triangular,vertex,m,768,1,3.645757508,3328.435828
triangular,vertex,m,768,2,3.645707624,3232.818135
triangular,vertex,m,768,3,3.645727577,3321.148348
triangular,vertex,m,768,4,3.645727577,3403.853368
triangular,vertex,m,768,5,3.645707624,3403.79647
triangular,vertex,m,768,6,3.645627813,3389.187326
triangular,vertex,m,768,7,3.64563779,3390.985658
triangular,vertex,m,768,8,3.645827347,3306.300843
triangular,vertex,m,768,9,3.64553803,3327.016841
triangular,vertex,m,768,10,3.645518079,3335.611555
triangular,vertex,m,768,11,3.64581737,3358.665489
triangular,vertex,m,768,12,3.64553803,3475.081858
triangular,vertex,m,768,13,3.645847302,3349.477059
triangular,vertex,m,768,14,3.645268708,3325.285849
triangular,vertex,m,768,15,3.645448252,3301.042031
triangular,vertex,m,768,16,3.645358478,3332.771702
triangular,vertex,m,768,17,3.64563779,3377.468791
triangular,vertex,m,768,18,3.645528055,3259.488107
triangular,vertex,m,768,19,3.645747531,3388.472637
triangular,vertex,m,768,20,3.645747531,3408.860519
triangular,vertex,m,768,21,3.645667718,3305.435509
triangular,vertex,m,768,22,3.645667718,3331.41441
triangular,vertex,m,768,23,3.645627813,3284.022469
triangular,vertex,m,768,24,3.645717601,3255.72186
triangular,vertex,m,768,25,3.645737554,3383.790716
triangular,vertex,m,768,26,3.645677695,3283.97288
triangular,vertex,m,768,27,3.645458227,3381.356565
triangular,vertex,m,768,28,3.645338529,3367.522951
triangular,vertex,m,768,29,3.64553803,3466.250972
triangular,vertex,m,768,30,3.645757508,3308.884506
triangular,vertex,m,768,31,3.646036881,3268.902932
triangular,vertex,m,768,32,3.645647766,3384.002189
triangular,vertex,m,768,33,3.645308605,3273.776539
triangular,vertex,m,768,34,3.645378427,3293.070363
triangular,vertex,m,768,35,3.645857279,3343.94737
triangular,vertex,m,768,36,3.64563779,3365.975565
triangular,vertex,m,768,37,3.645597885,3392.269279
triangular,vertex,m,768,38,3.645567958,3464.61593
triangular,vertex,m,768,39,3.645727577,3345.342517
triangular,vertex,m,768,40,3.645577933,3309.681069
triangular,vertex,m,768,41,3.645548006,3337.30824
triangular,vertex,m,768,42,3.645687671,3403.086197
triangular,vertex,m,768,43,3.645567958,3394.492063
triangular,vertex,m,768,44,3.645677695,3315.256507
triangular,vertex,m,768,45,3.645857279,3289.518372
triangular,vertex,m,768,46,3.645508104,3403.022672
triangular,vertex,m,768,47,3.645398377,3293.677612
triangular,vertex,m,768,48,3.645727577,3414.511402
triangular,vertex,m,768,49,3.645677695,3485.716389
triangular,vertex,m,768,50,3.645448252,3424.982388
triangular,vertex,m,768,51,3.645767485,3364.894703
triangular,vertex,m,768,52,3.645767485,3303.865625
triangular,vertex,m,768,53,3.64531858,3306.895509
triangular,vertex,m,768,54,3.645587909,3372.208068
triangular,vertex,m,768,55,3.64553803,3337.179686
triangular,vertex,m,768,56,3.645697648,3303.259835
triangular,vertex,m,768,57,3.645707624,3374.180581
triangular,vertex,m,768,58,3.645647766,3392.328901
triangular,vertex,m,768,59,3.645717601,3350.846614
triangular,vertex,m,768,60,3.645767485,3374.450861
triangular,vertex,m,768,61,3.645767485,3330.560045
triangular,vertex,m,768,62,3.645667718,3437.363353
triangular,vertex,m,768,63,3.645567958,3356.175422
triangular,vertex,m,768,64,3.645647766,3318.055245
triangular,vertex,m,768,65,3.645557982,3304.635345
triangular,vertex,m,768,66,3.645777462,3323.009848
triangular,vertex,m,768,67,3.645458227,3350.291878
triangular,vertex,m,768,68,3.645548006,3275.549794
triangular,vertex,m,768,69,3.645518079,3393.823869
triangular,vertex,m,768,70,3.645398377,3336.063083
triangular,vertex,m,768,71,3.645787439,3335.165737
triangular,vertex,m,768,72,3.645767485,3314.280167
triangular,vertex,m,768,73,3.645508104,3374.095854
triangular,vertex,m,768,74,3.645837324,3349.777792
triangular,vertex,m,768,75,3.645518079,3363.616354
triangular,vertex,m,768,76,3.645388402,3316.071882
triangular,vertex,m,768,77,3.645607861,3343.86195
triangular,vertex,m,768,78,3.645458227,3339.176699
triangular,vertex,m,768,79,3.645697648,3353.795827
triangular,vertex,m,768,80,3.645707624,3395.38833
triangular,vertex,m,768,81,3.645777462,3436.756659
triangular,vertex,m,768,82,3.645727577,3435.29296
triangular,vertex,m,768,83,3.645358478,3434.279675
triangular,vertex,m,768,84,3.645607861,3351.451378
triangular,vertex,m,768,85,3.645298631,3431.543642
triangular,vertex,m,768,86,3.645737554,3356.555023
triangular,vertex,m,768,87,3.645218838,3467.428857
triangular,vertex,m,768,88,3.645508104,3284.65983
triangular,vertex,m,768,89,3.645278682,3222.772118
triangular,vertex,m,768,90,3.645528055,3406.394679
triangular,vertex,m,768,91,3.645697648,3272.190366
triangular,vertex,m,768,92,3.645478178,3387.189449
triangular,vertex,m,768,93,3.645717601,3241.603018
triangular,vertex,m,768,94,3.645677695,3378.657992
triangular,vertex,m,768,95,3.645238786,3413.992701
triangular,vertex,m,768,96,3.645727577,3331.936743
triangular,vertex,m,768,97,3.645927122,3334.237077
triangular,vertex,m,768,98,3.64563779,3330.677198
triangular,vertex,m,768,99,3.645947078,3388.693622
triangular,vertex,m,768,100,3.645488153,3306.806824
triangular,vertex,m,768,101,3.645368452,3311.541308
triangular,vertex,m,768,102,3.645408352,3427.132476
triangular,vertex,m,768,103,3.645717601,3403.170958
triangular,vertex,m,768,104,3.645428302,3283.626594
triangular,vertex,m,768,105,3.64553803,3405.676873
triangular,vertex,m,768,106,3.645667718,3348.133487
triangular,vertex,m,768,107,3.645398377,3407.735195
triangular,vertex,m,768,108,3.645358478,3275.688759
triangular,vertex,m,768,109,3.645617837,3376.686071
triangular,vertex,m,768,110,3.645707624,3259.344765
triangular,vertex,m,768,111,3.645617837,3436.453658
triangular,vertex,m,768,112,3.645957056,3313.360345
triangular,vertex,m,768,113,3.645717601,3409.99475
triangular,vertex,m,768,114,3.645777462,3358.90629
triangular,vertex,m,768,115,3.645837324,3380.900527
triangular,vertex,m,768,116,3.645847302,3246.393472
triangular,vertex,m,768,117,3.645518079,3297.811817
triangular,vertex,m,768,118,3.645508104,3425.667313
triangular,vertex,m,768,119,3.645657742,3416.731394
triangular,vertex,m,768,120,3.645877234,3265.712369
triangular,vertex,m,768,121,3.645747531,3352.35484
triangular,vertex,m,768,122,3.645627813,3409.799044
triangular,vertex,m,768,123,3.645498128,3280.974306
triangular,vertex,m,768,124,3.645787439,3436.332433
triangular,vertex,m,768,125,3.645727577,3319.281878
triangular,vertex,m,768,126,3.645847302,3399.171647
triangular,vertex,m,768,127,3.64563779,3349.946946
triangular,vertex,m,768,128,3.645827347,3292.118537
triangular,vertex,m,768,129,3.645867256,3277.742411
triangular,vertex,m,768,130,3.645617837,3315.698074
triangular,vertex,m,768,131,3.645338529,3392.78015
triangular,vertex,m,768,132,3.645807393,3303.908798
triangular,vertex,m,768,133,3.645737554,3306.840852
triangular,vertex,m,768,134,3.645807393,3391.686668
triangular,vertex,m,768,135,3.645577933,3378.026592
triangular,vertex,m,768,136,3.645508104,3336.403627
triangular,vertex,m,768,137,3.645358478,3322.430972
triangular,vertex,m,768,138,3.645667718,3357.087707
triangular,vertex,m,768,139,3.64563779,3357.813449
triangular,vertex,m,768,140,3.645727577,3285.12872
triangular,vertex,m,768,141,3.645398377,3368.205952
triangular,vertex,m,768,142,3.646046859,3294.035778
triangular,vertex,m,768,143,3.645717601,3232.027954
triangular,vertex,m,768,144,3.645907167,3355.008479
triangular,vertex,m,768,145,3.645607861,3319.19462
triangular,vertex,m,768,146,3.645767485,3305.03861
triangular,vertex,m,768,147,3.645777462,3271.450349
triangular,vertex,m,768,148,3.645548006,3322.266216
triangular,vertex,m,768,149,3.645428302,3357.962976
triangular,vertex,m,768,150,3.645657742,3315.358129
triangular,vertex,m,768,151,3.646046859,3313.601225
triangular,vertex,m,768,152,3.645528055,3327.848805
triangular,vertex,m,768,153,3.645518079,3351.878346
triangular,vertex,m,768,154,3.645907167,3244.557351
triangular,vertex,m,768,155,3.645557982,3377.660342
triangular,vertex,m,768,156,3.645687671,3367.748479
triangular,vertex,m,768,157,3.645398377,3403.334176
triangular,vertex,m,768,158,3.645697648,3343.907459
triangular,vertex,m,768,159,3.645707624,3357.660052
triangular,vertex,m,768,160,3.645518079,3337.404428
triangular,vertex,m,768,161,3.645168969,3427.848126
triangular,vertex,m,768,162,3.645548006,3323.287849
triangular,vertex,m,768,163,3.645917144,3415.411313
triangular,vertex,m,768,164,3.645627813,3321.105911
triangular,vertex,m,768,165,3.645328554,3464.923447
triangular,vertex,m,768,166,3.645697648,3319.403173
triangular,vertex,m,768,167,3.645777462,3203.423564
triangular,vertex,m,768,168,3.645797416,3319.497769
triangular,vertex,m,768,169,3.645717601,3368.886125
triangular,vertex,m,768,170,3.645707624,3396.196395
triangular,vertex,m,768,171,3.646196542,3312.610673
triangular,vertex,m,768,172,3.645887211,3244.83734
triangular,vertex,m,768,173,3.645887211,3316.690413
triangular,vertex,m,768,174,3.645468202,3319.105774
triangular,vertex,m,768,175,3.645887211,3435.739047
triangular,vertex,m,768,176,3.645777462,3479.746016
triangular,vertex,m,768,177,3.645787439,3403.123805
triangular,vertex,m,768,178,3.645687671,3274.493886
triangular,vertex,m,768,179,3.645727577,3337.932296
triangular,vertex,m,768,180,3.645657742,3362.76711
triangular,vertex,m,768,181,3.645687671,3330.81796
triangular,vertex,m,768,182,3.645398377,3353.484568
triangular,vertex,m,768,183,3.645548006,3417.305977
triangular,vertex,m,768,184,3.645797416,3337.089572
triangular,vertex,m,768,185,3.645448252,3276.744264
triangular,vertex,m,768,186,3.645378427,3275.87264
triangular,vertex,m,768,187,3.645338529,3385.685176
triangular,vertex,m,768,188,3.64553803,3368.321542
triangular,vertex,m,768,189,3.645508104,3324.229233
triangular,vertex,m,768,190,3.645607861,3341.032049
triangular,vertex,m,768,191,3.645727577,3240.484441
triangular,vertex,m,768,192,3.645528055,3345.7746
triangular,vertex,m,768,193,3.645398377,3381.15587
triangular,vertex,m,768,194,3.645388402,3201.876709
triangular,vertex,m,768,195,3.645847302,3369.414499
triangular,vertex,m,768,196,3.645827347,3349.63118
triangular,vertex,m,768,197,3.645677695,3372.246015
triangular,vertex,m,768,198,3.645737554,3401.768818
triangular,vertex,m,768,199,3.645777462,3340.015294
triangular,vertex,m,1024,0,3.644067797,5236.148739
triangular,vertex,m,1024,1,3.644187575,5291.14426
triangular,vertex,m,1024,2,3.643908104,5208.891593
triangular,vertex,m,1024,3,3.64440719,5524.39556
triangular,vertex,m,1024,4,3.644227503,5262.069641
triangular,vertex,m,1024,5,3.644017891,5477.58584
triangular,vertex,m,1024,6,3.644027872,5381.032802
triangular,vertex,m,1024,7,3.644117703,5504.814428
triangular,vertex,m,1024,8,3.644107722,5376.171995
triangular,vertex,m,1024,9,3.644017891,5451.213848
triangular,vertex,m,1024,10,3.644117703,5594.730251
triangular,vertex,m,1024,11,3.644017891,5452.706171
triangular,vertex,m,1024,12,3.644117703,5507.007255
triangular,vertex,m,1024,13,3.644067797,5571.072881
triangular,vertex,m,1024,14,3.644117703,5357.652952
triangular,vertex,m,1024,15,3.644187575,5322.843372
triangular,vertex,m,1024,16,3.643898124,5400.416678
triangular,vertex,m,1024,17,3.644067797,5360.415642
triangular,vertex,m,1024,18,3.644177593,5272.493853
triangular,vertex,m,1024,19,3.644237485,5556.953929
triangular,vertex,m,1024,20,3.643918084,5583.794364
triangular,vertex,m,1024,21,3.644207539,5497.861753
triangular,vertex,m,1024,22,3.644127685,5339.385714
triangular,vertex,m,1024,23,3.644207539,5360.806735
triangular,vertex,m,1024,24,3.644526991,5247.475702
triangular,vertex,m,1024,25,3.644227503,5396.574523
triangular,vertex,m,1024,26,3.644227503,5294.797925
triangular,vertex,m,1024,27,3.644217521,5426.344028
triangular,vertex,m,1024,28,3.644067797,5513.571747
triangular,vertex,m,1024,29,3.644027872,5357.015486
triangular,vertex,m,1024,30,3.644047834,5617.432244
triangular,vertex,m,1024,31,3.644117703,5471.172115
triangular,vertex,m,1024,32,3.644247468,5430.929451
triangular,vertex,m,1024,33,3.644047834,5578.892363
triangular,vertex,m,1024,34,3.644037853,5369.536602
triangular,vertex,m,1024,35,3.644127685,5495.52502
triangular,vertex,m,1024,36,3.643918084,5325.877578
triangular,vertex,m,1024,37,3.643898124,5387.327933
triangular,vertex,m,1024,38,3.644127685,5487.424722
triangular,vertex,m,1024,39,3.644517007,5254.384689
triangular,vertex,m,1024,40,3.64443714,5315.401461
triangular,vertex,m,1024,41,3.644107722,5552.889405
triangular,vertex,m,1024,42,3.644227503,5475.088557
triangular,vertex,m,1024,43,3.644087759,5337.249835
triangular,vertex,m,1024,44,3.64440719,5222.250736
triangular,vertex,m,1024,45,3.644127685,5432.087191
triangular,vertex,m,1024,46,3.643868183,5600.178746
triangular,vertex,m,1024,47,3.644237485,5435.914534
triangular,vertex,m,1024,48,3.644526991,5272.758305
triangular,vertex,m,1024,49,3.644077778,5347.182148
triangular,vertex,m,1024,50,3.644147648,5328.133906
triangular,vertex,m,1024,51,3.644087759,5503.106334
triangular,vertex,m,1024,52,3.644037853,5438.046519
triangular,vertex,m,1024,53,3.644317344,5455.290183
triangular,vertex,m,1024,54,3.644287397,5361.185127
triangular,vertex,m,1024,55,3.644037853,5389.580321
triangular,vertex,m,1024,56,3.644137667,5551.224668
triangular,vertex,m,1024,57,3.644137667,5506.001629
triangular,vertex,m,1024,58,3.644197557,5429.384368
triangular,vertex,m,1024,59,3.644297379,5375.340617
triangular,vertex,m,1024,60,3.644177593,5603.146446
triangular,vertex,m,1024,61,3.644217521,5326.885135
triangular,vertex,m,1024,62,3.644177593,5519.0164
triangular,vertex,m,1024,63,3.644017891,5528.17386
triangular,vertex,m,1024,64,3.643967987,5306.064158
triangular,vertex,m,1024,65,3.64425745,5566.470171
triangular,vertex,m,1024,66,3.644027872,5413.041758
triangular,vertex,m,1024,67,3.644127685,5456.219024
triangular,vertex,m,1024,68,3.64425745,5552.497547
triangular,vertex,m,1024,69,3.644017891,5466.265478
triangular,vertex,m,1024,70,3.644117703,5446.674418
triangular,vertex,m,1024,71,3.643868183,5689.276851
triangular,vertex,m,1024,72,3.644137667,5404.461047
triangular,vertex,m,1024,73,3.643977968,5493.807791
triangular,vertex,m,1024,74,3.643997929,5412.817736
triangular,vertex,m,1024,75,3.644147648,5374.787482
triangular,vertex,m,1024,76,3.644207539,5479.438812
triangular,vertex,m,1024,77,3.644027872,5614.833412
triangular,vertex,m,1024,78,3.644107722,5557.072347
triangular,vertex,m,1024,79,3.643918084,5489.719189
triangular,vertex,m,1024,80,3.643698528,5513.614682
triangular,vertex,m,1024,81,3.643967987,5554.386008
triangular,vertex,m,1024,82,3.644017891,5382.959628
triangular,vertex,m,1024,83,3.644057815,5511.638215
triangular,vertex,m,1024,84,3.644167612,5420.288572
triangular,vertex,m,1024,85,3.64415763,5536.111812
triangular,vertex,m,1024,86,3.644247468,5495.728659
triangular,vertex,m,1024,87,3.644067797,5299.162067
triangular,vertex,m,1024,88,3.644207539,5439.925451
triangular,vertex,m,1024,89,3.644227503,5487.428547
triangular,vertex,m,1024,90,3.644147648,5464.867347
triangular,vertex,m,1024,91,3.64415763,5532.121551
triangular,vertex,m,1024,92,3.64400791,5459.428651
triangular,vertex,m,1024,93,3.644417173,5447.210159
triangular,vertex,m,1024,94,3.644117703,5365.197923
triangular,vertex,m,1024,95,3.644027872,5294.204775
triangular,vertex,m,1024,96,3.644037853,5303.844869
triangular,vertex,m,1024,97,3.643898124,5292.403589
triangular,vertex,m,1024,98,3.644147648,5550.749411
triangular,vertex,m,1024,99,3.644047834,5472.574387
triangular,vertex,m,1024,100,3.644247468,5470.768493
triangular,vertex,m,1024,101,3.644207539,5422.503109
triangular,vertex,m,1024,102,3.644347293,5510.691865
triangular,vertex,m,1024,103,3.644427156,5413.33671
triangular,vertex,m,1024,104,3.643938045,5448.276484
triangular,vertex,m,1024,105,3.644327327,5471.659744
triangular,vertex,m,1024,106,3.644027872,5393.855868
triangular,vertex,m,1024,107,3.644127685,5479.356034
triangular,vertex,m,1024,108,3.644107722,5400.13358
triangular,vertex,m,1024,109,3.643908104,5721.384471
triangular,vertex,m,1024,110,3.644177593,5535.796993
triangular,vertex,m,1024,111,3.644297379,5383.120045
triangular,vertex,m,1024,112,3.644107722,5309.387459
triangular,vertex,m,1024,113,3.644367258,5297.620474
triangular,vertex,m,1024,114,3.644107722,5360.150907
triangular,vertex,m,1024,115,3.643997929,5363.867999
triangular,vertex,m,1024,116,3.64425745,5382.359608
triangular,vertex,m,1024,117,3.644227503,5304.380875
triangular,vertex,m,1024,118,3.644147648,5379.214185
triangular,vertex,m,1024,119,3.644177593,5344.3819
triangular,vertex,m,1024,120,3.644517007,5186.643743
triangular,vertex,m,1024,121,3.644247468,5499.774976
triangular,vertex,m,1024,122,3.64415763,5335.924237
triangular,vertex,m,1024,123,3.64425745,5592.024073
triangular,vertex,m,1024,124,3.644287397,5400.169865
triangular,vertex,m,1024,125,3.644087759,5513.108264
triangular,vertex,m,1024,126,3.644037853,5577.779172
triangular,vertex,m,1024,127,3.644177593,5565.520514
triangular,vertex,m,1024,128,3.644397207,5433.479326
triangular,vertex,m,1024,129,3.644377241,5422.243926
triangular,vertex,m,1024,130,3.644087759,5301.462203
triangular,vertex,m,1024,131,3.643918084,5475.669518
triangular,vertex,m,1024,132,3.64425745,5425.299286
triangular,vertex,m,1024,133,3.644067797,5409.345964
triangular,vertex,m,1024,134,3.644107722,5496.165398
triangular,vertex,m,1024,135,3.643778364,5431.760742
triangular,vertex,m,1024,136,3.644057815,5392.784313
triangular,vertex,m,1024,137,3.64425745,5607.582055
triangular,vertex,m,1024,138,3.644177593,5430.115137
triangular,vertex,m,1024,139,3.644297379,5438.736244
triangular,vertex,m,1024,140,3.644287397,5378.466623
triangular,vertex,m,1024,141,3.644307362,5401.354281
triangular,vertex,m,1024,142,3.644107722,5532.680776
triangular,vertex,m,1024,143,3.644057815,5303.873956
triangular,vertex,m,1024,144,3.644147648,5427.654319
triangular,vertex,m,1024,145,3.644107722,5400.394377
triangular,vertex,m,1024,146,3.643997929,5467.040648
triangular,vertex,m,1024,147,3.644137667,5612.375395
triangular,vertex,m,1024,148,3.644047834,5432.936364
triangular,vertex,m,1024,149,3.643977968,5479.841019
triangular,vertex,m,1024,150,3.644047834,5649.481282
triangular,vertex,m,1024,151,3.644047834,5498.929181
triangular,vertex,m,1024,152,3.644107722,5570.887553
triangular,vertex,m,1024,153,3.644137667,5465.12103
triangular,vertex,m,1024,154,3.644107722,5177.455539
triangular,vertex,m,1024,155,3.643938045,5561.458263
triangular,vertex,m,1024,156,3.644347293,5477.382021
triangular,vertex,m,1024,157,3.644377241,5307.41321
triangular,vertex,m,1024,158,3.64440719,5390.48799
triangular,vertex,m,1024,159,3.644167612,5549.386961
triangular,vertex,m,1024,160,3.643948026,5710.103772
triangular,vertex,m,1024,161,3.644367258,5503.645873
triangular,vertex,m,1024,162,3.644546959,5387.348093
triangular,vertex,m,1024,163,3.644177593,5342.268049
triangular,vertex,m,1024,164,3.644147648,5572.888577
triangular,vertex,m,1024,165,3.644077778,5401.926915
triangular,vertex,m,1024,166,3.644297379,5524.986036
triangular,vertex,m,1024,167,3.644027872,5577.212015
triangular,vertex,m,1024,168,3.643768384,5552.090799
triangular,vertex,m,1024,169,3.643838243,5493.16706
triangular,vertex,m,1024,170,3.644167612,5612.709394
triangular,vertex,m,1024,171,3.644177593,5497.534494
triangular,vertex,m,1024,172,3.644077778,5519.702511
triangular,vertex,m,1024,173,3.644127685,5522.418224
triangular,vertex,m,1024,174,3.644217521,5411.21341
triangular,vertex,m,1024,175,3.644357275,5375.302321
triangular,vertex,m,1024,176,3.644127685,5534.758091
triangular,vertex,m,1024,177,3.644267432,5285.702759
triangular,vertex,m,1024,178,3.644237485,5300.971284
triangular,vertex,m,1024,179,3.644297379,5391.242036
triangular,vertex,m,1024,180,3.64433731,5228.666742
triangular,vertex,m,1024,181,3.644107722,5515.906615
triangular,vertex,m,1024,182,3.644127685,5386.590728
triangular,vertex,m,1024,183,3.644147648,5294.525188
triangular,vertex,m,1024,184,3.644117703,5586.968679
triangular,vertex,m,1024,185,3.644227503,5327.276501
triangular,vertex,m,1024,186,3.644087759,5416.421526
triangular,vertex,m,1024,187,3.644247468,5476.876816
triangular,vertex,m,1024,188,3.643997929,5629.56506
triangular,vertex,m,1024,189,3.644057815,5447.994115
triangular,vertex,m,1024,190,3.644327327,5357.599507
triangular,vertex,m,1024,191,3.644117703,5596.586769
triangular,vertex,m,1024,192,3.644117703,5407.14564
triangular,vertex,m,1024,193,3.643958006,5592.072386
triangular,vertex,m,1024,194,3.644237485,5503.811366
triangular,vertex,m,1024,195,3.644027872,5566.697877
triangular,vertex,m,1024,196,3.64415763,5440.916029
triangular,vertex,m,1024,197,3.643958006,5393.534
triangular,vertex,m,1024,198,3.644307362,5551.730464
triangular,vertex,m,1024,199,3.644287397,5574.743841
triangular,vertex,m,1536,0,3.64310466,10935.89651
triangular,vertex,m,1536,1,3.643014632,11145.15546
triangular,vertex,m,1536,2,3.643144674,10093.39669
triangular,vertex,m,1536,3,3.643184689,11068.3135
triangular,vertex,m,1536,4,3.643044641,10697.96255
triangular,vertex,m,1536,5,3.643134671,10675.3424
triangular,vertex,m,1536,6,3.643134671,11064.76639
triangular,vertex,m,1536,7,3.643294734,10888.98273
triangular,vertex,m,1536,8,3.642954616,10771.12566
triangular,vertex,m,1536,9,3.642914606,10892.71262
triangular,vertex,m,1536,10,3.642974621,11373.14201
triangular,vertex,m,1536,11,3.643144674,10616.1342
triangular,vertex,m,1536,12,3.643194693,11102.13731
triangular,vertex,m,1536,13,3.643314743,10791.72801
triangular,vertex,m,1536,14,3.643114664,11390.94344
triangular,vertex,m,1536,15,3.642774579,10895.25868
triangular,vertex,m,1536,16,3.642964619,11131.33239
triangular,vertex,m,1536,17,3.643204697,10959.69844
triangular,vertex,m,1536,18,3.643004629,10980.18228
triangular,vertex,m,1536,19,3.642984624,10938.29586
triangular,vertex,m,1536,20,3.643134671,11212.00003
triangular,vertex,m,1536,21,3.642864595,10592.95565
triangular,vertex,m,1536,22,3.643184689,10981.77995
triangular,vertex,m,1536,23,3.643044641,11070.11403
triangular,vertex,m,1536,24,3.643054644,11129.8401
triangular,vertex,m,1536,25,3.643114664,11186.18296
triangular,vertex,m,1536,26,3.643054644,11200.69664
triangular,vertex,m,1536,27,3.642914606,10998.041
triangular,vertex,m,1536,28,3.643114664,10906.37121
triangular,vertex,m,1536,29,3.64307465,11053.59642
triangular,vertex,m,1536,30,3.64310466,10706.59183
triangular,vertex,m,1536,31,3.643044641,11087.29537
triangular,vertex,m,1536,32,3.643224705,10678.28844
triangular,vertex,m,1536,33,3.643054644,10790.34533
triangular,vertex,m,1536,34,3.643204697,11135.96006
triangular,vertex,m,1536,35,3.643064647,10851.55536
triangular,vertex,m,1536,36,3.643184689,10543.72055
triangular,vertex,m,1536,37,3.64307465,10874.8773
triangular,vertex,m,1536,38,3.643084654,10381.12861
triangular,vertex,m,1536,39,3.643164681,10561.22125
triangular,vertex,m,1536,40,3.643184689,10482.06104
triangular,vertex,m,1536,41,3.643034638,10934.47657
triangular,vertex,m,1536,42,3.643004629,11008.7561
triangular,vertex,m,1536,43,3.64310466,11107.26716
triangular,vertex,m,1536,44,3.64307465,11135.01631
triangular,vertex,m,1536,45,3.643064647,11331.02923
triangular,vertex,m,1536,46,3.642924609,11034.67296
triangular,vertex,m,1536,47,3.643024635,10883.32763
triangular,vertex,m,1536,48,3.643174685,10865.44383
triangular,vertex,m,1536,49,3.64307465,10964.12381
triangular,vertex,m,1536,50,3.643224705,10598.98725
triangular,vertex,m,1536,51,3.642734573,11049.83223
triangular,vertex,m,1536,52,3.643034638,10304.27267
triangular,vertex,m,1536,53,3.643054644,11328.67986
triangular,vertex,m,1536,54,3.64307465,10824.20155
triangular,vertex,m,1536,55,3.64307465,10625.92386
triangular,vertex,m,1536,56,3.642994627,11314.74844
triangular,vertex,m,1536,57,3.643004629,10709.18547
triangular,vertex,m,1536,58,3.642994627,11152.91608
triangular,vertex,m,1536,59,3.643254717,10666.90057
triangular,vertex,m,1536,60,3.643014632,10864.22268
triangular,vertex,m,1536,61,3.643214701,10757.77485
triangular,vertex,m,1536,62,3.643144674,10875.48166
triangular,vertex,m,1536,63,3.643304738,10806.945
triangular,vertex,m,1536,64,3.643064647,11014.38828
triangular,vertex,m,1536,65,3.643394781,10435.1974
triangular,vertex,m,1536,66,3.643024635,11289.2856
triangular,vertex,m,1536,67,3.643094657,10720.78511
triangular,vertex,m,1536,68,3.643054644,10998.72323
triangular,vertex,m,1536,69,3.642964619,11048.5314
triangular,vertex,m,1536,70,3.643254717,11224.57574
triangular,vertex,m,1536,71,3.643264721,10460.09199
triangular,vertex,m,1536,72,3.642924609,11120.56517
triangular,vertex,m,1536,73,3.642894602,11058.94467
triangular,vertex,m,1536,74,3.643134671,10878.45929
triangular,vertex,m,1536,75,3.643244713,10952.21273
triangular,vertex,m,1536,76,3.643184689,10804.7735
triangular,vertex,m,1536,77,3.643094657,10913.34775
triangular,vertex,m,1536,78,3.643174685,10587.48296
triangular,vertex,m,1536,79,3.643154678,10729.2281
triangular,vertex,m,1536,80,3.643184689,10860.58822
triangular,vertex,m,1536,81,3.64307465,11385.10184
triangular,vertex,m,1536,82,3.643234709,11086.65937
triangular,vertex,m,1536,83,3.642934611,10786.24058
triangular,vertex,m,1536,84,3.642854593,11219.03709
triangular,vertex,m,1536,85,3.643174685,11300.39328
triangular,vertex,m,1536,86,3.643264721,10801.37804
triangular,vertex,m,1536,87,3.642964619,11355.97657
triangular,vertex,m,1536,88,3.643024635,11102.64913
triangular,vertex,m,1536,89,3.642944613,11028.33377
triangular,vertex,m,1536,90,3.643014632,10885.44809
triangular,vertex,m,1536,91,3.642894602,11337.21702
triangular,vertex,m,1536,92,3.642924609,11478.36322
triangular,vertex,m,1536,93,3.642934611,11136.04585
triangular,vertex,m,1536,94,3.642814586,10615.14666
triangular,vertex,m,1536,95,3.642794582,11109.20023
triangular,vertex,m,1536,96,3.643024635,11144.41142
triangular,vertex,m,1536,97,3.643064647,11215.45516
triangular,vertex,m,1536,98,3.642894602,11126.73847
triangular,vertex,m,1536,99,3.642994627,10554.36658
triangular,vertex,m,1536,100,3.643114664,11035.27164
triangular,vertex,m,1536,101,3.643084654,10890.71189
triangular,vertex,m,1536,102,3.643144674,11246.00639
triangular,vertex,m,1536,103,3.643314743,10726.91506
triangular,vertex,m,1536,104,3.642984624,10887.55546
triangular,vertex,m,1536,105,3.642814586,10823.43333
triangular,vertex,m,1536,106,3.642984624,10738.14075
triangular,vertex,m,1536,107,3.643024635,11251.82559
triangular,vertex,m,1536,108,3.642974621,10862.02097
triangular,vertex,m,1536,109,3.643274725,10976.94791
triangular,vertex,m,1536,110,3.64310466,10733.65603
triangular,vertex,m,1536,111,3.643064647,10668.07694
triangular,vertex,m,1536,112,3.643164681,11044.86912
triangular,vertex,m,1536,113,3.642914606,11042.01429
triangular,vertex,m,1536,114,3.643084654,11058.00793
triangular,vertex,m,1536,115,3.643144674,10946.69616
triangular,vertex,m,1536,116,3.642924609,11633.70637
triangular,vertex,m,1536,117,3.642934611,10880.16187
triangular,vertex,m,1536,118,3.643224705,10467.23958
triangular,vertex,m,1536,119,3.642904604,11121.30775
triangular,vertex,m,1536,120,3.643094657,11375.09412
triangular,vertex,m,1536,121,3.64307465,10951.71196
triangular,vertex,m,1536,122,3.643174685,11398.40398
triangular,vertex,m,1536,123,3.643054644,11090.04448
triangular,vertex,m,1536,124,3.643154678,10892.49083
triangular,vertex,m,1536,125,3.643054644,10973.63416
triangular,vertex,m,1536,126,3.643244713,10884.82228
triangular,vertex,m,1536,127,3.642764578,11259.67417
triangular,vertex,m,1536,128,3.643124667,10769.68862
triangular,vertex,m,1536,129,3.643034638,11301.49399
triangular,vertex,m,1536,130,3.643184689,10548.79684
triangular,vertex,m,1536,131,3.643184689,10961.98672
triangular,vertex,m,1536,132,3.643114664,10843.64294
triangular,vertex,m,1536,133,3.643024635,11425.87634
triangular,vertex,m,1536,134,3.643124667,10820.83483
triangular,vertex,m,1536,135,3.643024635,10809.46627
triangular,vertex,m,1536,136,3.643254717,10550.98077
triangular,vertex,m,1536,137,3.642924609,10654.08738
triangular,vertex,m,1536,138,3.643064647,11106.18417
triangular,vertex,m,1536,139,3.643064647,10379.07438
triangular,vertex,m,1536,140,3.643144674,11075.72378
triangular,vertex,m,1536,141,3.643014632,11039.14956
triangular,vertex,m,1536,142,3.643374771,10681.50872
triangular,vertex,m,1536,143,3.643094657,10875.69704
triangular,vertex,m,1536,144,3.643004629,10693.33437
triangular,vertex,m,1536,145,3.643364766,10414.43967
triangular,vertex,m,1536,146,3.64307465,11356.53558
triangular,vertex,m,1536,147,3.64307465,10678.87474
triangular,vertex,m,1536,148,3.642974621,11371.49337
triangular,vertex,m,1536,149,3.642864595,10900.3315
triangular,vertex,m,1536,150,3.643124667,11128.6276
triangular,vertex,m,1536,151,3.643054644,11336.58472
triangular,vertex,m,1536,152,3.643094657,11082.83057
triangular,vertex,m,1536,153,3.643114664,11208.17558
triangular,vertex,m,1536,154,3.643244713,11086.07998
triangular,vertex,m,1536,155,3.643004629,10634.82341
triangular,vertex,m,1536,156,3.643124667,10951.09716
triangular,vertex,m,1536,157,3.642954616,10734.48127
triangular,vertex,m,1536,158,3.643094657,10971.12464
triangular,vertex,m,1536,159,3.643174685,11241.38495
triangular,vertex,m,1536,160,3.643024635,10608.53207
triangular,vertex,m,1536,161,3.643234709,11239.43789
triangular,vertex,m,1536,162,3.642934611,11071.95913
triangular,vertex,m,1536,163,3.643434801,11158.12623
triangular,vertex,m,1536,164,3.643054644,10726.73922
triangular,vertex,m,1536,165,3.642794582,11121.0374
triangular,vertex,m,1536,166,3.642894602,10805.20582
triangular,vertex,m,1536,167,3.642954616,10774.60275
triangular,vertex,m,1536,168,3.643094657,11317.99661
triangular,vertex,m,1536,169,3.643044641,11117.54163
triangular,vertex,m,1536,170,3.643124667,10561.0607
triangular,vertex,m,1536,171,3.642864595,10862.60968
triangular,vertex,m,1536,172,3.642944613,11419.06585
triangular,vertex,m,1536,173,3.642984624,10582.01406
triangular,vertex,m,1536,174,3.643224705,10948.63271
triangular,vertex,m,1536,175,3.643024635,11367.22461
triangular,vertex,m,1536,176,3.643194693,11112.24546
triangular,vertex,m,1536,177,3.643254717,10621.0584
triangular,vertex,m,1536,178,3.64307465,11310.20569
triangular,vertex,m,1536,179,3.642904604,11284.7743
triangular,vertex,m,1536,180,3.643124667,10780.79653
triangular,vertex,m,1536,181,3.643144674,10862.25108
triangular,vertex,m,1536,182,3.643094657,10811.27388
triangular,vertex,m,1536,183,3.642964619,11272.20914
triangular,vertex,m,1536,184,3.643164681,10609.05623
triangular,vertex,m,1536,185,3.643094657,10771.70432
triangular,vertex,m,1536,186,3.643004629,10373.46602
triangular,vertex,m,1536,187,3.643054644,11282.80576
triangular,vertex,m,1536,188,3.64328473,10969.14675
triangular,vertex,m,1536,189,3.642944613,11312.27094
triangular,vertex,m,1536,190,3.642994627,10809.78946
triangular,vertex,m,1536,191,3.642974621,10805.14603
triangular,vertex,m,1536,192,3.642924609,10990.50078
triangular,vertex,m,1536,193,3.643044641,11280.49599
triangular,vertex,m,1536,194,3.642994627,11050.98397
triangular,vertex,m,1536,195,3.643114664,10754.91617
triangular,vertex,m,1536,196,3.642994627,11176.23016
triangular,vertex,m,1536,197,3.643064647,10567.65936
triangular,vertex,m,1536,198,3.643174685,10435.42155
triangular,vertex,m,1536,199,3.64307465,10797.30192
triangular,vertex,m,2048,0,3.642434558,18580.98367
triangular,vertex,m,2048,1,3.642334564,18627.8743
triangular,vertex,m,2048,2,3.642484557,18132.57964
triangular,vertex,m,2048,3,3.642374561,18497.14436
triangular,vertex,m,2048,4,3.642514557,18301.41421
triangular,vertex,m,2048,5,3.642564559,19220.25618
triangular,vertex,m,2048,6,3.642514557,18439.6925
triangular,vertex,m,2048,7,3.642484557,18974.32234
triangular,vertex,m,2048,8,3.642734573,18163.55329
triangular,vertex,m,2048,9,3.642654565,17977.11151
triangular,vertex,m,2048,10,3.642774579,18042.62928
triangular,vertex,m,2048,11,3.642164587,19377.91663
triangular,vertex,m,2048,12,3.642444558,18891.84477
triangular,vertex,m,2048,13,3.642604561,17437.05303
triangular,vertex,m,2048,14,3.642604561,17945.00242
triangular,vertex,m,2048,15,3.642504557,17508.40822
triangular,vertex,m,2048,16,3.64220458,17807.20387
triangular,vertex,m,2048,17,3.64238456,18750.99235
triangular,vertex,m,2048,18,3.642424559,18638.55389
triangular,vertex,m,2048,19,3.642494557,18454.86912
triangular,vertex,m,2048,20,3.642404559,18517.3453
triangular,vertex,m,2048,21,3.642494557,17954.01457
triangular,vertex,m,2048,22,3.64259456,18433.21569
triangular,vertex,m,2048,23,3.642474557,18983.8211
triangular,vertex,m,2048,24,3.64258456,18808.66953
triangular,vertex,m,2048,25,3.642534558,19137.3224
triangular,vertex,m,2048,26,3.642524558,17931.67315
triangular,vertex,m,2048,27,3.642604561,19034.00284
triangular,vertex,m,2048,28,3.642464558,18055.04768
triangular,vertex,m,2048,29,3.642774579,18223.33235
triangular,vertex,m,2048,30,3.642484557,18185.02454
triangular,vertex,m,2048,31,3.642464558,18821.1154
triangular,vertex,m,2048,32,3.642354563,19461.14342
triangular,vertex,m,2048,33,3.642534558,18450.76371
triangular,vertex,m,2048,34,3.642644564,18270.8176
triangular,vertex,m,2048,35,3.642414559,17831.62853
triangular,vertex,m,2048,36,3.642364562,18562.39137
triangular,vertex,m,2048,37,3.642524558,17352.78576
triangular,vertex,m,2048,38,3.642414559,17056.25525
triangular,vertex,m,2048,39,3.642124594,17272.21735
triangular,vertex,m,2048,40,3.642214578,17871.72307
triangular,vertex,m,2048,41,3.642434558,18975.12351
triangular,vertex,m,2048,42,3.64270457,19045.6975
triangular,vertex,m,2048,43,3.64238456,17501.23398
triangular,vertex,m,2048,44,3.642284569,18380.59088
triangular,vertex,m,2048,45,3.64258456,19109.9829
triangular,vertex,m,2048,46,3.642464558,19015.96841
triangular,vertex,m,2048,47,3.64239456,18687.34007
triangular,vertex,m,2048,48,3.642644564,18755.77154
triangular,vertex,m,2048,49,3.642554558,18019.84366
triangular,vertex,m,2048,50,3.642604561,18381.14845
triangular,vertex,m,2048,51,3.642414559,18025.19404
triangular,vertex,m,2048,52,3.642424559,18435.87895
triangular,vertex,m,2048,53,3.642364562,18329.15792
triangular,vertex,m,2048,54,3.642494557,17929.87707
triangular,vertex,m,2048,55,3.642544558,17639.29869
triangular,vertex,m,2048,56,3.642604561,19342.98129
triangular,vertex,m,2048,57,3.642424559,17018.84117
triangular,vertex,m,2048,58,3.642474557,18151.17545
triangular,vertex,m,2048,59,3.642544558,17578.00189
triangular,vertex,m,2048,60,3.642344563,18390.80645
triangular,vertex,m,2048,61,3.642514557,18782.85976
triangular,vertex,m,2048,62,3.642504557,18669.67174
triangular,vertex,m,2048,63,3.642514557,17866.6298
triangular,vertex,m,2048,64,3.642614561,18447.97489
triangular,vertex,m,2048,65,3.642354563,17812.01552
triangular,vertex,m,2048,66,3.642634563,17867.77036
triangular,vertex,m,2048,67,3.642434558,18645.32195
triangular,vertex,m,2048,68,3.64258456,18092.94681
triangular,vertex,m,2048,69,3.642414559,18187.18453
triangular,vertex,m,2048,70,3.642484557,17407.76523
triangular,vertex,m,2048,71,3.642684567,17904.34478
triangular,vertex,m,2048,72,3.642374561,18673.59714
triangular,vertex,m,2048,73,3.642474557,18685.18208
triangular,vertex,m,2048,74,3.642564559,17694.80451
triangular,vertex,m,2048,75,3.642414559,18846.24128
triangular,vertex,m,2048,76,3.642374561,17853.42546
triangular,vertex,m,2048,77,3.642644564,18283.44579
triangular,vertex,m,2048,78,3.64238456,18182.29623
triangular,vertex,m,2048,79,3.642454558,18655.35731
triangular,vertex,m,2048,80,3.642444558,19164.89316
triangular,vertex,m,2048,81,3.642564559,18158.17608
triangular,vertex,m,2048,82,3.642604561,18763.70684
triangular,vertex,m,2048,83,3.642464558,18661.546
triangular,vertex,m,2048,84,3.642434558,18078.98813
triangular,vertex,m,2048,85,3.642514557,18110.88769
triangular,vertex,m,2048,86,3.642454558,18453.26213
triangular,vertex,m,2048,87,3.642474557,18013.12107
triangular,vertex,m,2048,88,3.642644564,17698.54774
triangular,vertex,m,2048,89,3.642374561,19013.48537
triangular,vertex,m,2048,90,3.642564559,19307.34441
triangular,vertex,m,2048,91,3.642324565,18515.52291
triangular,vertex,m,2048,92,3.642344563,17974.66353
triangular,vertex,m,2048,93,3.642534558,18236.76181
triangular,vertex,m,2048,94,3.642374561,18330.47316
triangular,vertex,m,2048,95,3.64270457,17530.16792
triangular,vertex,m,2048,96,3.64258456,18384.68619
triangular,vertex,m,2048,97,3.642374561,18166.51989
triangular,vertex,m,2048,98,3.642454558,18562.64876
triangular,vertex,m,2048,99,3.642484557,18547.24763
triangular,vertex,m,2048,100,3.642444558,18431.07373
triangular,vertex,m,2048,101,3.642714571,17396.93828
triangular,vertex,m,2048,102,3.642334564,18891.64298
triangular,vertex,m,2048,103,3.642674566,17595.92083
triangular,vertex,m,2048,104,3.642534558,17917.87098
triangular,vertex,m,2048,105,3.64270457,17957.86311
triangular,vertex,m,2048,106,3.642544558,17926.10517
triangular,vertex,m,2048,107,3.64258456,18183.39042
triangular,vertex,m,2048,108,3.642374561,18430.93771
triangular,vertex,m,2048,109,3.642614561,18673.20807
triangular,vertex,m,2048,110,3.642494557,16822.94333
triangular,vertex,m,2048,111,3.642694569,18824.94792
triangular,vertex,m,2048,112,3.642464558,17744.35247
triangular,vertex,m,2048,113,3.642474557,17673.74549
triangular,vertex,m,2048,114,3.642294568,19372.47342
triangular,vertex,m,2048,115,3.642454558,18145.10049
triangular,vertex,m,2048,116,3.642664565,18087.53811
triangular,vertex,m,2048,117,3.642544558,18815.29323
triangular,vertex,m,2048,118,3.642454558,18692.43633
triangular,vertex,m,2048,119,3.642494557,18038.49017
triangular,vertex,m,2048,120,3.642314566,18184.72088
triangular,vertex,m,2048,121,3.642694569,18269.58731
triangular,vertex,m,2048,122,3.642474557,17777.95342
triangular,vertex,m,2048,123,3.642414559,18481.52977
triangular,vertex,m,2048,124,3.642564559,18454.19604
triangular,vertex,m,2048,125,3.642574559,18173.18137
triangular,vertex,m,2048,126,3.642444558,18169.41399
triangular,vertex,m,2048,127,3.642374561,18545.94806
triangular,vertex,m,2048,128,3.642634563,17890.88648
triangular,vertex,m,2048,129,3.642344563,18151.08537
triangular,vertex,m,2048,130,3.64238456,18640.56452
triangular,vertex,m,2048,131,3.642354563,17734.61946
triangular,vertex,m,2048,132,3.642454558,18611.99762
triangular,vertex,m,2048,133,3.642444558,18913.72733
triangular,vertex,m,2048,134,3.642454558,18030.62973
triangular,vertex,m,2048,135,3.642354563,18483.82116
triangular,vertex,m,2048,136,3.642514557,18082.34713
triangular,vertex,m,2048,137,3.642624562,17679.92265
triangular,vertex,m,2048,138,3.642444558,17962.52249
triangular,vertex,m,2048,139,3.64238456,18067.82819
triangular,vertex,m,2048,140,3.642404559,18205.06898
triangular,vertex,m,2048,141,3.642564559,18529.47743
triangular,vertex,m,2048,142,3.642424559,18520.89526
triangular,vertex,m,2048,143,3.642484557,18062.48442
triangular,vertex,m,2048,144,3.64238456,18029.10864
triangular,vertex,m,2048,145,3.64258456,17975.99119
triangular,vertex,m,2048,146,3.64239456,17941.90155
triangular,vertex,m,2048,147,3.642414559,18006.39802
triangular,vertex,m,2048,148,3.642604561,17737.536
triangular,vertex,m,2048,149,3.642504557,17463.68187
triangular,vertex,m,2048,150,3.642264572,18203.73604
triangular,vertex,m,2048,151,3.642674566,18184.80161
triangular,vertex,m,2048,152,3.642424559,19132.9481
triangular,vertex,m,2048,153,3.642504557,17221.76988
triangular,vertex,m,2048,154,3.642464558,19493.5444
triangular,vertex,m,2048,155,3.642694569,17664.86891
triangular,vertex,m,2048,156,3.642304567,18604.77585
triangular,vertex,m,2048,157,3.642554558,18512.4441
triangular,vertex,m,2048,158,3.642484557,18328.88177
triangular,vertex,m,2048,159,3.642424559,18680.01619
triangular,vertex,m,2048,160,3.642424559,18637.91525
triangular,vertex,m,2048,161,3.642464558,20006.88526
triangular,vertex,m,2048,162,3.642344563,17848.92922
triangular,vertex,m,2048,163,3.642654565,17780.80512
triangular,vertex,m,2048,164,3.642484557,18301.60183
triangular,vertex,m,2048,165,3.642554558,17511.4306
triangular,vertex,m,2048,166,3.642404559,18624.3407
triangular,vertex,m,2048,167,3.642454558,18132.59843
triangular,vertex,m,2048,168,3.642564559,18345.30096
triangular,vertex,m,2048,169,3.64258456,18263.80626
triangular,vertex,m,2048,170,3.64238456,19318.35604
triangular,vertex,m,2048,171,3.642564559,18261.14088
triangular,vertex,m,2048,172,3.642554558,17748.3232
triangular,vertex,m,2048,173,3.642554558,18105.85946
triangular,vertex,m,2048,174,3.642354563,17837.8241
triangular,vertex,m,2048,175,3.642564559,17808.23503
triangular,vertex,m,2048,176,3.642694569,18238.76463
triangular,vertex,m,2048,177,3.642534558,18191.54822
triangular,vertex,m,2048,178,3.642504557,18571.75362
triangular,vertex,m,2048,179,3.642544558,18405.6573
triangular,vertex,m,2048,180,3.642624562,18627.124
triangular,vertex,m,2048,181,3.642514557,17998.47347
triangular,vertex,m,2048,182,3.642634563,18192.4734
triangular,vertex,m,2048,183,3.642354563,18508.72641
triangular,vertex,m,2048,184,3.642624562,18479.87104
triangular,vertex,m,2048,185,3.64239456,18394.68834
triangular,vertex,m,2048,186,3.642504557,18502.86567
triangular,vertex,m,2048,187,3.642474557,18133.07541
triangular,vertex,m,2048,188,3.642264572,18709.52209
triangular,vertex,m,2048,189,3.642464558,18993.38336
triangular,vertex,m,2048,190,3.642464558,17933.61309
triangular,vertex,m,2048,191,3.642634563,18392.01516
triangular,vertex,m,2048,192,3.64238456,18307.01212
triangular,vertex,m,2048,193,3.64239456,18067.11472
triangular,vertex,m,2048,194,3.642504557,18402.34324
triangular,vertex,m,2048,195,3.642404559,18225.12732
triangular,vertex,m,2048,196,3.64259456,17950.88256
triangular,vertex,m,2048,197,3.642554558,18290.33005
triangular,vertex,m,2048,198,3.642244574,17695.81535
triangular,vertex,m,2048,199,3.642574559,17597.21779
triangular,vertex,m,3072,0,3.641994625,37046.286
triangular,vertex,m,3072,1,3.642074605,38345.59776
triangular,vertex,m,3072,2,3.642104599,38499.04935
triangular,vertex,m,3072,3,3.641894655,39076.5634
triangular,vertex,m,3072,4,3.64201462,37972.27728
triangular,vertex,m,3072,5,3.642004623,36423.09734
triangular,vertex,m,3072,6,3.641934643,37912.44576
triangular,vertex,m,3072,7,3.642064608,36088.52814
triangular,vertex,m,3072,8,3.642004623,38478.41038
triangular,vertex,m,3072,9,3.642004623,39122.46412
triangular,vertex,m,3072,10,3.641904652,39467.85107
triangular,vertex,m,3072,11,3.64201462,36168.98128
triangular,vertex,m,3072,12,3.642034615,40738.41223
triangular,vertex,m,3072,13,3.642084603,36729.61106
triangular,vertex,m,3072,14,3.641994625,42155.66776
triangular,vertex,m,3072,15,3.641904652,38017.17245
triangular,vertex,m,3072,16,3.642024617,38844.00186
triangular,vertex,m,3072,17,3.642084603,34408.41671
triangular,vertex,m,3072,18,3.642034615,37485.00924
triangular,vertex,m,3072,19,3.642034615,38263.81568
triangular,vertex,m,3072,20,3.642024617,38656.92641
triangular,vertex,m,3072,21,3.641834676,39450.89579
triangular,vertex,m,3072,22,3.64205461,36932.00844
triangular,vertex,m,3072,23,3.641874662,39804.66583
triangular,vertex,m,3072,24,3.641954637,37425.81014
triangular,vertex,m,3072,25,3.641964634,37876.68178
triangular,vertex,m,3072,26,3.642064608,39266.49906
triangular,vertex,m,3072,27,3.641924646,39832.7923
triangular,vertex,m,3072,28,3.641914649,38905.26516
triangular,vertex,m,3072,29,3.64205461,40116.60929
triangular,vertex,m,3072,30,3.642034615,37765.14334
triangular,vertex,m,3072,31,3.641934643,40498.8372
triangular,vertex,m,3072,32,3.641964634,38994.57937
triangular,vertex,m,3072,33,3.642044612,38736.5822
triangular,vertex,m,3072,34,3.641984628,39284.23621
triangular,vertex,m,3072,35,3.642084603,38677.0257
triangular,vertex,m,3072,36,3.641914649,36575.4443
triangular,vertex,m,3072,37,3.642084603,38394.05188
triangular,vertex,m,3072,38,3.641794691,37387.5757
triangular,vertex,m,3072,39,3.642114596,39482.83408
triangular,vertex,m,3072,40,3.642044612,39671.9051
triangular,vertex,m,3072,41,3.64194464,38388.31002
triangular,vertex,m,3072,42,3.641994625,38954.54052
triangular,vertex,m,3072,43,3.64205461,38432.79094
triangular,vertex,m,3072,44,3.642084603,37462.81712
triangular,vertex,m,3072,45,3.641924646,40924.30396
triangular,vertex,m,3072,46,3.641984628,36555.0251
triangular,vertex,m,3072,47,3.642084603,36758.49344
triangular,vertex,m,3072,48,3.642034615,38358.36849
triangular,vertex,m,3072,49,3.64214459,37676.82243
triangular,vertex,m,3072,50,3.641924646,39726.37681
triangular,vertex,m,3072,51,3.641964634,39284.96199
triangular,vertex,m,3072,52,3.642024617,36337.69096
triangular,vertex,m,3072,53,3.641994625,39984.77175
triangular,vertex,m,3072,54,3.641974631,37384.07213
triangular,vertex,m,3072,55,3.642024617,39152.51949
triangular,vertex,m,3072,56,3.641994625,40385.75557
triangular,vertex,m,3072,57,3.64205461,35833.52667
triangular,vertex,m,3072,58,3.642034615,36183.94624
triangular,vertex,m,3072,59,3.642234576,36913.85664
triangular,vertex,m,3072,60,3.641934643,38522.3486
triangular,vertex,m,3072,61,3.642074605,38062.25287
triangular,vertex,m,3072,62,3.641914649,39285.00879
triangular,vertex,m,3072,63,3.642064608,40202.31681
triangular,vertex,m,3072,64,3.642064608,37629.13538
triangular,vertex,m,3072,65,3.641964634,38125.55452
triangular,vertex,m,3072,66,3.641924646,37869.70517
triangular,vertex,m,3072,67,3.642064608,38744.38108
triangular,vertex,m,3072,68,3.642064608,38313.16441
triangular,vertex,m,3072,69,3.641974631,40120.953
triangular,vertex,m,3072,70,3.641994625,40085.52791
triangular,vertex,m,3072,71,3.64194464,37553.96952
triangular,vertex,m,3072,72,3.641954637,37442.5179
triangular,vertex,m,3072,73,3.641904652,37055.17101
triangular,vertex,m,3072,74,3.641984628,35885.58675
triangular,vertex,m,3072,75,3.642044612,39311.08302
triangular,vertex,m,3072,76,3.642064608,37867.0338
triangular,vertex,m,3072,77,3.641964634,38280.18106
triangular,vertex,m,3072,78,3.64205461,39253.796
triangular,vertex,m,3072,79,3.64205461,36435.13374
triangular,vertex,m,3072,80,3.641984628,36452.23587
triangular,vertex,m,3072,81,3.642124594,36212.7765
triangular,vertex,m,3072,82,3.64194464,37307.00893
triangular,vertex,m,3072,83,3.641964634,39332.9691
triangular,vertex,m,3072,84,3.641994625,38559.00608
triangular,vertex,m,3072,85,3.641984628,39416.62861
triangular,vertex,m,3072,86,3.64201462,37972.57942
triangular,vertex,m,3072,87,3.641984628,39447.19371
triangular,vertex,m,3072,88,3.642094601,38949.84786
triangular,vertex,m,3072,89,3.642084603,37670.35463
triangular,vertex,m,3072,90,3.642084603,39783.08881
triangular,vertex,m,3072,91,3.64201462,40288.92707
triangular,vertex,m,3072,92,3.642084603,37826.00181
triangular,vertex,m,3072,93,3.64201462,37060.82451
triangular,vertex,m,3072,94,3.642084603,37811.15589
triangular,vertex,m,3072,95,3.64194464,39821.57966
triangular,vertex,m,3072,96,3.64214459,37440.10193
triangular,vertex,m,3072,97,3.642244574,36598.18021
triangular,vertex,m,3072,98,3.642024617,37242.38855
triangular,vertex,m,3072,99,3.641914649,39153.41814
triangular,vertex,m,3072,100,3.642024617,37559.60749
triangular,vertex,m,3072,101,3.64201462,37663.24826
triangular,vertex,m,3072,102,3.64201462,37641.85128
triangular,vertex,m,3072,103,3.642034615,38226.59239
triangular,vertex,m,3072,104,3.642104599,39484.04954
triangular,vertex,m,3072,105,3.642004623,38676.71933
triangular,vertex,m,3072,106,3.64201462,39271.83085
triangular,vertex,m,3072,107,3.641904652,40477.32821
triangular,vertex,m,3072,108,3.642044612,39774.1235
triangular,vertex,m,3072,109,3.64194464,40571.96712
triangular,vertex,m,3072,110,3.641904652,40769.23319
triangular,vertex,m,3072,111,3.64194464,37457.05478
triangular,vertex,m,3072,112,3.64201462,39844.73753
triangular,vertex,m,3072,113,3.642064608,39108.62259
triangular,vertex,m,3072,114,3.642124594,38332.55346
triangular,vertex,m,3072,115,3.642094601,38691.66808
triangular,vertex,m,3072,116,3.64205461,39272.52285
triangular,vertex,m,3072,117,3.642024617,36382.9644
triangular,vertex,m,3072,118,3.642004623,37906.47143
triangular,vertex,m,3072,119,3.642034615,38419.70774
triangular,vertex,m,3072,120,3.641954637,37409.04895
triangular,vertex,m,3072,121,3.642044612,35743.09408
triangular,vertex,m,3072,122,3.64201462,39094.60503
triangular,vertex,m,3072,123,3.641964634,36931.47063
triangular,vertex,m,3072,124,3.642034615,39142.1346
triangular,vertex,m,3072,125,3.642044612,40384.29859
triangular,vertex,m,3072,126,3.64214459,37897.26777
triangular,vertex,m,3072,127,3.642074605,37753.85601
triangular,vertex,m,3072,128,3.641994625,39336.80138
triangular,vertex,m,3072,129,3.642004623,37551.90439
triangular,vertex,m,3072,130,3.642044612,37912.00093
triangular,vertex,m,3072,131,3.642114596,37930.28697
triangular,vertex,m,3072,132,3.641954637,37603.92727
triangular,vertex,m,3072,133,3.642114596,37712.53539
triangular,vertex,m,3072,134,3.642004623,37045.27912
triangular,vertex,m,3072,135,3.64220458,37802.96995
triangular,vertex,m,3072,136,3.641994625,40619.41118
triangular,vertex,m,3072,137,3.641924646,38878.71866
triangular,vertex,m,3072,138,3.642094601,35635.68617
triangular,vertex,m,3072,139,3.642074605,38019.00513
triangular,vertex,m,3072,140,3.642074605,38854.13278
triangular,vertex,m,3072,141,3.641994625,37878.69687
triangular,vertex,m,3072,142,3.642024617,39750.30647
triangular,vertex,m,3072,143,3.642084603,37260.65295
triangular,vertex,m,3072,144,3.642114596,38837.78527
triangular,vertex,m,3072,145,3.642004623,40011.68941
triangular,vertex,m,3072,146,3.642004623,38625.17813
triangular,vertex,m,3072,147,3.641984628,40072.97191
triangular,vertex,m,3072,148,3.64201462,39367.78167
triangular,vertex,m,3072,149,3.641904652,38523.37244
triangular,vertex,m,3072,150,3.642064608,37223.95561
triangular,vertex,m,3072,151,3.642064608,39035.4997
triangular,vertex,m,3072,152,3.642114596,40022.63574
triangular,vertex,m,3072,153,3.64205461,37624.30564
triangular,vertex,m,3072,154,3.641994625,39079.75314
triangular,vertex,m,3072,155,3.642034615,37652.6328
triangular,vertex,m,3072,156,3.642004623,40100.0276
triangular,vertex,m,3072,157,3.641964634,37684.74628
triangular,vertex,m,3072,158,3.641984628,35893.97215
triangular,vertex,m,3072,159,3.642064608,39426.21761
triangular,vertex,m,3072,160,3.642134592,39367.38192
triangular,vertex,m,3072,161,3.642164587,36373.34663
triangular,vertex,m,3072,162,3.641994625,39323.36954
triangular,vertex,m,3072,163,3.642114596,38380.34697
triangular,vertex,m,3072,164,3.642134592,35641.3373
triangular,vertex,m,3072,165,3.642094601,39001.63787
triangular,vertex,m,3072,166,3.642004623,39969.66373
triangular,vertex,m,3072,167,3.641994625,38304.30972
triangular,vertex,m,3072,168,3.64201462,39195.22619
triangular,vertex,m,3072,169,3.641914649,37986.83249
triangular,vertex,m,3072,170,3.64201462,35143.83534
triangular,vertex,m,3072,171,3.642064608,37886.85873
triangular,vertex,m,3072,172,3.641984628,40827.54314
triangular,vertex,m,3072,173,3.641914649,37258.88404
triangular,vertex,m,3072,174,3.642024617,38359.67144
triangular,vertex,m,3072,175,3.641994625,39164.97244
triangular,vertex,m,3072,176,3.642004623,34440.6336
triangular,vertex,m,3072,177,3.64205461,38580.09249
triangular,vertex,m,3072,178,3.641994625,36227.32175
triangular,vertex,m,3072,179,3.641984628,36870.75667
triangular,vertex,m,3072,180,3.641974631,38873.89849
triangular,vertex,m,3072,181,3.642004623,37551.69201
triangular,vertex,m,3072,182,3.641974631,36615.60999
triangular,vertex,m,3072,183,3.642034615,37625.99747
triangular,vertex,m,3072,184,3.641964634,38599.30725
triangular,vertex,m,3072,185,3.642024617,39789.16977
triangular,vertex,m,3072,186,3.642064608,36648.45011
triangular,vertex,m,3072,187,3.642004623,39555.21305
triangular,vertex,m,3072,188,3.642084603,36776.14526
triangular,vertex,m,3072,189,3.64201462,37109.02734
triangular,vertex,m,3072,190,3.641974631,37033.59555
triangular,vertex,m,3072,191,3.641904652,40467.31334
triangular,vertex,m,3072,192,3.641984628,37160.36805
triangular,vertex,m,3072,193,3.64205461,37872.60549
triangular,vertex,m,3072,194,3.64201462,40089.35195
triangular,vertex,m,3072,195,3.641974631,37349.85012
triangular,vertex,m,3072,196,3.642084603,38101.88017
triangular,vertex,m,3072,197,3.642064608,37029.42438
triangular,vertex,m,3072,198,3.641904652,40105.22764
triangular,vertex,m,3072,199,3.641924646,42856.11499
