lattice_type,representation,variant,L,bootstrap,Tc,chi_c
triangular,vertex,ec,64,0,3.703044484,0.4549946365
triangular,vertex,ec,64,1,3.702083125,0.4589832772
triangular,vertex,ec,64,2,3.701862884,0.4625522054
triangular,vertex,ec,64,3,3.701562597,0.4590685419
triangular,vertex,ec,64,4,3.701202318,0.4575711549
triangular,vertex,ec,64,5,3.700321929,0.4649191257
triangular,vertex,ec,64,6,3.701392456,0.4667057489
triangular,vertex,ec,64,7,3.70258377,0.4624467246
triangular,vertex,ec,64,8,3.701552588,0.458258157
triangular,vertex,ec,64,9,3.70066203,0.4659663023
triangular,vertex,ec,64,10,3.701212324,0.4662519329
triangular,vertex,ec,64,11,3.702243317,0.4610760582
triangular,vertex,ec,64,12,3.702323418,0.4612818879
triangular,vertex,ec,64,13,3.701642669,0.4619223458
triangular,vertex,ec,64,14,3.701612642,0.4583842676
triangular,vertex,ec,64,15,3.701842863,0.4612475681
triangular,vertex,ec,64,16,3.702744006,0.4651429335
triangular,vertex,ec,64,17,3.700061895,0.4650128511
triangular,vertex,ec,64,18,3.700772076,0.4564432881
triangular,vertex,ec,64,19,3.704587707,0.4575532011
triangular,vertex,ec,64,20,3.701862884,0.4607946
triangular,vertex,ec,64,21,3.703896104,0.4625771485
triangular,vertex,ec,64,22,3.703054501,0.4598650164
triangular,vertex,ec,64,23,3.701872894,0.4657221734
triangular,vertex,ec,64,24,3.700091897,0.4685739185
triangular,vertex,ec,64,25,3.701842863,0.4641709485
triangular,vertex,ec,64,26,3.701412472,0.4609860025
triangular,vertex,ec,64,27,3.701122265,0.4571238524
triangular,vertex,ec,64,28,3.701232338,0.467925444
triangular,vertex,ec,64,29,3.703886083,0.4577535553
triangular,vertex,ec,64,30,3.702473617,0.4615415243
triangular,vertex,ec,64,31,3.701572606,0.464076404
triangular,vertex,ec,64,32,3.700531984,0.4652864633
triangular,vertex,ec,64,33,3.701612642,0.4605894395
triangular,vertex,ec,64,34,3.701552588,0.4595513525
triangular,vertex,ec,64,35,3.700001892,0.4609714364
triangular,vertex,ec,64,36,3.701012198,0.4665342994
triangular,vertex,ec,64,37,3.700932154,0.4554336059
triangular,vertex,ec,64,38,3.700812094,0.4626055635
triangular,vertex,ec,64,39,3.702864191,0.4641410714
triangular,vertex,ec,64,40,3.701092246,0.4650260398
triangular,vertex,ec,64,41,3.699911891,0.4625883422
triangular,vertex,ec,64,42,3.701942968,0.4596687414
triangular,vertex,ec,64,43,3.701002193,0.4552203077
triangular,vertex,ec,64,44,3.701712734,0.4682255509
triangular,vertex,ec,64,45,3.703505312,0.4626054431
triangular,vertex,ec,64,46,3.70324483,0.4591916268
triangular,vertex,ec,64,47,3.702573756,0.4605333156
triangular,vertex,ec,64,48,3.701202318,0.4588389445
triangular,vertex,ec,64,49,3.700401947,0.4631968025
triangular,vertex,ec,64,50,3.70245359,0.4589090026
triangular,vertex,ec,64,51,3.701162291,0.4600541763
triangular,vertex,ec,64,52,3.701172297,0.4664047662
triangular,vertex,ec,64,53,3.700491972,0.4614111345
triangular,vertex,ec,64,54,3.70196299,0.4629493868
triangular,vertex,ec,64,55,3.703304938,0.4669810872
triangular,vertex,ec,64,56,3.700291923,0.459568669
triangular,vertex,ec,64,57,3.702323418,0.4625326582
triangular,vertex,ec,64,58,3.702153207,0.4608552903
triangular,vertex,ec,64,59,3.702764036,0.4599241924
triangular,vertex,ec,64,60,3.700672034,0.4634592988
triangular,vertex,ec,64,61,3.701983012,0.4607395297
triangular,vertex,ec,64,62,3.700351936,0.4641077994
triangular,vertex,ec,64,63,3.702373483,0.4587515538
triangular,vertex,ec,64,64,3.703254848,0.4718492412
triangular,vertex,ec,64,65,3.70211316,0.4623439212
triangular,vertex,ec,64,66,3.699771899,0.465145433
triangular,vertex,ec,64,67,3.702603799,0.4647605689
triangular,vertex,ec,64,68,3.700672034,0.4593964057
triangular,vertex,ec,64,69,3.701362433,0.466384807
triangular,vertex,ec,64,70,3.702043079,0.4642473611
triangular,vertex,ec,64,71,3.702984384,0.4651732596
triangular,vertex,ec,64,72,3.701412472,0.4575100027
triangular,vertex,ec,64,73,3.701952979,0.4674330365
triangular,vertex,ec,64,74,3.702954335,0.4660314921
triangular,vertex,ec,64,75,3.701983012,0.4679391506
triangular,vertex,ec,64,76,3.701812833,0.4566991064
triangular,vertex,ec,64,77,3.703926168,0.4661035519
triangular,vertex,ec,64,78,3.702043079,0.4661207142
triangular,vertex,ec,64,79,3.702333431,0.4671340478
triangular,vertex,ec,64,80,3.702894239,0.4612401035
triangular,vertex,ec,64,81,3.702423549,0.4613703971
triangular,vertex,ec,64,82,3.703274884,0.4707323406
triangular,vertex,ec,64,83,3.703164689,0.4615619824
triangular,vertex,ec,64,84,3.702373483,0.463881086
triangular,vertex,ec,64,85,3.701742763,0.4620874362
triangular,vertex,ec,64,86,3.702043079,0.4621217491
triangular,vertex,ec,64,87,3.702123172,0.4580453856
triangular,vertex,ec,64,88,3.702433562,0.4630494415
triangular,vertex,ec,64,89,3.701162291,0.4647029708
triangular,vertex,ec,64,90,3.702083125,0.4582094161
triangular,vertex,ec,64,91,3.702603799,0.4591745081
triangular,vertex,ec,64,92,3.702033068,0.4617914453
triangular,vertex,ec,64,93,3.702553728,0.4562350621
triangular,vertex,ec,64,94,3.700201909,0.460806357
triangular,vertex,ec,64,95,3.700892133,0.4630341465
triangular,vertex,ec,64,96,3.703735769,0.4548942592
triangular,vertex,ec,64,97,3.702293379,0.4588774706
triangular,vertex,ec,64,98,3.700682038,0.462737582
triangular,vertex,ec,64,99,3.700311927,0.4578950568
triangular,vertex,ec,64,100,3.701692715,0.4576278093
triangular,vertex,ec,64,101,3.700652026,0.4734754329
triangular,vertex,ec,64,102,3.702073113,0.4610666405
triangular,vertex,ec,64,103,3.702553728,0.4608009912
triangular,vertex,ec,64,104,3.701362433,0.4633681646
triangular,vertex,ec,64,105,3.701412472,0.4604948859
triangular,vertex,ec,64,106,3.703575448,0.4644133695
triangular,vertex,ec,64,107,3.702203267,0.4643545932
triangular,vertex,ec,64,108,3.700812094,0.4599405676
triangular,vertex,ec,64,109,3.702403522,0.4625926658
triangular,vertex,ec,64,110,3.702914271,0.4604010061
triangular,vertex,ec,64,111,3.702153207,0.4613667681
triangular,vertex,ec,64,112,3.702283367,0.4594636435
triangular,vertex,ec,64,113,3.702203267,0.4575751718
triangular,vertex,ec,64,114,3.702233304,0.4530458794
triangular,vertex,ec,64,115,3.701392456,0.4524781916
triangular,vertex,ec,64,116,3.701462512,0.4635050112
triangular,vertex,ec,64,117,3.702043079,0.4631600974
triangular,vertex,ec,64,118,3.701462512,0.4595684893
triangular,vertex,ec,64,119,3.700531984,0.4649004212
triangular,vertex,ec,64,120,3.701922947,0.4616829414
triangular,vertex,ec,64,121,3.702023057,0.4630416593
triangular,vertex,ec,64,122,3.701973001,0.4630656973
triangular,vertex,ec,64,123,3.702623828,0.4615517259
triangular,vertex,ec,64,124,3.700942159,0.4654439635
triangular,vertex,ec,64,125,3.702874207,0.4605641177
triangular,vertex,ec,64,126,3.703214777,0.4691531193
triangular,vertex,ec,64,127,3.701742763,0.4666497554
triangular,vertex,ec,64,128,3.701432488,0.4698739309
triangular,vertex,ec,64,129,3.699741902,0.4618079264
triangular,vertex,ec,64,130,3.702683916,0.460746012
triangular,vertex,ec,64,131,3.703114602,0.4594825037
triangular,vertex,ec,64,132,3.699351986,0.4608352432
triangular,vertex,ec,64,133,3.702794082,0.4629468763
triangular,vertex,ec,64,134,3.701202318,0.4645128051
triangular,vertex,ec,64,135,3.701362433,0.4599079498
triangular,vertex,ec,64,136,3.700361938,0.4642531098
triangular,vertex,ec,64,137,3.703014434,0.4630482515
triangular,vertex,ec,64,138,3.700171905,0.4556226825
triangular,vertex,ec,64,139,3.702133183,0.4654792766
triangular,vertex,ec,64,140,3.701072234,0.4605327687
triangular,vertex,ec,64,141,3.700521981,0.4642547167
triangular,vertex,ec,64,142,3.69952194,0.4612863577
triangular,vertex,ec,64,143,3.703254848,0.465079763
triangular,vertex,ec,64,144,3.702273354,0.4623937598
triangular,vertex,ec,64,145,3.701973001,0.4616570049
triangular,vertex,ec,64,146,3.702153207,0.4584693737
triangular,vertex,ec,64,147,3.701993023,0.4615708221
triangular,vertex,ec,64,148,3.699961891,0.4647327218
triangular,vertex,ec,64,149,3.702774051,0.4635487643
triangular,vertex,ec,64,150,3.701452504,0.4588253512
triangular,vertex,ec,64,151,3.70154258,0.4600349412
triangular,vertex,ec,64,152,3.702874207,0.4641719491
triangular,vertex,ec,64,153,3.701952979,0.4631933074
triangular,vertex,ec,64,154,3.703465235,0.4582589686
triangular,vertex,ec,64,155,3.700882128,0.463674341
triangular,vertex,ec,64,156,3.702273354,0.4600777396
triangular,vertex,ec,64,157,3.701232338,0.4665358068
triangular,vertex,ec,64,158,3.70236347,0.4658008051
triangular,vertex,ec,64,159,3.70205309,0.4525421528
triangular,vertex,ec,64,160,3.70248363,0.4552744345
triangular,vertex,ec,64,161,3.701252352,0.461575038
triangular,vertex,ec,64,162,3.704627808,0.4533423518
triangular,vertex,ec,64,163,3.701512554,0.4676241395
triangular,vertex,ec,64,164,3.702093136,0.4570850518
triangular,vertex,ec,64,165,3.70154258,0.4602524002
triangular,vertex,ec,64,166,3.701522563,0.4627684416
triangular,vertex,ec,64,167,3.702293379,0.4603624874
triangular,vertex,ec,64,168,3.702173231,0.4634806204
triangular,vertex,ec,64,169,3.701973001,0.4617442165
triangular,vertex,ec,64,170,3.702293379,0.4618894644
triangular,vertex,ec,64,171,3.70245359,0.4615705444
triangular,vertex,ec,64,172,3.702283367,0.4692149622
triangular,vertex,ec,64,173,3.700201909,0.4654163603
triangular,vertex,ec,64,174,3.701892915,0.4651276132
triangular,vertex,ec,64,175,3.701282374,0.4719219018
triangular,vertex,ec,64,176,3.700531984,0.459218977
triangular,vertex,ec,64,177,3.701072234,0.4706190068
triangular,vertex,ec,64,178,3.702083125,0.4619026541
triangular,vertex,ec,64,179,3.702233304,0.4621811476
triangular,vertex,ec,64,180,3.701952979,0.4539283817
triangular,vertex,ec,64,181,3.702794082,0.4585302162
triangular,vertex,ec,64,182,3.701362433,0.4633022213
triangular,vertex,ec,64,183,3.701072234,0.4658937429
triangular,vertex,ec,64,184,3.700992187,0.464822787
triangular,vertex,ec,64,185,3.702033068,0.4643877001
triangular,vertex,ec,64,186,3.701202318,0.45784717
triangular,vertex,ec,64,187,3.701402464,0.465992014
triangular,vertex,ec,64,188,3.699851893,0.469830852
triangular,vertex,ec,64,189,3.702423549,0.4625726283
triangular,vertex,ec,64,190,3.70196299,0.466263703
triangular,vertex,ec,64,191,3.701772793,0.4559934821
triangular,vertex,ec,64,192,3.702033068,0.4685333948
triangular,vertex,ec,64,193,3.701822843,0.4613977984
triangular,vertex,ec,64,194,3.700592004,0.466169798
triangular,vertex,ec,64,195,3.702063102,0.4562649105
triangular,vertex,ec,64,196,3.702744006,0.4616574595
triangular,vertex,ec,64,197,3.703014434,0.4639208206
triangular,vertex,ec,64,198,3.702563742,0.45682841
triangular,vertex,ec,64,199,3.701482529,0.4605702846
triangular,vertex,ec,96,0,3.678627871,0.8887368059
triangular,vertex,ec,96,1,3.678928083,0.8958929236
triangular,vertex,ec,96,2,3.678407746,0.8776896565
triangular,vertex,ec,96,3,3.678777971,0.8924248625
triangular,vertex,ec,96,4,3.677917564,0.8938551892
triangular,vertex,ec,96,5,3.679358472,0.9072544514
triangular,vertex,ec,96,6,3.676927594,0.893454999
triangular,vertex,ec,96,7,3.679688839,0.8980174647
triangular,vertex,ec,96,8,3.679588722,0.8914536873
triangular,vertex,ec,96,9,3.678367727,0.9177661454
triangular,vertex,ec,96,10,3.678817999,0.889484224
triangular,vertex,ec,96,11,3.678127626,0.8928025947
triangular,vertex,ec,96,12,3.677787538,0.8823322899
triangular,vertex,ec,96,13,3.678928083,0.873315899
triangular,vertex,ec,96,14,3.679208325,0.8930796018
triangular,vertex,ec,96,15,3.679228344,0.8786234949
triangular,vertex,ec,96,16,3.679038173,0.885182763
triangular,vertex,ec,96,17,3.678487789,0.8870457104
triangular,vertex,ec,96,18,3.678277685,0.8945795336
triangular,vertex,ec,96,19,3.677977579,0.876546233
triangular,vertex,ec,96,20,3.679078207,0.8808108248
triangular,vertex,ec,96,21,3.679608745,0.8904651679
triangular,vertex,ec,96,22,3.678127626,0.8841668979
triangular,vertex,ec,96,23,3.677517512,0.8779680315
triangular,vertex,ec,96,24,3.677887557,0.8902665958
triangular,vertex,ec,96,25,3.677907562,0.8877403801
triangular,vertex,ec,96,26,3.677547513,0.8856105882
triangular,vertex,ec,96,27,3.680009252,0.8774520478
triangular,vertex,ec,96,28,3.679408524,0.8918319713
triangular,vertex,ec,96,29,3.678767964,0.8905670961
triangular,vertex,ec,96,30,3.678187648,0.8986693574
triangular,vertex,ec,96,31,3.678587846,0.8833239637
triangular,vertex,ec,96,32,3.676857617,0.8869760765
triangular,vertex,ec,96,33,3.678888052,0.8697182145
triangular,vertex,ec,96,34,3.678487789,0.8850455972
triangular,vertex,ec,96,35,3.677857551,0.8903777728
triangular,vertex,ec,96,36,3.677527512,0.8738477851
triangular,vertex,ec,96,37,3.67765752,0.8958634106
triangular,vertex,ec,96,38,3.678707922,0.8875251918
triangular,vertex,ec,96,39,3.67905819,0.8939788865
triangular,vertex,ec,96,40,3.679288402,0.88625649
triangular,vertex,ec,96,41,3.678978123,0.881647667
triangular,vertex,ec,96,42,3.67913826,0.879921308
triangular,vertex,ec,96,43,3.678948099,0.8935274292
triangular,vertex,ec,96,44,3.678787978,0.8771640536
triangular,vertex,ec,96,45,3.677427512,0.8977655481
triangular,vertex,ec,96,46,3.678998139,0.8942558332
triangular,vertex,ec,96,47,3.678357722,0.8955921563
triangular,vertex,ec,96,48,3.678918075,0.8953135924
triangular,vertex,ec,96,49,3.679268382,0.8832809384
triangular,vertex,ec,96,50,3.680169479,0.9039724091
triangular,vertex,ec,96,51,3.679298412,0.8849234991
triangular,vertex,ec,96,52,3.678687909,0.8950487691
triangular,vertex,ec,96,53,3.679108233,0.8932172983
triangular,vertex,ec,96,54,3.67828769,0.8936843358
triangular,vertex,ec,96,55,3.679248363,0.8920773009
triangular,vertex,ec,96,56,3.679829013,0.8867627059
triangular,vertex,ec,96,57,3.678447767,0.8999963332
triangular,vertex,ec,96,58,3.678407746,0.8817920435
triangular,vertex,ec,96,59,3.678627871,0.8815619907
triangular,vertex,ec,96,60,3.679108233,0.9007876034
triangular,vertex,ec,96,61,3.676557742,0.9005767654
triangular,vertex,ec,96,62,3.678377731,0.8642577676
triangular,vertex,ec,96,63,3.678737943,0.891463715
triangular,vertex,ec,96,64,3.675988116,0.8971517839
triangular,vertex,ec,96,65,3.677897559,0.8800232057
triangular,vertex,ec,96,66,3.679678827,0.8777530094
triangular,vertex,ec,96,67,3.677967577,0.8921889762
triangular,vertex,ec,96,68,3.677677523,0.8792262119
triangular,vertex,ec,96,69,3.677887557,0.8961188571
triangular,vertex,ec,96,70,3.678677903,0.8993545677
triangular,vertex,ec,96,71,3.6785078,0.8837386451
triangular,vertex,ec,96,72,3.678767964,0.8875702656
triangular,vertex,ec,96,73,3.678187648,0.8737877266
triangular,vertex,ec,96,74,3.679368482,0.8878502175
triangular,vertex,ec,96,75,3.679248363,0.8817494993
triangular,vertex,ec,96,76,3.677967577,0.8958105002
triangular,vertex,ec,96,77,3.679278392,0.8873796069
triangular,vertex,ec,96,78,3.677767534,0.8733897467
triangular,vertex,ec,96,79,3.677197533,0.8819652985
triangular,vertex,ec,96,80,3.677607516,0.8818907561
triangular,vertex,ec,96,81,3.67865789,0.8900006904
triangular,vertex,ec,96,82,3.678187648,0.8762312914
triangular,vertex,ec,96,83,3.679348462,0.8829466335
triangular,vertex,ec,96,84,3.677877555,0.8943620808
triangular,vertex,ec,96,85,3.678147633,0.9027114407
triangular,vertex,ec,96,86,3.679628768,0.9025635259
triangular,vertex,ec,96,87,3.677527512,0.8781599288
triangular,vertex,ec,96,88,3.678988131,0.8919351077
triangular,vertex,ec,96,89,3.678527811,0.8947175001
triangular,vertex,ec,96,90,3.678297694,0.8968546796
triangular,vertex,ec,96,91,3.67957871,0.8801227869
triangular,vertex,ec,96,92,3.678387736,0.8948719902
triangular,vertex,ec,96,93,3.678757957,0.9043185868
triangular,vertex,ec,96,94,3.677977579,0.8917268402
triangular,vertex,ec,96,95,3.678447767,0.8992516003
triangular,vertex,ec,96,96,3.679798975,0.9052602465
triangular,vertex,ec,96,97,3.679248363,0.9058850872
triangular,vertex,ec,96,98,3.679418534,0.8927548526
triangular,vertex,ec,96,99,3.677727529,0.9119359201
triangular,vertex,ec,96,100,3.679608745,0.888789174
triangular,vertex,ec,96,101,3.677687524,0.8913395417
triangular,vertex,ec,96,102,3.677257525,0.8980825804
triangular,vertex,ec,96,103,3.678948099,0.8805040941
triangular,vertex,ec,96,104,3.679708863,0.8684444395
triangular,vertex,ec,96,105,3.677997585,0.8856325622
triangular,vertex,ec,96,106,3.678898059,0.8915272936
triangular,vertex,ec,96,107,3.678297694,0.8786403249
triangular,vertex,ec,96,108,3.678527811,0.8949381968
triangular,vertex,ec,96,109,3.679188306,0.8966643954
triangular,vertex,ec,96,110,3.677617517,0.8950126186
triangular,vertex,ec,96,111,3.67913826,0.8831858977
triangular,vertex,ec,96,112,3.678547822,0.8907485594
triangular,vertex,ec,96,113,3.678457772,0.9008532625
triangular,vertex,ec,96,114,3.677987582,0.8872828853
triangular,vertex,ec,96,115,3.680409846,0.8844365631
triangular,vertex,ec,96,116,3.677497512,0.8953612165
triangular,vertex,ec,96,117,3.677207532,0.8965208211
triangular,vertex,ec,96,118,3.679198315,0.900619175
triangular,vertex,ec,96,119,3.678817999,0.8866238599
triangular,vertex,ec,96,120,3.67721753,0.8989233718
triangular,vertex,ec,96,121,3.678707922,0.8839144963
triangular,vertex,ec,96,122,3.677587515,0.8861027483
triangular,vertex,ec,96,123,3.680199523,0.8989897926
triangular,vertex,ec,96,124,3.679348462,0.8953931727
triangular,vertex,ec,96,125,3.681171216,0.8797164908
triangular,vertex,ec,96,126,3.678457772,0.8739550136
triangular,vertex,ec,96,127,3.679158278,0.8852208057
triangular,vertex,ec,96,128,3.677357516,0.8825304551
triangular,vertex,ec,96,129,3.678948099,0.8831684489
triangular,vertex,ec,96,130,3.677537513,0.8964576411
triangular,vertex,ec,96,131,3.679398513,0.8867227539
triangular,vertex,ec,96,132,3.678127626,0.8753101166
triangular,vertex,ec,96,133,3.677897559,0.8768201339
triangular,vertex,ec,96,134,3.677697525,0.8905203263
triangular,vertex,ec,96,135,3.678918075,0.8903270003
triangular,vertex,ec,96,136,3.678797985,0.8877212376
triangular,vertex,ec,96,137,3.678787978,0.8971610076
triangular,vertex,ec,96,138,3.678537817,0.8899920003
triangular,vertex,ec,96,139,3.677767534,0.8805013365
triangular,vertex,ec,96,140,3.678147633,0.9046591796
triangular,vertex,ec,96,141,3.678297694,0.901569313
triangular,vertex,ec,96,142,3.678677903,0.8936181125
triangular,vertex,ec,96,143,3.678928083,0.9004289245
triangular,vertex,ec,96,144,3.67905819,0.9084787857
triangular,vertex,ec,96,145,3.678777971,0.8808564802
triangular,vertex,ec,96,146,3.679899104,0.8687196245
triangular,vertex,ec,96,147,3.677847549,0.8766897279
triangular,vertex,ec,96,148,3.677557513,0.9018670197
triangular,vertex,ec,96,149,3.679478599,0.8882803745
triangular,vertex,ec,96,150,3.677517512,0.9031916042
triangular,vertex,ec,96,151,3.678257677,0.9126697586
triangular,vertex,ec,96,152,3.678477783,0.9171206064
triangular,vertex,ec,96,153,3.67705756,0.8915175375
triangular,vertex,ec,96,154,3.679148269,0.8829828747
triangular,vertex,ec,96,155,3.678607858,0.9003045834
triangular,vertex,ec,96,156,3.679508632,0.9016065695
triangular,vertex,ec,96,157,3.679819,0.9067863074
triangular,vertex,ec,96,158,3.677607516,0.896948035
triangular,vertex,ec,96,159,3.67821766,0.8728299548
triangular,vertex,ec,96,160,3.679208325,0.8940168007
triangular,vertex,ec,96,161,3.679398513,0.8833576286
triangular,vertex,ec,96,162,3.679899104,0.8944176723
triangular,vertex,ec,96,163,3.6780476,0.882193421
triangular,vertex,ec,96,164,3.67701757,0.8898412596
triangular,vertex,ec,96,165,3.679798975,0.9052880186
triangular,vertex,ec,96,166,3.67905819,0.8708947121
triangular,vertex,ec,96,167,3.6780476,0.8892603146
triangular,vertex,ec,96,168,3.678978123,0.882859385
triangular,vertex,ec,96,169,3.680249598,0.8942446381
triangular,vertex,ec,96,170,3.678027594,0.8901468416
triangular,vertex,ec,96,171,3.678787978,0.8934035249
triangular,vertex,ec,96,172,3.678247673,0.8969473481
triangular,vertex,ec,96,173,3.678918075,0.8768715433
triangular,vertex,ec,96,174,3.678497794,0.8894568267
triangular,vertex,ec,96,175,3.677597516,0.8961263514
triangular,vertex,ec,96,176,3.67994917,0.8695276131
triangular,vertex,ec,96,177,3.677837547,0.8932514596
triangular,vertex,ec,96,178,3.677977579,0.8792624823
triangular,vertex,ec,96,179,3.677237528,0.9046921749
triangular,vertex,ec,96,180,3.678978123,0.8772798163
triangular,vertex,ec,96,181,3.678918075,0.8882685745
triangular,vertex,ec,96,182,3.678297694,0.8929472708
triangular,vertex,ec,96,183,3.678327708,0.888347604
triangular,vertex,ec,96,184,3.677137543,0.8936913775
triangular,vertex,ec,96,185,3.677937569,0.8912887597
triangular,vertex,ec,96,186,3.677447512,0.8873113583
triangular,vertex,ec,96,187,3.678757957,0.8913346046
triangular,vertex,ec,96,188,3.678527811,0.8983534117
triangular,vertex,ec,96,189,3.676747657,0.8943497606
triangular,vertex,ec,96,190,3.678797985,0.8869445437
triangular,vertex,ec,96,191,3.677107549,0.886350201
triangular,vertex,ec,96,192,3.677687524,0.8870411335
triangular,vertex,ec,96,193,3.679098225,0.8683948815
triangular,vertex,ec,96,194,3.679128251,0.8965126981
triangular,vertex,ec,96,195,3.679829013,0.8902134758
triangular,vertex,ec,96,196,3.678457772,0.8932505715
triangular,vertex,ec,96,197,3.678267681,0.8965318509
triangular,vertex,ec,96,198,3.677557513,0.8816536863
triangular,vertex,ec,96,199,3.67865789,0.8974307505
triangular,vertex,ec,128,0,3.667927451,1.438475514
triangular,vertex,ec,128,1,3.668467663,1.450729431
triangular,vertex,ec,128,2,3.667827429,1.449795481
triangular,vertex,ec,128,3,3.668007472,1.452413273
triangular,vertex,ec,128,4,3.668947984,1.432165509
triangular,vertex,ec,128,5,3.667917448,1.456623665
triangular,vertex,ec,128,6,3.669138146,1.418056027
triangular,vertex,ec,128,7,3.66851769,1.417406786
triangular,vertex,ec,128,8,3.669258259,1.443740494
triangular,vertex,ec,128,9,3.668757842,1.428859317
triangular,vertex,ec,128,10,3.667047447,1.441570208
triangular,vertex,ec,128,11,3.668567719,1.443145459
triangular,vertex,ec,128,12,3.669198202,1.446948563
triangular,vertex,ec,128,13,3.667987466,1.420178616
triangular,vertex,ec,128,14,3.667457396,1.448314416
triangular,vertex,ec,128,15,3.667397398,1.478620252
triangular,vertex,ec,128,16,3.667567398,1.444030803
triangular,vertex,ec,128,17,3.667937453,1.454327858
triangular,vertex,ec,128,18,3.668937976,1.438004216
triangular,vertex,ec,128,19,3.667547397,1.444907787
triangular,vertex,ec,128,20,3.668187533,1.463104947
triangular,vertex,ec,128,21,3.667817427,1.444988628
triangular,vertex,ec,128,22,3.668707808,1.410368069
triangular,vertex,ec,128,23,3.668187533,1.444417867
triangular,vertex,ec,128,24,3.669578598,1.424250414
triangular,vertex,ec,128,25,3.668477668,1.46191494
triangular,vertex,ec,128,26,3.668197537,1.421443868
triangular,vertex,ec,128,27,3.668947984,1.467851352
triangular,vertex,ec,128,28,3.667227413,1.455087645
triangular,vertex,ec,128,29,3.667967461,1.456711226
triangular,vertex,ec,128,30,3.667587399,1.439046375
triangular,vertex,ec,128,31,3.669628656,1.46096861
triangular,vertex,ec,128,32,3.668487673,1.440810673
triangular,vertex,ec,128,33,3.66879787,1.467289007
triangular,vertex,ec,128,34,3.669688727,1.420778771
triangular,vertex,ec,128,35,3.667527397,1.456561433
triangular,vertex,ec,128,36,3.669208211,1.465555461
triangular,vertex,ec,128,37,3.668707808,1.455180149
triangular,vertex,ec,128,38,3.668757842,1.447605275
triangular,vertex,ec,128,39,3.668988017,1.426313816
triangular,vertex,ec,128,40,3.669638667,1.451934261
triangular,vertex,ec,128,41,3.667147426,1.447473528
triangular,vertex,ec,128,42,3.670009141,1.44218281
triangular,vertex,ec,128,43,3.668347602,1.456106719
triangular,vertex,ec,128,44,3.668357607,1.422962489
triangular,vertex,ec,128,45,3.668557713,1.453235856
triangular,vertex,ec,128,46,3.669358359,1.439056
triangular,vertex,ec,128,47,3.667487396,1.434925374
triangular,vertex,ec,128,48,3.667947456,1.454720096
triangular,vertex,ec,128,49,3.667287406,1.425210386
triangular,vertex,ec,128,50,3.669318318,1.438014657
triangular,vertex,ec,128,51,3.668117507,1.427808139
triangular,vertex,ec,128,52,3.668747835,1.461234837
triangular,vertex,ec,128,53,3.668167525,1.44285858
triangular,vertex,ec,128,54,3.667787422,1.443414219
triangular,vertex,ec,128,55,3.6675974,1.461415664
triangular,vertex,ec,128,56,3.668117507,1.452545894
triangular,vertex,ec,128,57,3.667767419,1.460048294
triangular,vertex,ec,128,58,3.668117507,1.457024582
triangular,vertex,ec,128,59,3.66851769,1.435092255
triangular,vertex,ec,128,60,3.66770741,1.452925217
triangular,vertex,ec,128,61,3.667967461,1.450115672
triangular,vertex,ec,128,62,3.667847433,1.419232502
triangular,vertex,ec,128,63,3.668827892,1.456618749
triangular,vertex,ec,128,64,3.669458464,1.434071059
triangular,vertex,ec,128,65,3.668367611,1.44572184
triangular,vertex,ec,128,66,3.66910812,1.445881592
triangular,vertex,ec,128,67,3.668017475,1.435189409
triangular,vertex,ec,128,68,3.669198202,1.435867224
triangular,vertex,ec,128,69,3.668547707,1.452786731
triangular,vertex,ec,128,70,3.668457657,1.462640336
triangular,vertex,ec,128,71,3.667907446,1.453527219
triangular,vertex,ec,128,72,3.667887441,1.437191545
triangular,vertex,ec,128,73,3.667997469,1.444857802
triangular,vertex,ec,128,74,3.667767419,1.463016083
triangular,vertex,ec,128,75,3.668937976,1.411843816
triangular,vertex,ec,128,76,3.668427641,1.440945425
triangular,vertex,ec,128,77,3.668027478,1.436791672
triangular,vertex,ec,128,78,3.66861775,1.43175009
triangular,vertex,ec,128,79,3.668447652,1.434698942
triangular,vertex,ec,128,80,3.668998025,1.462696978
triangular,vertex,ec,128,81,3.668327592,1.463560984
triangular,vertex,ec,128,82,3.668867922,1.451958641
triangular,vertex,ec,128,83,3.667997469,1.443513343
triangular,vertex,ec,128,84,3.668487673,1.447507336
triangular,vertex,ec,128,85,3.6673574,1.444984143
triangular,vertex,ec,128,86,3.667217415,1.460526788
triangular,vertex,ec,128,87,3.668537702,1.431350779
triangular,vertex,ec,128,88,3.668077494,1.449331017
triangular,vertex,ec,128,89,3.669168174,1.454710341
triangular,vertex,ec,128,90,3.669008033,1.452419116
triangular,vertex,ec,128,91,3.667577399,1.423580911
triangular,vertex,ec,128,92,3.667657405,1.430156888
triangular,vertex,ec,128,93,3.666757538,1.449054521
triangular,vertex,ec,128,94,3.667797424,1.429427045
triangular,vertex,ec,128,95,3.669508519,1.439252342
triangular,vertex,ec,128,96,3.66827757,1.474075385
triangular,vertex,ec,128,97,3.668237553,1.456042985
triangular,vertex,ec,128,98,3.668047484,1.42195239
triangular,vertex,ec,128,99,3.669248249,1.453289305
triangular,vertex,ec,128,100,3.667277407,1.441226686
triangular,vertex,ec,128,101,3.668487673,1.451120076
triangular,vertex,ec,128,102,3.668957992,1.430395311
triangular,vertex,ec,128,103,3.6676074,1.452149926
triangular,vertex,ec,128,104,3.667177421,1.459911291
triangular,vertex,ec,128,105,3.667337401,1.418303367
triangular,vertex,ec,128,106,3.668057487,1.453486934
triangular,vertex,ec,128,107,3.667837431,1.452997798
triangular,vertex,ec,128,108,3.667637403,1.485810912
triangular,vertex,ec,128,109,3.668887937,1.471426251
triangular,vertex,ec,128,110,3.667867437,1.423071598
triangular,vertex,ec,128,111,3.667547397,1.460818868
triangular,vertex,ec,128,112,3.66806749,1.412859417
triangular,vertex,ec,128,113,3.668107504,1.44966067
triangular,vertex,ec,128,114,3.667877439,1.435786834
triangular,vertex,ec,128,115,3.668817885,1.446272529
triangular,vertex,ec,128,116,3.669218221,1.405381692
triangular,vertex,ec,128,117,3.668207541,1.427808139
triangular,vertex,ec,128,118,3.667447396,1.431566303
triangular,vertex,ec,128,119,3.667377399,1.460930484
triangular,vertex,ec,128,120,3.669048067,1.42414004
triangular,vertex,ec,128,121,3.668327592,1.454742533
triangular,vertex,ec,128,122,3.667687408,1.444076103
triangular,vertex,ec,128,123,3.667897444,1.44312601
triangular,vertex,ec,128,124,3.667907446,1.467732115
triangular,vertex,ec,128,125,3.667097436,1.47144886
triangular,vertex,ec,128,126,3.669158165,1.43202764
triangular,vertex,ec,128,127,3.667657405,1.44664181
triangular,vertex,ec,128,128,3.668107504,1.453274339
triangular,vertex,ec,128,129,3.66851769,1.45788194
triangular,vertex,ec,128,130,3.668667781,1.43249502
triangular,vertex,ec,128,131,3.667837431,1.438032397
triangular,vertex,ec,128,132,3.668367611,1.453290851
triangular,vertex,ec,128,133,3.667957458,1.441132885
triangular,vertex,ec,128,134,3.669318318,1.42512698
triangular,vertex,ec,128,135,3.668397626,1.435185772
triangular,vertex,ec,128,136,3.667897444,1.440300665
triangular,vertex,ec,128,137,3.668667781,1.44044908
triangular,vertex,ec,128,138,3.668787863,1.419081369
triangular,vertex,ec,128,139,3.667417397,1.43444358
triangular,vertex,ec,128,140,3.666877494,1.458066868
triangular,vertex,ec,128,141,3.668227549,1.41786304
triangular,vertex,ec,128,142,3.667967461,1.43240153
triangular,vertex,ec,128,143,3.668988017,1.438517628
triangular,vertex,ec,128,144,3.667697409,1.453191985
triangular,vertex,ec,128,145,3.668577725,1.437426809
triangular,vertex,ec,128,146,3.668787863,1.449972969
triangular,vertex,ec,128,147,3.667277407,1.444625755
triangular,vertex,ec,128,148,3.668837899,1.420908213
triangular,vertex,ec,128,149,3.668437647,1.449363025
triangular,vertex,ec,128,150,3.668637762,1.4456851
triangular,vertex,ec,128,151,3.668607743,1.442778457
triangular,vertex,ec,128,152,3.669158165,1.434420179
triangular,vertex,ec,128,153,3.668287574,1.438429341
triangular,vertex,ec,128,154,3.669468475,1.432599483
triangular,vertex,ec,128,155,3.668627756,1.446498395
triangular,vertex,ec,128,156,3.668757842,1.445988622
triangular,vertex,ec,128,157,3.666807519,1.444512256
triangular,vertex,ec,128,158,3.667937453,1.45283149
triangular,vertex,ec,128,159,3.668037481,1.432811743
triangular,vertex,ec,128,160,3.667977464,1.461340279
triangular,vertex,ec,128,161,3.667287406,1.453952928
triangular,vertex,ec,128,162,3.668447652,1.443505106
triangular,vertex,ec,128,163,3.668347602,1.448309023
triangular,vertex,ec,128,164,3.667907446,1.451831731
triangular,vertex,ec,128,165,3.668837899,1.442640679
triangular,vertex,ec,128,166,3.66645768,1.448838404
triangular,vertex,ec,128,167,3.668297579,1.411416692
triangular,vertex,ec,128,168,3.668567719,1.450479039
triangular,vertex,ec,128,169,3.669008033,1.430789242
triangular,vertex,ec,128,170,3.667987466,1.42170877
triangular,vertex,ec,128,171,3.667747416,1.439610458
triangular,vertex,ec,128,172,3.667327402,1.456391553
triangular,vertex,ec,128,173,3.668717814,1.465371106
triangular,vertex,ec,128,174,3.668407631,1.453176166
triangular,vertex,ec,128,175,3.668577725,1.425773915
triangular,vertex,ec,128,176,3.667217415,1.414516167
triangular,vertex,ec,128,177,3.668297579,1.451033975
triangular,vertex,ec,128,178,3.668247557,1.447856323
triangular,vertex,ec,128,179,3.667797424,1.444693916
triangular,vertex,ec,128,180,3.668968,1.437556344
triangular,vertex,ec,128,181,3.668157522,1.438620204
triangular,vertex,ec,128,182,3.667877439,1.445598731
triangular,vertex,ec,128,183,3.667787422,1.442002096
triangular,vertex,ec,128,184,3.668607743,1.44714973
triangular,vertex,ec,128,185,3.669999127,1.459487974
triangular,vertex,ec,128,186,3.668537702,1.422725469
triangular,vertex,ec,128,187,3.668377616,1.443588647
triangular,vertex,ec,128,188,3.668217545,1.437362845
triangular,vertex,ec,128,189,3.668677788,1.45015993
triangular,vertex,ec,128,190,3.668627756,1.446415439
triangular,vertex,ec,128,191,3.668737828,1.434619205
triangular,vertex,ec,128,192,3.667227413,1.450657459
triangular,vertex,ec,128,193,3.668377616,1.428924622
triangular,vertex,ec,128,194,3.667867437,1.446025589
triangular,vertex,ec,128,195,3.668127511,1.411702443
triangular,vertex,ec,128,196,3.668487673,1.458530239
triangular,vertex,ec,128,197,3.667547397,1.454361426
triangular,vertex,ec,128,198,3.668247557,1.416648808
triangular,vertex,ec,128,199,3.668527696,1.437227324
triangular,vertex,ec,192,0,3.658643171,2.964336281
triangular,vertex,ec,192,1,3.658893004,2.875717324
triangular,vertex,ec,192,2,3.658833041,2.874779377
triangular,vertex,ec,192,3,3.659052916,2.869548813
triangular,vertex,ec,192,4,3.659142872,2.93729011
triangular,vertex,ec,192,5,3.658863022,2.911799757
triangular,vertex,ec,192,6,3.658982953,2.905031015
triangular,vertex,ec,192,7,3.659242829,2.85087512
triangular,vertex,ec,192,8,3.659342791,2.904605391
triangular,vertex,ec,192,9,3.658853029,2.937834287
triangular,vertex,ec,192,10,3.658932981,2.858377465
triangular,vertex,ec,192,11,3.659492744,2.85862275
triangular,vertex,ec,192,12,3.659442758,2.902942755
triangular,vertex,ec,192,13,3.659302805,2.897163836
triangular,vertex,ec,192,14,3.659842683,2.904622188
triangular,vertex,ec,192,15,3.658912992,2.89704772
triangular,vertex,ec,192,16,3.658513271,2.87957123
triangular,vertex,ec,192,17,3.659422764,2.892387549
triangular,vertex,ec,192,18,3.65838338,2.911144105
triangular,vertex,ec,192,19,3.658853029,2.909925156
triangular,vertex,ec,192,20,3.658023731,2.906001038
triangular,vertex,ec,192,21,3.658902998,2.886945499
triangular,vertex,ec,192,22,3.658833041,2.884387252
triangular,vertex,ec,192,23,3.659852682,2.85241444
triangular,vertex,ec,192,24,3.660172687,2.882331852
triangular,vertex,ec,192,25,3.659262821,2.897237826
triangular,vertex,ec,192,26,3.658893004,2.926421595
triangular,vertex,ec,192,27,3.659142872,2.897965822
triangular,vertex,ec,192,28,3.659342791,2.961719188
triangular,vertex,ec,192,29,3.659102891,2.861411483
triangular,vertex,ec,192,30,3.659182854,2.891523349
triangular,vertex,ec,192,31,3.659742694,2.896780038
triangular,vertex,ec,192,32,3.659272817,2.861032922
triangular,vertex,ec,192,33,3.658623185,2.816337589
triangular,vertex,ec,192,34,3.659332794,2.935689844
triangular,vertex,ec,192,35,3.659712698,2.869290829
triangular,vertex,ec,192,36,3.659982678,2.837148583
triangular,vertex,ec,192,37,3.658733107,2.888512704
triangular,vertex,ec,192,38,3.659462752,2.895379196
triangular,vertex,ec,192,39,3.659052916,2.902875311
triangular,vertex,ec,192,40,3.659282813,2.905329723
triangular,vertex,ec,192,41,3.659342791,2.974203501
triangular,vertex,ec,192,42,3.659282813,2.883184154
triangular,vertex,ec,192,43,3.659302805,2.856065758
triangular,vertex,ec,192,44,3.66046274,2.841196917
triangular,vertex,ec,192,45,3.658863022,2.902863099
triangular,vertex,ec,192,46,3.659942678,2.892928871
triangular,vertex,ec,192,47,3.659112886,2.856661294
triangular,vertex,ec,192,48,3.660352714,2.806090951
triangular,vertex,ec,192,49,3.659352787,2.892168112
triangular,vertex,ec,192,50,3.658673149,2.892960357
triangular,vertex,ec,192,51,3.660032678,2.905697644
triangular,vertex,ec,192,52,3.660062679,2.879636964
triangular,vertex,ec,192,53,3.658293461,2.896000439
triangular,vertex,ec,192,54,3.658833041,2.912416049
triangular,vertex,ec,192,55,3.659832684,2.88580467
triangular,vertex,ec,192,56,3.6587431,2.875724092
triangular,vertex,ec,192,57,3.659482747,2.858702812
triangular,vertex,ec,192,58,3.658613193,2.914570857
triangular,vertex,ec,192,59,3.659842683,2.919205623
triangular,vertex,ec,192,60,3.658513271,2.866490906
triangular,vertex,ec,192,61,3.659692701,2.927117145
triangular,vertex,ec,192,62,3.658972958,2.919075277
triangular,vertex,ec,192,63,3.660012678,2.880588011
triangular,vertex,ec,192,64,3.658833041,2.872402026
triangular,vertex,ec,192,65,3.658763087,2.890745055
triangular,vertex,ec,192,66,3.659272817,2.892980923
triangular,vertex,ec,192,67,3.659682703,2.847940405
triangular,vertex,ec,192,68,3.658783073,2.853296944
triangular,vertex,ec,192,69,3.658932981,2.866471197
triangular,vertex,ec,192,70,3.658972958,2.905944584
triangular,vertex,ec,192,71,3.659402771,2.90176961
triangular,vertex,ec,192,72,3.658723114,2.878931251
triangular,vertex,ec,192,73,3.659612716,2.898491563
triangular,vertex,ec,192,74,3.658952969,2.903029156
triangular,vertex,ec,192,75,3.659552729,2.970673357
triangular,vertex,ec,192,76,3.65880306,2.857026798
triangular,vertex,ec,192,77,3.660052679,2.884908201
triangular,vertex,ec,192,78,3.659282813,2.905543349
triangular,vertex,ec,192,79,3.659402771,2.899710555
triangular,vertex,ec,192,80,3.658503279,2.877889734
triangular,vertex,ec,192,81,3.658833041,2.846637967
triangular,vertex,ec,192,82,3.6597027,2.882296286
triangular,vertex,ec,192,83,3.659532734,2.889411129
triangular,vertex,ec,192,84,3.65888301,2.883549507
triangular,vertex,ec,192,85,3.659762691,2.890914762
triangular,vertex,ec,192,86,3.659162863,2.932137692
triangular,vertex,ec,192,87,3.659712698,2.886792675
triangular,vertex,ec,192,88,3.658783073,2.959067888
triangular,vertex,ec,192,89,3.65880306,2.895932122
triangular,vertex,ec,192,90,3.658783073,2.885519592
triangular,vertex,ec,192,91,3.660022678,2.842558658
triangular,vertex,ec,192,92,3.659032926,2.885103606
triangular,vertex,ec,192,93,3.659612716,2.865812405
triangular,vertex,ec,192,94,3.659182854,2.886224874
triangular,vertex,ec,192,95,3.658613193,2.894690127
triangular,vertex,ec,192,96,3.659232833,2.869967832
triangular,vertex,ec,192,97,3.659022931,2.90922431
triangular,vertex,ec,192,98,3.659612716,2.896591433
triangular,vertex,ec,192,99,3.658693135,2.821543977
triangular,vertex,ec,192,100,3.658733107,2.913774478
triangular,vertex,ec,192,101,3.659392774,2.882765877
triangular,vertex,ec,192,102,3.659072906,2.948789291
triangular,vertex,ec,192,103,3.659202845,2.921429878
triangular,vertex,ec,192,104,3.659332794,2.865215317
triangular,vertex,ec,192,105,3.658013741,2.838331828
triangular,vertex,ec,192,106,3.659172858,2.882774206
triangular,vertex,ec,192,107,3.659312802,2.969341597
triangular,vertex,ec,192,108,3.659852682,2.918226477
triangular,vertex,ec,192,109,3.659482747,2.874536271
triangular,vertex,ec,192,110,3.659322798,2.893267865
triangular,vertex,ec,192,111,3.659162863,2.951312542
triangular,vertex,ec,192,112,3.659102891,2.919837555
triangular,vertex,ec,192,113,3.660442734,2.893335708
triangular,vertex,ec,192,114,3.658942975,2.928233256
triangular,vertex,ec,192,115,3.65964271,2.843762382
triangular,vertex,ec,192,116,3.659522736,2.911136612
triangular,vertex,ec,192,117,3.658713121,2.937899208
triangular,vertex,ec,192,118,3.659302805,2.851126528
triangular,vertex,ec,192,119,3.65919285,2.879253702
triangular,vertex,ec,192,120,3.65959272,2.891630679
triangular,vertex,ec,192,121,3.658633178,2.903826001
triangular,vertex,ec,192,122,3.659522736,2.939218944
triangular,vertex,ec,192,123,3.659102891,2.914755416
triangular,vertex,ec,192,124,3.658912992,2.85174553
triangular,vertex,ec,192,125,3.65988268,2.869770902
triangular,vertex,ec,192,126,3.659282813,2.884470747
triangular,vertex,ec,192,127,3.659402771,2.938842812
triangular,vertex,ec,192,128,3.658873016,2.871059786
triangular,vertex,ec,192,129,3.659062911,2.902288585
triangular,vertex,ec,192,130,3.658962964,2.888311225
triangular,vertex,ec,192,131,3.65880306,2.96005753
triangular,vertex,ec,192,132,3.659262821,2.936614377
triangular,vertex,ec,192,133,3.658952969,2.902365297
triangular,vertex,ec,192,134,3.658643171,2.905532519
triangular,vertex,ec,192,135,3.658873016,2.879687798
triangular,vertex,ec,192,136,3.65919285,2.831957023
triangular,vertex,ec,192,137,3.659222837,2.888041732
triangular,vertex,ec,192,138,3.659122881,2.886148794
triangular,vertex,ec,192,139,3.659742694,2.79534856
triangular,vertex,ec,192,140,3.659102891,2.850484165
triangular,vertex,ec,192,141,3.659392774,2.943674728
triangular,vertex,ec,192,142,3.659422764,2.863060648
triangular,vertex,ec,192,143,3.658942975,2.953318722
triangular,vertex,ec,192,144,3.659462752,2.858668911
triangular,vertex,ec,192,145,3.659332794,2.910037283
triangular,vertex,ec,192,146,3.659422764,2.920555317
triangular,vertex,ec,192,147,3.65880306,2.892663086
triangular,vertex,ec,192,148,3.658962964,2.865382887
triangular,vertex,ec,192,149,3.65989268,2.921305717
triangular,vertex,ec,192,150,3.658813054,2.943483756
triangular,vertex,ec,192,151,3.658763087,2.911364835
triangular,vertex,ec,192,152,3.658902998,2.870047417
triangular,vertex,ec,192,153,3.658893004,2.874077031
triangular,vertex,ec,192,154,3.659462752,2.883696317
triangular,vertex,ec,192,155,3.659172858,2.88749588
triangular,vertex,ec,192,156,3.659242829,2.879464942
triangular,vertex,ec,192,157,3.658962964,2.897107378
triangular,vertex,ec,192,158,3.658223527,2.928639035
triangular,vertex,ec,192,159,3.658863022,2.945655299
triangular,vertex,ec,192,160,3.659802687,2.88054874
triangular,vertex,ec,192,161,3.65880306,2.923090651
triangular,vertex,ec,192,162,3.659512739,2.857421642
triangular,vertex,ec,192,163,3.659442758,2.88681396
triangular,vertex,ec,192,164,3.659422764,2.899790916
triangular,vertex,ec,192,165,3.659402771,2.870250201
triangular,vertex,ec,192,166,3.659152867,2.871636502
triangular,vertex,ec,192,167,3.658863022,2.850687751
triangular,vertex,ec,192,168,3.658982953,2.916565009
triangular,vertex,ec,192,169,3.65877308,2.920992282
triangular,vertex,ec,192,170,3.659402771,2.911341991
triangular,vertex,ec,192,171,3.659182854,2.937960651
triangular,vertex,ec,192,172,3.659112886,2.914416519
triangular,vertex,ec,192,173,3.660292703,2.842198757
triangular,vertex,ec,192,174,3.659282813,2.932640831
triangular,vertex,ec,192,175,3.659492744,2.813200859
triangular,vertex,ec,192,176,3.659712698,2.910610785
triangular,vertex,ec,192,177,3.659572724,2.863815918
triangular,vertex,ec,192,178,3.658833041,2.955734506
triangular,vertex,ec,192,179,3.659302805,2.907745113
triangular,vertex,ec,192,180,3.659022931,2.847942447
triangular,vertex,ec,192,181,3.659112886,2.844144071
triangular,vertex,ec,192,182,3.659262821,2.934023853
triangular,vertex,ec,192,183,3.659492744,2.906206301
triangular,vertex,ec,192,184,3.659382777,2.833299849
triangular,vertex,ec,192,185,3.65880306,2.935681318
triangular,vertex,ec,192,186,3.660102681,2.8664415
triangular,vertex,ec,192,187,3.659942678,2.861691543
triangular,vertex,ec,192,188,3.658653163,2.92899641
triangular,vertex,ec,192,189,3.659612716,2.908960209
triangular,vertex,ec,192,190,3.658922987,2.962512466
triangular,vertex,ec,192,191,3.659312802,2.949603973
triangular,vertex,ec,192,192,3.658922987,2.913086405
triangular,vertex,ec,192,193,3.659432761,2.892507946
triangular,vertex,ec,192,194,3.659342791,2.875290622
triangular,vertex,ec,192,195,3.659452755,2.859272066
triangular,vertex,ec,192,196,3.659342791,2.943152417
triangular,vertex,ec,192,197,3.659422764,2.912161783
triangular,vertex,ec,192,198,3.659902679,2.893020085
triangular,vertex,ec,192,199,3.658952969,2.861442235
triangular,vertex,ec,256,0,3.653870808,4.750063391
triangular,vertex,ec,256,1,3.653721312,4.787840877
triangular,vertex,ec,256,2,3.653900709,4.786847967
triangular,vertex,ec,256,3,3.6531633,4.74275649
triangular,vertex,ec,256,4,3.653502073,4.726161878
triangular,vertex,ec,256,5,3.653960512,4.769054863
triangular,vertex,ec,256,6,3.653093561,4.74953046
triangular,vertex,ec,256,7,3.65397048,4.812648708
triangular,vertex,ec,256,8,3.653890742,4.761562307
triangular,vertex,ec,256,9,3.653980447,4.74814107
triangular,vertex,ec,256,10,3.653422356,4.76146263
triangular,vertex,ec,256,11,3.653651551,4.783927757
triangular,vertex,ec,256,12,3.654149901,4.757254385
triangular,vertex,ec,256,13,3.653980447,4.6604025
triangular,vertex,ec,256,14,3.653442285,4.720665921
triangular,vertex,ec,256,15,3.653781109,4.832509459
triangular,vertex,ec,256,16,3.653801042,4.78801898
triangular,vertex,ec,256,17,3.653103524,4.702623796
triangular,vertex,ec,256,18,3.654169838,4.740429755
triangular,vertex,ec,256,19,3.654259556,4.770914133
triangular,vertex,ec,256,20,3.653621655,4.836197649
triangular,vertex,ec,256,21,3.653223079,4.846550672
triangular,vertex,ec,256,22,3.654149901,4.740002304
triangular,vertex,ec,256,23,3.653591758,4.801703636
triangular,vertex,ec,256,24,3.653920643,4.821558217
triangular,vertex,ec,256,25,3.654349279,4.726238116
triangular,vertex,ec,256,26,3.654000382,4.697647476
triangular,vertex,ec,256,27,3.653811008,4.70472005
triangular,vertex,ec,256,28,3.653840908,4.738949329
triangular,vertex,ec,256,29,3.653571828,4.839683516
triangular,vertex,ec,256,30,3.653671483,4.801160058
triangular,vertex,ec,256,31,3.653791076,4.74889561
triangular,vertex,ec,256,32,3.653591758,4.725149747
triangular,vertex,ec,256,33,3.653870808,4.685132595
triangular,vertex,ec,256,34,3.654249587,4.70138938
triangular,vertex,ec,256,35,3.653980447,4.814036883
triangular,vertex,ec,256,36,3.653412392,4.821168166
triangular,vertex,ec,256,37,3.654528738,4.671725726
triangular,vertex,ec,256,38,3.65363162,4.800049319
triangular,vertex,ec,256,39,3.653880775,4.72108081
triangular,vertex,ec,256,40,3.654110028,4.743002722
triangular,vertex,ec,256,41,3.654439006,4.79137634
triangular,vertex,ec,256,42,3.653920643,4.758769015
triangular,vertex,ec,256,43,3.653801042,4.725582535
triangular,vertex,ec,256,44,3.653502073,4.763510044
triangular,vertex,ec,256,45,3.654319371,4.738395097
triangular,vertex,ec,256,46,3.653312751,4.777526253
triangular,vertex,ec,256,47,3.653691414,4.70590325
triangular,vertex,ec,256,48,3.654110028,4.773558545
triangular,vertex,ec,256,49,3.653791076,4.832640617
triangular,vertex,ec,256,50,3.654020317,4.701542049
triangular,vertex,ec,256,51,3.653880775,4.770470783
triangular,vertex,ec,256,52,3.653691414,4.760188992
triangular,vertex,ec,256,53,3.654309402,4.775617234
triangular,vertex,ec,256,54,3.653960512,4.794733274
triangular,vertex,ec,256,55,3.653820975,4.741887492
triangular,vertex,ec,256,56,3.654139933,4.739100376
triangular,vertex,ec,256,57,3.65422965,4.739826872
triangular,vertex,ec,256,58,3.653920643,4.772173803
triangular,vertex,ec,256,59,3.653830942,4.778936346
triangular,vertex,ec,256,60,3.653771143,4.772861331
triangular,vertex,ec,256,61,3.65397048,4.77375344
triangular,vertex,ec,256,62,3.653781109,4.806083065
triangular,vertex,ec,256,63,3.654119996,4.776567942
triangular,vertex,ec,256,64,3.654010349,4.705532228
triangular,vertex,ec,256,65,3.653890742,4.710983922
triangular,vertex,ec,256,66,3.654209712,4.782200836
triangular,vertex,ec,256,67,3.653990414,4.789504483
triangular,vertex,ec,256,68,3.653840908,4.767599876
triangular,vertex,ec,256,69,3.654508797,4.71914733
triangular,vertex,ec,256,70,3.653651551,4.836744671
triangular,vertex,ec,256,71,3.654090092,4.771085603
triangular,vertex,ec,256,72,3.653920643,4.696069419
triangular,vertex,ec,256,73,3.654189775,4.742963386
triangular,vertex,ec,256,74,3.653950545,4.825752583
triangular,vertex,ec,256,75,3.654040252,4.807760114
triangular,vertex,ec,256,76,3.654249587,4.760493435
triangular,vertex,ec,256,77,3.654030285,4.807581916
triangular,vertex,ec,256,78,3.654070156,4.739306196
triangular,vertex,ec,256,79,3.653811008,4.813970603
triangular,vertex,ec,256,80,3.653571828,4.68669095
triangular,vertex,ec,256,81,3.653741244,4.747443402
triangular,vertex,ec,256,82,3.654239619,4.770989527
triangular,vertex,ec,256,83,3.654119996,4.679285119
triangular,vertex,ec,256,84,3.654040252,4.755120828
triangular,vertex,ec,256,85,3.653900709,4.634476476
triangular,vertex,ec,256,86,3.653462214,4.755075198
triangular,vertex,ec,256,87,3.654289463,4.787282255
triangular,vertex,ec,256,88,3.654119996,4.725327126
triangular,vertex,ec,256,89,3.653880775,4.692112131
triangular,vertex,ec,256,90,3.653980447,4.739806617
triangular,vertex,ec,256,91,3.653791076,4.793219263
triangular,vertex,ec,256,92,3.653840908,4.802497129
triangular,vertex,ec,256,93,3.654189775,4.818253718
triangular,vertex,ec,256,94,3.653641586,4.828518092
triangular,vertex,ec,256,95,3.653940578,4.738417561
triangular,vertex,ec,256,96,3.654129965,4.724697768
triangular,vertex,ec,256,97,3.654239619,4.717045719
triangular,vertex,ec,256,98,3.654129965,4.780502945
triangular,vertex,ec,256,99,3.654249587,4.766025228
triangular,vertex,ec,256,100,3.653860842,4.765709985
triangular,vertex,ec,256,101,3.653651551,4.713350644
triangular,vertex,ec,256,102,3.653611689,4.76448843
triangular,vertex,ec,256,103,3.653791076,4.727847521
triangular,vertex,ec,256,104,3.653820975,4.815254141
triangular,vertex,ec,256,105,3.654000382,4.665416004
triangular,vertex,ec,256,106,3.653621655,4.803652296
triangular,vertex,ec,256,107,3.654209712,4.813736218
triangular,vertex,ec,256,108,3.654369218,4.740530728
triangular,vertex,ec,256,109,3.654149901,4.704414913
triangular,vertex,ec,256,110,3.65370138,4.803565679
triangular,vertex,ec,256,111,3.653920643,4.740302218
triangular,vertex,ec,256,112,3.653980447,4.707868403
triangular,vertex,ec,256,113,3.654179806,4.772018356
triangular,vertex,ec,256,114,3.654159869,4.81645266
triangular,vertex,ec,256,115,3.654119996,4.808505626
triangular,vertex,ec,256,116,3.65393061,4.72132086
triangular,vertex,ec,256,117,3.653830942,4.744605141
triangular,vertex,ec,256,118,3.65405022,4.76915999
triangular,vertex,ec,256,119,3.654110028,4.791454646
triangular,vertex,ec,256,120,3.653522003,4.792633614
triangular,vertex,ec,256,121,3.653860842,4.722856993
triangular,vertex,ec,256,122,3.653820975,4.763127255
triangular,vertex,ec,256,123,3.65405022,4.765972784
triangular,vertex,ec,256,124,3.65393061,4.734637593
triangular,vertex,ec,256,125,3.654040252,4.749172662
triangular,vertex,ec,256,126,3.653531968,4.762701961
triangular,vertex,ec,256,127,3.653601724,4.764624172
triangular,vertex,ec,256,128,3.653900709,4.867632499
triangular,vertex,ec,256,129,3.653830942,4.756224912
triangular,vertex,ec,256,130,3.653880775,4.747607896
triangular,vertex,ec,256,131,3.653860842,4.764217216
triangular,vertex,ec,256,132,3.654010349,4.765706338
triangular,vertex,ec,256,133,3.654060188,4.811350305
triangular,vertex,ec,256,134,3.654299433,4.756597903
triangular,vertex,ec,256,135,3.653960512,4.777638976
triangular,vertex,ec,256,136,3.653860842,4.790970326
triangular,vertex,ec,256,137,3.653661517,4.751141081
triangular,vertex,ec,256,138,3.653801042,4.759652466
triangular,vertex,ec,256,139,3.653482143,4.761881821
triangular,vertex,ec,256,140,3.654010349,4.735995492
triangular,vertex,ec,256,141,3.654179806,4.764490653
triangular,vertex,ec,256,142,3.653950545,4.673489266
triangular,vertex,ec,256,143,3.654309402,4.671423085
triangular,vertex,ec,256,144,3.654439006,4.815405098
triangular,vertex,ec,256,145,3.654309402,4.70306664
triangular,vertex,ec,256,146,3.653691414,4.746664941
triangular,vertex,ec,256,147,3.653980447,4.751390247
triangular,vertex,ec,256,148,3.653761177,4.692952478
triangular,vertex,ec,256,149,3.653472179,4.790353095
triangular,vertex,ec,256,150,3.653771143,4.801116062
triangular,vertex,ec,256,151,3.65410006,4.745295552
triangular,vertex,ec,256,152,3.654409097,4.750060018
triangular,vertex,ec,256,153,3.654588561,4.745816548
triangular,vertex,ec,256,154,3.654279494,4.732511073
triangular,vertex,ec,256,155,3.653801042,4.78791398
triangular,vertex,ec,256,156,3.654139933,4.777091422
triangular,vertex,ec,256,157,3.653820975,4.722727919
triangular,vertex,ec,256,158,3.654219681,4.737675647
triangular,vertex,ec,256,159,3.654129965,4.708454591
triangular,vertex,ec,256,160,3.6531633,4.830284247
triangular,vertex,ec,256,161,3.653950545,4.786937892
triangular,vertex,ec,256,162,3.65422965,4.765470996
triangular,vertex,ec,256,163,3.65405022,4.778233201
triangular,vertex,ec,256,164,3.654269525,4.749436406
triangular,vertex,ec,256,165,3.65405022,4.724267189
triangular,vertex,ec,256,166,3.65405022,4.830768358
triangular,vertex,ec,256,167,3.654149901,4.768736741
triangular,vertex,ec,256,168,3.653880775,4.760295316
triangular,vertex,ec,256,169,3.653412392,4.799302498
triangular,vertex,ec,256,170,3.653920643,4.835449769
triangular,vertex,ec,256,171,3.653761177,4.763848212
triangular,vertex,ec,256,172,3.653850875,4.793022589
triangular,vertex,ec,256,173,3.65422965,4.809370418
triangular,vertex,ec,256,174,3.653621655,4.725864463
triangular,vertex,ec,256,175,3.654409097,4.747122533
triangular,vertex,ec,256,176,3.653252969,4.845573797
triangular,vertex,ec,256,177,3.653651551,4.785192303
triangular,vertex,ec,256,178,3.653920643,4.769428152
triangular,vertex,ec,256,179,3.653990414,4.662374172
triangular,vertex,ec,256,180,3.653840908,4.76962795
triangular,vertex,ec,256,181,3.654209712,4.756476894
triangular,vertex,ec,256,182,3.65433931,4.820763324
triangular,vertex,ec,256,183,3.65328286,4.759656341
triangular,vertex,ec,256,184,3.653860842,4.750764816
triangular,vertex,ec,256,185,3.654070156,4.683497344
triangular,vertex,ec,256,186,3.653651551,4.714675321
triangular,vertex,ec,256,187,3.653781109,4.757931861
triangular,vertex,ec,256,188,3.65370138,4.803826209
triangular,vertex,ec,256,189,3.654149901,4.733035442
triangular,vertex,ec,384,0,3.649905466,9.591601784
triangular,vertex,ec,384,1,3.649526557,9.639917984
triangular,vertex,ec,384,2,3.649755887,9.558461388
triangular,vertex,ec,384,3,3.649915438,9.612242397
triangular,vertex,ec,384,4,3.649885521,9.61103125
triangular,vertex,ec,384,5,3.649536527,9.463066607
triangular,vertex,ec,384,6,3.65012487,9.329534556
triangular,vertex,ec,384,7,3.649885521,9.474150828
triangular,vertex,ec,384,8,3.650084976,9.509550057
triangular,vertex,ec,384,9,3.649436827,9.441247344
triangular,vertex,ec,384,10,3.650005191,9.536029857
triangular,vertex,ec,384,11,3.649576409,9.692094116
triangular,vertex,ec,384,12,3.649875549,9.561646002
triangular,vertex,ec,384,13,3.649436827,9.632748157
triangular,vertex,ec,384,14,3.650104923,9.389109536
triangular,vertex,ec,384,15,3.649825689,9.473793994
triangular,vertex,ec,384,16,3.649586379,9.47397113
triangular,vertex,ec,384,17,3.649995219,9.499920786
triangular,vertex,ec,384,18,3.649287287,9.753556698
triangular,vertex,ec,384,19,3.649496647,9.682206577
triangular,vertex,ec,384,20,3.649357071,9.520466785
triangular,vertex,ec,384,21,3.64970603,9.479973386
triangular,vertex,ec,384,22,3.649207537,9.462364609
triangular,vertex,ec,384,23,3.649586379,9.512993913
triangular,vertex,ec,384,24,3.650025137,9.52205193
triangular,vertex,ec,384,25,3.649626262,9.681812718
triangular,vertex,ec,384,26,3.649755887,9.476770398
triangular,vertex,ec,384,27,3.649436827,9.433026234
triangular,vertex,ec,384,28,3.649845633,9.660599536
triangular,vertex,ec,384,29,3.649945355,9.430859233
triangular,vertex,ec,384,30,3.649845633,9.575046077
triangular,vertex,ec,384,31,3.649716001,9.655999357
triangular,vertex,ec,384,32,3.649755887,9.563971786
triangular,vertex,ec,384,33,3.649406918,9.581085737
triangular,vertex,ec,384,34,3.64937701,9.583542984
triangular,vertex,ec,384,35,3.649765859,9.502127506
triangular,vertex,ec,384,36,3.649576409,9.662314282
triangular,vertex,ec,384,37,3.650204659,9.261206817
triangular,vertex,ec,384,38,3.649985246,9.500588647
triangular,vertex,ec,384,39,3.650214633,9.479430932
triangular,vertex,ec,384,40,3.649955328,9.573588822
triangular,vertex,ec,384,41,3.649656175,9.507925669
triangular,vertex,ec,384,42,3.649835661,9.503711006
triangular,vertex,ec,384,43,3.649616291,9.429994831
triangular,vertex,ec,384,44,3.64937701,9.718799695
triangular,vertex,ec,384,45,3.649506617,9.529546558
triangular,vertex,ec,384,46,3.649945355,9.407613487
triangular,vertex,ec,384,47,3.649546498,9.559477222
triangular,vertex,ec,384,48,3.649666146,9.607415968
triangular,vertex,ec,384,49,3.649386979,9.637419729
triangular,vertex,ec,384,50,3.649755887,9.534682479
triangular,vertex,ec,384,51,3.649676117,9.632971955
triangular,vertex,ec,384,52,3.649536527,9.688096984
triangular,vertex,ec,384,53,3.649855605,9.484154916
triangular,vertex,ec,384,54,3.650075003,9.566602761
triangular,vertex,ec,384,55,3.649735944,9.564728872
triangular,vertex,ec,384,56,3.649725973,9.671817734
triangular,vertex,ec,384,57,3.64959635,9.738362534
triangular,vertex,ec,384,58,3.649855605,9.586254377
triangular,vertex,ec,384,59,3.649307225,9.564707888
triangular,vertex,ec,384,60,3.649755887,9.614549933
triangular,vertex,ec,384,61,3.64970603,9.650247113
triangular,vertex,ec,384,62,3.649656175,9.662494662
triangular,vertex,ec,384,63,3.649875549,9.702433857
triangular,vertex,ec,384,64,3.649506617,9.629474202
triangular,vertex,ec,384,65,3.649267349,9.729069664
triangular,vertex,ec,384,66,3.649835661,9.44729689
triangular,vertex,ec,384,67,3.649745916,9.572259062
triangular,vertex,ec,384,68,3.649536527,9.675125983
triangular,vertex,ec,384,69,3.649406918,9.686640477
triangular,vertex,ec,384,70,3.649755887,9.541522978
triangular,vertex,ec,384,71,3.649646204,9.619372018
triangular,vertex,ec,384,72,3.649985246,9.628858774
triangular,vertex,ec,384,73,3.649975273,9.473487403
triangular,vertex,ec,384,74,3.649656175,9.549999213
triangular,vertex,ec,384,75,3.649905466,9.390998915
triangular,vertex,ec,384,76,3.649845633,9.370059139
triangular,vertex,ec,384,77,3.649656175,9.511093058
triangular,vertex,ec,384,78,3.649795773,9.669018336
triangular,vertex,ec,384,79,3.649496647,9.50589611
triangular,vertex,ec,384,80,3.650194685,9.478951277
triangular,vertex,ec,384,81,3.649755887,9.406857325
triangular,vertex,ec,384,82,3.64977583,9.611957371
triangular,vertex,ec,384,83,3.64925738,9.569708936
triangular,vertex,ec,384,84,3.64977583,9.590604961
triangular,vertex,ec,384,85,3.649317194,9.671734693
triangular,vertex,ec,384,86,3.649895493,9.53153025
triangular,vertex,ec,384,87,3.649785802,9.589214345
triangular,vertex,ec,384,88,3.649835661,9.657304633
triangular,vertex,ec,384,89,3.649576409,9.583697726
triangular,vertex,ec,384,90,3.649905466,9.339190493
triangular,vertex,ec,384,91,3.649755887,9.525344647
triangular,vertex,ec,384,92,3.649716001,9.560919242
triangular,vertex,ec,384,93,3.649466737,9.686198609
triangular,vertex,ec,384,94,3.64959635,9.833334054
triangular,vertex,ec,384,95,3.64970603,9.633092044
triangular,vertex,ec,384,96,3.649287287,9.33942212
triangular,vertex,ec,384,97,3.649048048,9.588592504
triangular,vertex,ec,384,98,3.649755887,9.578132654
triangular,vertex,ec,384,99,3.649486677,9.918402171
triangular,vertex,ec,384,100,3.649516587,9.428319453
triangular,vertex,ec,384,101,3.649785802,9.471473112
triangular,vertex,ec,384,102,3.649865577,9.69187157
triangular,vertex,ec,384,103,3.649755887,9.39106326
triangular,vertex,ec,384,104,3.650065029,9.501956829
triangular,vertex,ec,384,105,3.649935383,9.483198273
triangular,vertex,ec,384,106,3.64970603,9.715282663
triangular,vertex,ec,384,107,3.649725973,9.517801083
triangular,vertex,ec,384,108,3.649606321,9.565012535
triangular,vertex,ec,384,109,3.649446797,9.812102563
triangular,vertex,ec,384,110,3.650184712,9.533649874
triangular,vertex,ec,384,111,3.649815717,9.608397281
triangular,vertex,ec,384,112,3.650025137,9.474956427
triangular,vertex,ec,384,113,3.649955328,9.677990325
triangular,vertex,ec,384,114,3.649676117,9.452528464
triangular,vertex,ec,384,115,3.649167664,9.608031713
triangular,vertex,ec,384,116,3.64977583,9.667788052
triangular,vertex,ec,384,117,3.650244556,9.500823555
triangular,vertex,ec,384,118,3.649486677,9.507275083
triangular,vertex,ec,384,119,3.649855605,9.342320672
triangular,vertex,ec,384,120,3.649785802,9.719644748
triangular,vertex,ec,384,121,3.649975273,9.644689546
triangular,vertex,ec,384,122,3.649835661,9.544301995
triangular,vertex,ec,384,123,3.649526557,9.693242232
triangular,vertex,ec,384,124,3.64977583,9.624872945
triangular,vertex,ec,384,125,3.64936704,9.610038041
triangular,vertex,ec,384,126,3.649446797,9.584056602
triangular,vertex,ec,384,127,3.649406918,9.80291568
triangular,vertex,ec,384,128,3.649985246,9.422820401
triangular,vertex,ec,384,129,3.650324351,9.499445056
triangular,vertex,ec,384,130,3.650164764,9.593388393
triangular,vertex,ec,384,131,3.64936704,9.684848773
triangular,vertex,ec,384,132,3.649636233,9.560333001
triangular,vertex,ec,384,133,3.649626262,9.705891836
triangular,vertex,ec,384,134,3.649815717,9.570470418
triangular,vertex,ec,384,135,3.649446797,9.745833042
triangular,vertex,ec,384,136,3.649337132,9.645477912
triangular,vertex,ec,384,137,3.649426857,9.692897273
triangular,vertex,ec,384,138,3.649616291,9.471460571
triangular,vertex,ec,384,139,3.64959635,9.604650002
triangular,vertex,ec,384,140,3.650214633,9.460166163
triangular,vertex,ec,384,141,3.649915438,9.248350865
triangular,vertex,ec,384,142,3.649586379,9.534295368
triangular,vertex,ec,384,143,3.649835661,9.580966303
triangular,vertex,ec,384,144,3.649745916,9.486335361
triangular,vertex,ec,384,145,3.649357071,9.339255117
triangular,vertex,ec,384,146,3.650075003,9.566737073
triangular,vertex,ec,384,147,3.649666146,9.674020943
triangular,vertex,ec,384,148,3.649985246,9.455340245
triangular,vertex,ec,384,149,3.649576409,9.587260602
triangular,vertex,ec,384,150,3.650055056,9.613142468
triangular,vertex,ec,384,151,3.650304402,9.506814802
triangular,vertex,ec,384,152,3.649436827,9.761740937
triangular,vertex,ec,384,153,3.649885521,9.483011985
triangular,vertex,ec,384,154,3.649885521,9.48137349
triangular,vertex,ec,384,155,3.649347102,9.557939046
triangular,vertex,ec,384,156,3.649337132,9.706907487
triangular,vertex,ec,384,157,3.649227474,9.494259423
triangular,vertex,ec,384,158,3.649247412,9.510746661
triangular,vertex,ec,384,159,3.649656175,9.569446714
triangular,vertex,ec,384,160,3.649805745,9.626377483
triangular,vertex,ec,384,161,3.649386979,9.673361193
triangular,vertex,ec,384,162,3.649456767,9.607223937
triangular,vertex,ec,384,163,3.649855605,9.428896144
triangular,vertex,ec,384,164,3.649745916,9.412908956
triangular,vertex,ec,384,165,3.649716001,9.514355481
triangular,vertex,ec,384,166,3.649347102,9.636750522
triangular,vertex,ec,384,167,3.649686088,9.399880506
triangular,vertex,ec,384,168,3.649745916,9.44484073
triangular,vertex,ec,384,169,3.64959635,9.608795378
triangular,vertex,ec,384,170,3.649526557,9.555307642
triangular,vertex,ec,384,171,3.64936704,9.685988354
triangular,vertex,ec,384,172,3.649765859,9.56228094
triangular,vertex,ec,384,173,3.649745916,9.605591177
triangular,vertex,ec,384,174,3.649716001,9.819148197
triangular,vertex,ec,384,175,3.649735944,9.688238988
triangular,vertex,ec,384,176,3.649815717,9.445274256
triangular,vertex,ec,384,177,3.649755887,9.487382743
triangular,vertex,ec,384,178,3.650094949,9.639732429
triangular,vertex,ec,384,179,3.649716001,9.506077204
triangular,vertex,ec,384,180,3.649975273,9.672367512
triangular,vertex,ec,384,181,3.649666146,9.51864618
triangular,vertex,ec,384,182,3.649496647,9.789119853
triangular,vertex,ec,384,183,3.649656175,9.553468302
triangular,vertex,ec,384,184,3.650094949,9.621790211
triangular,vertex,ec,384,185,3.650015164,9.50014071
triangular,vertex,ec,384,186,3.64937701,9.618195233
triangular,vertex,ec,384,187,3.649735944,9.443802858
triangular,vertex,ec,384,188,3.649735944,9.305634095
triangular,vertex,ec,384,189,3.649765859,9.516009901
triangular,vertex,ec,384,190,3.649347102,9.629548754
triangular,vertex,ec,384,191,3.650354275,9.359592354
triangular,vertex,ec,384,192,3.649536527,9.620704835
triangular,vertex,ec,384,193,3.649666146,9.344106199
triangular,vertex,ec,384,194,3.649556468,9.768695567
triangular,vertex,ec,384,195,3.64959635,9.796690439
triangular,vertex,ec,384,196,3.649606321,9.644261565
triangular,vertex,ec,384,197,3.649905466,9.632290665
triangular,vertex,ec,384,198,3.649935383,9.516353887
triangular,vertex,ec,384,199,3.64970603,9.717553255
triangular,vertex,ec,512,0,3.647923769,15.43528026
triangular,vertex,ec,512,1,3.648263416,16.06011423
triangular,vertex,ec,512,2,3.647973713,15.99323179
triangular,vertex,ec,512,3,3.647853849,15.89873238
triangular,vertex,ec,512,4,3.647624132,16.46390728
triangular,vertex,ec,512,5,3.647963724,15.43267378
triangular,vertex,ec,512,6,3.648133544,15.62479658
triangular,vertex,ec,512,7,3.648203474,15.67628949
triangular,vertex,ec,512,8,3.647724006,15.95499199
triangular,vertex,ec,512,9,3.648483222,15.9685844
triangular,vertex,ec,512,10,3.648023659,16.01748755
triangular,vertex,ec,512,11,3.647893803,16.31474922
triangular,vertex,ec,512,12,3.648133544,15.7530291
triangular,vertex,ec,512,13,3.648013669,16.32370621
triangular,vertex,ec,512,14,3.647544238,15.84284094
triangular,vertex,ec,512,15,3.648083595,15.67854275
triangular,vertex,ec,512,16,3.64800368,15.86791609
triangular,vertex,ec,512,17,3.648453247,15.89293158
triangular,vertex,ec,512,18,3.647923769,15.7376585
triangular,vertex,ec,512,19,3.647923769,15.91252406
triangular,vertex,ec,512,20,3.648063616,16.00742791
triangular,vertex,ec,512,21,3.648023659,15.47950591
triangular,vertex,ec,512,22,3.648063616,15.90800391
triangular,vertex,ec,512,23,3.648103574,15.69241273
triangular,vertex,ec,512,24,3.647833873,15.74731188
triangular,vertex,ec,512,25,3.648193484,15.73483082
triangular,vertex,ec,512,26,3.647933758,15.64002245
triangular,vertex,ec,512,27,3.648253426,15.67237045
triangular,vertex,ec,512,28,3.647813896,15.75760536
triangular,vertex,ec,512,29,3.647813896,15.86974891
triangular,vertex,ec,512,30,3.647923769,15.70450051
triangular,vertex,ec,512,31,3.647853849,15.75825259
triangular,vertex,ec,512,32,3.648463238,15.89235508
triangular,vertex,ec,512,33,3.647993691,15.93787368
triangular,vertex,ec,512,34,3.648073606,16.10443511
triangular,vertex,ec,512,35,3.648163513,15.88635613
triangular,vertex,ec,512,36,3.648013669,15.61105759
triangular,vertex,ec,512,37,3.648153523,15.77574933
triangular,vertex,ec,512,38,3.648073606,15.95188424
triangular,vertex,ec,512,39,3.648133544,15.75475877
triangular,vertex,ec,512,40,3.648093585,15.61406008
triangular,vertex,ec,512,41,3.648263416,15.79478136
triangular,vertex,ec,512,42,3.647704031,16.2432859
triangular,vertex,ec,512,43,3.648113564,15.51842486
triangular,vertex,ec,512,44,3.648183494,15.73407184
triangular,vertex,ec,512,45,3.647843861,15.94821157
triangular,vertex,ec,512,46,3.647743981,15.8531085
triangular,vertex,ec,512,47,3.647813896,15.54407258
triangular,vertex,ec,512,48,3.647923769,15.27855551
triangular,vertex,ec,512,49,3.648233445,16.11421839
triangular,vertex,ec,512,50,3.647933758,15.94643084
triangular,vertex,ec,512,51,3.647893803,16.29176617
triangular,vertex,ec,512,52,3.648193484,15.64598446
triangular,vertex,ec,512,53,3.648013669,15.73326416
triangular,vertex,ec,512,54,3.648023659,15.35697121
triangular,vertex,ec,512,55,3.647893803,15.51314921
triangular,vertex,ec,512,56,3.647753969,16.01254144
triangular,vertex,ec,512,57,3.647953735,16.10493903
triangular,vertex,ec,512,58,3.648043637,16.06031623
triangular,vertex,ec,512,59,3.647694043,15.96840148
triangular,vertex,ec,512,60,3.647773944,15.71690306
triangular,vertex,ec,512,61,3.648023659,15.81657553
triangular,vertex,ec,512,62,3.64779392,15.95527369
triangular,vertex,ec,512,63,3.648133544,15.9613677
triangular,vertex,ec,512,64,3.648013669,15.72197083
triangular,vertex,ec,512,65,3.64791378,16.0436995
triangular,vertex,ec,512,66,3.647983702,16.28881126
triangular,vertex,ec,512,67,3.647654094,15.99904816
triangular,vertex,ec,512,68,3.648033648,16.15469866
triangular,vertex,ec,512,69,3.647883814,15.96368608
triangular,vertex,ec,512,70,3.648153523,15.63367712
triangular,vertex,ec,512,71,3.647863838,15.99862227
triangular,vertex,ec,512,72,3.648163513,15.77601903
triangular,vertex,ec,512,73,3.648223455,15.82417314
triangular,vertex,ec,512,74,3.647893803,15.95926145
triangular,vertex,ec,512,75,3.648183494,16.15839545
triangular,vertex,ec,512,76,3.647823885,15.90983538
triangular,vertex,ec,512,77,3.647803908,15.93570164
triangular,vertex,ec,512,78,3.648093585,15.69900937
triangular,vertex,ec,512,79,3.648143534,15.94315681
triangular,vertex,ec,512,80,3.648103574,15.82762604
triangular,vertex,ec,512,81,3.648123554,15.77679299
triangular,vertex,ec,512,82,3.648293388,15.66811228
triangular,vertex,ec,512,83,3.648033648,15.57756262
triangular,vertex,ec,512,84,3.647903792,15.72142271
triangular,vertex,ec,512,85,3.647813896,16.50660317
triangular,vertex,ec,512,86,3.648113564,15.93867578
triangular,vertex,ec,512,87,3.647923769,15.62044183
triangular,vertex,ec,512,88,3.647943746,15.60162955
triangular,vertex,ec,512,89,3.647823885,16.14497788
triangular,vertex,ec,512,90,3.648133544,15.83699853
triangular,vertex,ec,512,91,3.647823885,16.06928862
triangular,vertex,ec,512,92,3.647853849,16.24758299
triangular,vertex,ec,512,93,3.648173503,15.95935509
triangular,vertex,ec,512,94,3.647873826,15.65753667
triangular,vertex,ec,512,95,3.647694043,15.68661107
triangular,vertex,ec,512,96,3.64791378,15.69795605
triangular,vertex,ec,512,97,3.64875302,15.6902968
triangular,vertex,ec,512,98,3.647993691,16.09430453
triangular,vertex,ec,512,99,3.647903792,15.59892384
triangular,vertex,ec,512,100,3.647753969,15.86977558
triangular,vertex,ec,512,101,3.648203474,16.00860704
triangular,vertex,ec,512,102,3.647983702,15.9067383
triangular,vertex,ec,512,103,3.647594171,16.02780113
triangular,vertex,ec,512,104,3.647833873,15.98635639
triangular,vertex,ec,512,105,3.647883814,15.75940367
triangular,vertex,ec,512,106,3.648143534,15.99937825
triangular,vertex,ec,512,107,3.648153523,15.92164196
triangular,vertex,ec,512,108,3.647903792,16.13040237
triangular,vertex,ec,512,109,3.648413281,16.21543388
triangular,vertex,ec,512,110,3.647973713,15.46080703
triangular,vertex,ec,512,111,3.647753969,15.8229347
triangular,vertex,ec,512,112,3.64791378,15.66234033
triangular,vertex,ec,512,113,3.648053627,16.03846349
triangular,vertex,ec,512,114,3.647893803,16.20946172
triangular,vertex,ec,512,115,3.647614145,15.84955312
triangular,vertex,ec,512,116,3.647923769,16.16786354
triangular,vertex,ec,512,117,3.64800368,15.82333883
triangular,vertex,ec,512,118,3.647674068,16.16038375
triangular,vertex,ec,512,119,3.647953735,15.71500576
triangular,vertex,ec,512,120,3.648023659,15.84837435
triangular,vertex,ec,512,121,3.64791378,15.95271802
triangular,vertex,ec,512,122,3.648543173,15.59845695
triangular,vertex,ec,512,123,3.648553166,16.05555711
triangular,vertex,ec,512,124,3.648203474,15.71085705
triangular,vertex,ec,512,125,3.647973713,15.80976694
triangular,vertex,ec,512,126,3.647743981,16.07484608
triangular,vertex,ec,512,127,3.647933758,15.89390196
triangular,vertex,ec,512,128,3.648013669,16.08888835
triangular,vertex,ec,512,129,3.648163513,16.067362
triangular,vertex,ec,512,130,3.648373316,15.67770768
triangular,vertex,ec,512,131,3.647654094,15.78525614
triangular,vertex,ec,512,132,3.648043637,15.6521588
triangular,vertex,ec,512,133,3.647694043,16.04754567
triangular,vertex,ec,512,134,3.648183494,15.85535928
triangular,vertex,ec,512,135,3.647923769,16.21334965
triangular,vertex,ec,512,136,3.648163513,15.57602547
triangular,vertex,ec,512,137,3.647823885,15.42339317
triangular,vertex,ec,512,138,3.647933758,15.59360274
triangular,vertex,ec,512,139,3.648033648,16.08472281
triangular,vertex,ec,512,140,3.648093585,15.79068229
triangular,vertex,ec,512,141,3.64791378,15.37313268
triangular,vertex,ec,512,142,3.647943746,15.76210841
triangular,vertex,ec,512,143,3.648073606,15.69195747
triangular,vertex,ec,512,144,3.648093585,15.58705577
triangular,vertex,ec,512,145,3.648203474,15.73770649
triangular,vertex,ec,512,146,3.648193484,16.22630393
triangular,vertex,ec,512,147,3.648143534,16.05566255
triangular,vertex,ec,512,148,3.647903792,15.74530545
triangular,vertex,ec,512,149,3.647474333,15.88757429
triangular,vertex,ec,512,150,3.647753969,15.98944005
triangular,vertex,ec,512,151,3.647873826,15.94959603
triangular,vertex,ec,512,152,3.647903792,15.94174724
triangular,vertex,ec,512,153,3.648103574,15.94252256
triangular,vertex,ec,512,154,3.648133544,16.2405411
triangular,vertex,ec,512,155,3.647664081,15.34795051
triangular,vertex,ec,512,156,3.648173503,15.98853763
triangular,vertex,ec,512,157,3.647803908,16.23752715
triangular,vertex,ec,512,158,3.647893803,16.07569447
triangular,vertex,ec,512,159,3.647464346,15.56379234
triangular,vertex,ec,512,160,3.648093585,15.7524523
triangular,vertex,ec,512,161,3.647933758,15.88737589
triangular,vertex,ec,512,162,3.647953735,15.66914729
triangular,vertex,ec,512,163,3.648053627,15.88017824
triangular,vertex,ec,512,164,3.647923769,15.71921466
triangular,vertex,ec,512,165,3.648113564,15.75254269
triangular,vertex,ec,512,166,3.648263416,15.50986468
triangular,vertex,ec,512,167,3.647803908,16.1442497
triangular,vertex,ec,512,168,3.64791378,15.82397662
triangular,vertex,ec,512,169,3.648203474,15.74357376
triangular,vertex,ec,512,170,3.647953735,16.02137145
triangular,vertex,ec,512,171,3.648143534,15.95559365
triangular,vertex,ec,512,172,3.647694043,15.94413895
triangular,vertex,ec,512,173,3.647943746,15.80488374
triangular,vertex,ec,512,174,3.648273407,16.08879716
triangular,vertex,ec,512,175,3.647983702,15.85080563
triangular,vertex,ec,512,176,3.648593135,15.97639748
triangular,vertex,ec,512,177,3.647783932,16.01799114
triangular,vertex,ec,512,178,3.647863838,15.96693905
triangular,vertex,ec,512,179,3.647544238,15.85875632
triangular,vertex,ec,512,180,3.647753969,15.97660774
triangular,vertex,ec,512,181,3.647514278,16.33524636
triangular,vertex,ec,512,182,3.648303379,15.7681682
triangular,vertex,ec,512,183,3.647853849,16.00417025
triangular,vertex,ec,512,184,3.648103574,15.91468316
triangular,vertex,ec,512,185,3.648273407,15.9707628
triangular,vertex,ec,512,186,3.648363325,15.89358395
triangular,vertex,ec,512,187,3.648183494,16.01292558
triangular,vertex,ec,512,188,3.648033648,15.72665772
triangular,vertex,ec,512,189,3.647953735,15.62532525
triangular,vertex,ec,512,190,3.647983702,15.62411938
triangular,vertex,ec,512,191,3.648183494,15.5858027
triangular,vertex,ec,512,192,3.647963724,15.92731537
triangular,vertex,ec,512,193,3.647694043,16.00165277
triangular,vertex,ec,512,194,3.648133544,15.54989781
triangular,vertex,ec,512,195,3.648253426,15.75536896
triangular,vertex,ec,512,196,3.647953735,15.68236238
triangular,vertex,ec,512,197,3.647813896,16.05213076
triangular,vertex,ec,512,198,3.648283398,15.59889699
triangular,vertex,ec,512,199,3.648093585,15.95108486
triangular,vertex,ec,768,0,3.645268708,32.47344204
triangular,vertex,ec,768,1,3.645797416,32.37797445
triangular,vertex,ec,768,2,3.645757508,31.41744495
triangular,vertex,ec,768,3,3.645787439,32.36219389
triangular,vertex,ec,768,4,3.645787439,33.07477606
triangular,vertex,ec,768,5,3.645757508,33.13904639
triangular,vertex,ec,768,6,3.645677695,32.98748333
triangular,vertex,ec,768,7,3.645677695,32.96555331
triangular,vertex,ec,768,8,3.645887211,32.11342105
triangular,vertex,ec,768,9,3.645587909,32.30908428
triangular,vertex,ec,768,10,3.645587909,32.39476475
triangular,vertex,ec,768,11,3.645887211,32.71441309
triangular,vertex,ec,768,12,3.645587909,33.75130288
triangular,vertex,ec,768,13,3.645887211,32.50281496
triangular,vertex,ec,768,14,3.645338529,32.24255096
triangular,vertex,ec,768,15,3.645498128,32.04737235
triangular,vertex,ec,768,16,3.645428302,32.39227104
triangular,vertex,ec,768,17,3.645697648,32.82617067
triangular,vertex,ec,768,18,3.645597885,31.63862805
triangular,vertex,ec,768,19,3.645807393,32.88678407
triangular,vertex,ec,768,20,3.645787439,33.12987455
triangular,vertex,ec,768,21,3.645717601,32.19202394
triangular,vertex,ec,768,22,3.645727577,32.39243622
triangular,vertex,ec,768,23,3.645687671,31.89303382
triangular,vertex,ec,768,24,3.645777462,31.65219855
triangular,vertex,ec,768,25,3.645797416,32.98851748
triangular,vertex,ec,768,26,3.645747531,31.84675928
triangular,vertex,ec,768,27,3.645508104,32.85724601
triangular,vertex,ec,768,28,3.645398377,32.73483292
triangular,vertex,ec,768,29,3.645587909,33.70306164
triangular,vertex,ec,768,30,3.645807393,32.17521903
triangular,vertex,ec,768,31,3.646086773,31.78592941
triangular,vertex,ec,768,32,3.645697648,32.89761954
triangular,vertex,ec,768,33,3.645368452,31.77538027
triangular,vertex,ec,768,34,3.645438277,31.98702966
triangular,vertex,ec,768,35,3.645897189,32.50366924
triangular,vertex,ec,768,36,3.645687671,32.6879418
triangular,vertex,ec,768,37,3.645647766,33.00762263
triangular,vertex,ec,768,38,3.645617837,33.68451741
triangular,vertex,ec,768,39,3.645787439,32.54081237
triangular,vertex,ec,768,40,3.64563779,32.15314276
triangular,vertex,ec,768,41,3.645607861,32.43189693
triangular,vertex,ec,768,42,3.645727577,33.0653885
triangular,vertex,ec,768,43,3.645627813,32.9769924
triangular,vertex,ec,768,44,3.645737554,32.16313395
triangular,vertex,ec,768,45,3.645917144,31.97214393
triangular,vertex,ec,768,46,3.645557982,33.12538174
triangular,vertex,ec,768,47,3.645458227,32.00335635
triangular,vertex,ec,768,48,3.645777462,33.22241337
triangular,vertex,ec,768,49,3.645727577,33.89549416
triangular,vertex,ec,768,50,3.645488153,33.26254625
triangular,vertex,ec,768,51,3.64581737,32.72675211
triangular,vertex,ec,768,52,3.64581737,32.13299595
triangular,vertex,ec,768,53,3.645358478,32.1165478
triangular,vertex,ec,768,54,3.64563779,32.72534283
triangular,vertex,ec,768,55,3.645587909,32.36283265
triangular,vertex,ec,768,56,3.645747531,32.12943752
triangular,vertex,ec,768,57,3.645757508,32.80674728
triangular,vertex,ec,768,58,3.645697648,32.93287672
triangular,vertex,ec,768,59,3.645767485,32.59037972
triangular,vertex,ec,768,60,3.64581737,32.79739698
triangular,vertex,ec,768,61,3.645827347,32.45651089
triangular,vertex,ec,768,62,3.645717601,33.40913154
triangular,vertex,ec,768,63,3.64563779,32.69796641
triangular,vertex,ec,768,64,3.645717601,32.2588222
triangular,vertex,ec,768,65,3.645617837,32.12320699
triangular,vertex,ec,768,66,3.645827347,32.31962803
triangular,vertex,ec,768,67,3.645518079,32.52837573
triangular,vertex,ec,768,68,3.645597885,31.84258422
triangular,vertex,ec,768,69,3.645567958,32.98077877
triangular,vertex,ec,768,70,3.645448252,32.37175931
triangular,vertex,ec,768,71,3.645837324,32.44094615
triangular,vertex,ec,768,72,3.645807393,32.22031872
triangular,vertex,ec,768,73,3.645548006,32.80650352
triangular,vertex,ec,768,74,3.645877234,32.56467209
triangular,vertex,ec,768,75,3.645567958,32.67336856
triangular,vertex,ec,768,76,3.645458227,32.16995135
triangular,vertex,ec,768,77,3.645657742,32.47885385
triangular,vertex,ec,768,78,3.645528055,32.46181582
triangular,vertex,ec,768,79,3.645727577,32.57321187
triangular,vertex,ec,768,80,3.645757508,32.97491406
triangular,vertex,ec,768,81,3.64581737,33.43360372
triangular,vertex,ec,768,82,3.645787439,33.42221683
triangular,vertex,ec,768,83,3.645408352,33.41401082
triangular,vertex,ec,768,84,3.645657742,32.60365528
triangular,vertex,ec,768,85,3.645348503,33.31539094
triangular,vertex,ec,768,86,3.645777462,32.65582396
triangular,vertex,ec,768,87,3.645278682,33.63972368
triangular,vertex,ec,768,88,3.645577933,31.92016408
triangular,vertex,ec,768,89,3.645338529,31.31184316
triangular,vertex,ec,768,90,3.645577933,33.11469447
triangular,vertex,ec,768,91,3.645767485,31.81959631
triangular,vertex,ec,768,92,3.645528055,32.92743215
triangular,vertex,ec,768,93,3.645767485,31.51654588
triangular,vertex,ec,768,94,3.645727577,32.83749147
triangular,vertex,ec,768,95,3.645288656,33.16152807
triangular,vertex,ec,768,96,3.645777462,32.34999334
triangular,vertex,ec,768,97,3.64598699,32.43570172
triangular,vertex,ec,768,98,3.645687671,32.38914906
triangular,vertex,ec,768,99,3.64598699,32.97079412
triangular,vertex,ec,768,100,3.64553803,32.20263608
triangular,vertex,ec,768,101,3.645438277,32.16777937
triangular,vertex,ec,768,102,3.645458227,33.27883129
triangular,vertex,ec,768,103,3.645767485,33.05775763
triangular,vertex,ec,768,104,3.645478178,31.9105939
triangular,vertex,ec,768,105,3.645587909,33.04464383
triangular,vertex,ec,768,106,3.645717601,32.57183125
triangular,vertex,ec,768,107,3.645448252,33.09178448
triangular,vertex,ec,768,108,3.645418327,31.83901393
triangular,vertex,ec,768,109,3.645667718,32.8228335
triangular,vertex,ec,768,110,3.645767485,31.68729711
triangular,vertex,ec,768,111,3.645657742,33.38840657
triangular,vertex,ec,768,112,3.646006946,32.16304029
triangular,vertex,ec,768,113,3.645767485,33.12727605
triangular,vertex,ec,768,114,3.64581737,32.61462707
triangular,vertex,ec,768,115,3.645877234,32.8900887
triangular,vertex,ec,768,116,3.645897189,31.52012005
triangular,vertex,ec,768,117,3.645557982,32.09291814
triangular,vertex,ec,768,118,3.645567958,33.24714634
triangular,vertex,ec,768,119,3.645697648,33.22583552
triangular,vertex,ec,768,120,3.645917144,31.72295939
triangular,vertex,ec,768,121,3.645787439,32.54082131
triangular,vertex,ec,768,122,3.645667718,33.11950489
triangular,vertex,ec,768,123,3.645557982,31.89099073
triangular,vertex,ec,768,124,3.645837324,33.44664547
triangular,vertex,ec,768,125,3.645777462,32.3233927
triangular,vertex,ec,768,126,3.645887211,33.11660696
triangular,vertex,ec,768,127,3.645697648,32.52061179
triangular,vertex,ec,768,128,3.645897189,32.03156728
triangular,vertex,ec,768,129,3.645917144,31.89002893
triangular,vertex,ec,768,130,3.645687671,32.31298713
triangular,vertex,ec,768,131,3.645398377,32.91172947
triangular,vertex,ec,768,132,3.645857279,32.10091069
triangular,vertex,ec,768,133,3.645777462,32.09493051
triangular,vertex,ec,768,134,3.645847302,32.91676452
triangular,vertex,ec,768,135,3.64563779,32.8199172
triangular,vertex,ec,768,136,3.645557982,32.44860471
triangular,vertex,ec,768,137,3.645428302,32.27005453
triangular,vertex,ec,768,138,3.645727577,32.66270131
triangular,vertex,ec,768,139,3.645677695,32.65282155
triangular,vertex,ec,768,140,3.645797416,31.85448651
triangular,vertex,ec,768,141,3.645448252,32.70506162
triangular,vertex,ec,768,142,3.646086773,32.06636585
triangular,vertex,ec,768,143,3.645777462,31.43071438
triangular,vertex,ec,768,144,3.645957056,32.62221644
triangular,vertex,ec,768,145,3.645667718,32.3161419
triangular,vertex,ec,768,146,3.64581737,32.19044798
triangular,vertex,ec,768,147,3.645827347,31.78952972
triangular,vertex,ec,768,148,3.645607861,32.23288963
triangular,vertex,ec,768,149,3.645468202,32.63632642
triangular,vertex,ec,768,150,3.645707624,32.1881417
triangular,vertex,ec,768,151,3.646096752,32.23700486
triangular,vertex,ec,768,152,3.645587909,32.33913104
triangular,vertex,ec,768,153,3.645567958,32.56021612
triangular,vertex,ec,768,154,3.645957056,31.51458748
triangular,vertex,ec,768,155,3.645607861,32.79129132
triangular,vertex,ec,768,156,3.645737554,32.71183598
triangular,vertex,ec,768,157,3.645448252,33.08041559
triangular,vertex,ec,768,158,3.645757508,32.50746893
triangular,vertex,ec,768,159,3.645757508,32.62789043
triangular,vertex,ec,768,160,3.645567958,32.38819417
triangular,vertex,ec,768,161,3.645218838,33.32458725
triangular,vertex,ec,768,162,3.645597885,32.31258751
triangular,vertex,ec,768,163,3.645967033,33.18031979
triangular,vertex,ec,768,164,3.645677695,32.26754048
triangular,vertex,ec,768,165,3.645378427,33.70475048
triangular,vertex,ec,768,166,3.645737554,32.28096021
triangular,vertex,ec,768,167,3.64581737,31.14114844
triangular,vertex,ec,768,168,3.645847302,32.30246106
triangular,vertex,ec,768,169,3.645767485,32.71455887
triangular,vertex,ec,768,170,3.645757508,33.06925868
triangular,vertex,ec,768,171,3.646236459,32.20997111
triangular,vertex,ec,768,172,3.645947078,31.54906375
triangular,vertex,ec,768,173,3.6459371,32.22601295
triangular,vertex,ec,768,174,3.645528055,32.25227392
triangular,vertex,ec,768,175,3.6459371,33.40016584
triangular,vertex,ec,768,176,3.645827347,33.88227221
triangular,vertex,ec,768,177,3.645827347,33.07343975
triangular,vertex,ec,768,178,3.645737554,31.82956998
triangular,vertex,ec,768,179,3.645797416,32.47422108
triangular,vertex,ec,768,180,3.645707624,32.68902816
triangular,vertex,ec,768,181,3.645737554,32.40495481
triangular,vertex,ec,768,182,3.645438277,32.58301142
triangular,vertex,ec,768,183,3.645587909,33.1471383
triangular,vertex,ec,768,184,3.645837324,32.40883073
triangular,vertex,ec,768,185,3.645508104,31.88156553
triangular,vertex,ec,768,186,3.645458227,31.85056522
triangular,vertex,ec,768,187,3.645398377,32.85480165
triangular,vertex,ec,768,188,3.645607861,32.70476961
triangular,vertex,ec,768,189,3.645557982,32.32005849
triangular,vertex,ec,768,190,3.645657742,32.47783631
triangular,vertex,ec,768,191,3.645767485,31.52287503
triangular,vertex,ec,768,192,3.645577933,32.53833216
triangular,vertex,ec,768,193,3.645468202,32.83069594
triangular,vertex,ec,768,194,3.645458227,31.13106977
triangular,vertex,ec,768,195,3.645897189,32.76447846
triangular,vertex,ec,768,196,3.645877234,32.64012109
triangular,vertex,ec,768,197,3.645737554,32.76616469
triangular,vertex,ec,768,198,3.645787439,33.05247525
triangular,vertex,ec,768,199,3.645827347,32.46445781
triangular,vertex,ec,1024,0,3.644107722,50.70091935
triangular,vertex,ec,1024,1,3.644227503,51.26576114
triangular,vertex,ec,1024,2,3.643958006,50.53662067
triangular,vertex,ec,1024,3,3.644427156,53.42296805
triangular,vertex,ec,1024,4,3.64425745,50.99836429
triangular,vertex,ec,1024,5,3.644047834,52.91265559
triangular,vertex,ec,1024,6,3.644067797,52.06289531
triangular,vertex,ec,1024,7,3.644147648,53.31118225
triangular,vertex,ec,1024,8,3.644137667,52.10212938
triangular,vertex,ec,1024,9,3.644037853,52.77958357
triangular,vertex,ec,1024,10,3.644137667,54.18355955
triangular,vertex,ec,1024,11,3.644047834,52.8150917
triangular,vertex,ec,1024,12,3.644137667,53.31757869
triangular,vertex,ec,1024,13,3.644097741,53.989289
triangular,vertex,ec,1024,14,3.644147648,51.87871526
triangular,vertex,ec,1024,15,3.644217521,51.58299232
triangular,vertex,ec,1024,16,3.643928065,52.3207214
triangular,vertex,ec,1024,17,3.644087759,51.92312066
triangular,vertex,ec,1024,18,3.644197557,51.02190759
triangular,vertex,ec,1024,19,3.644267432,53.77788954
triangular,vertex,ec,1024,20,3.643938045,54.01131267
triangular,vertex,ec,1024,21,3.644227503,53.26327235
triangular,vertex,ec,1024,22,3.64415763,51.63582139
triangular,vertex,ec,1024,23,3.644237485,51.86113882
triangular,vertex,ec,1024,24,3.644556943,50.84525999
triangular,vertex,ec,1024,25,3.64425745,52.16475299
triangular,vertex,ec,1024,26,3.64425745,51.29079626
triangular,vertex,ec,1024,27,3.644237485,52.53460552
triangular,vertex,ec,1024,28,3.644097741,53.37730638
triangular,vertex,ec,1024,29,3.644067797,51.87027696
triangular,vertex,ec,1024,30,3.644077778,54.42860627
triangular,vertex,ec,1024,31,3.644147648,52.94406298
triangular,vertex,ec,1024,32,3.644277415,52.53706993
triangular,vertex,ec,1024,33,3.644077778,53.93035818
triangular,vertex,ec,1024,34,3.644067797,51.95370716
triangular,vertex,ec,1024,35,3.644147648,53.23619656
triangular,vertex,ec,1024,36,3.643958006,51.51407159
triangular,vertex,ec,1024,37,3.643928065,52.0981119
triangular,vertex,ec,1024,38,3.64415763,53.11632757
triangular,vertex,ec,1024,39,3.644546959,50.96535042
triangular,vertex,ec,1024,40,3.644477073,51.56665391
triangular,vertex,ec,1024,41,3.644137667,53.76227454
triangular,vertex,ec,1024,42,3.644267432,53.00360158
triangular,vertex,ec,1024,43,3.644107722,51.59166159
triangular,vertex,ec,1024,44,3.64443714,50.61817782
triangular,vertex,ec,1024,45,3.644167612,52.5947118
triangular,vertex,ec,1024,46,3.643898124,54.3073081
triangular,vertex,ec,1024,47,3.644267432,52.63279185
triangular,vertex,ec,1024,48,3.644556943,51.10517847
triangular,vertex,ec,1024,49,3.644117703,51.92050211
triangular,vertex,ec,1024,50,3.644167612,51.5877844
triangular,vertex,ec,1024,51,3.644127685,53.32197914
triangular,vertex,ec,1024,52,3.644057815,52.57642267
triangular,vertex,ec,1024,53,3.644347293,52.87480937
triangular,vertex,ec,1024,54,3.644317344,51.89505719
triangular,vertex,ec,1024,55,3.644067797,52.08177596
triangular,vertex,ec,1024,56,3.644177593,53.72992059
triangular,vertex,ec,1024,57,3.644167612,53.36572049
triangular,vertex,ec,1024,58,3.644237485,52.56686275
triangular,vertex,ec,1024,59,3.644327327,51.99481078
triangular,vertex,ec,1024,60,3.644217521,54.29125091
triangular,vertex,ec,1024,61,3.644247468,51.59499775
triangular,vertex,ec,1024,62,3.644207539,53.45530308
triangular,vertex,ec,1024,63,3.644047834,53.54663854
triangular,vertex,ec,1024,64,3.64400791,51.34271885
triangular,vertex,ec,1024,65,3.644287397,54.01082172
triangular,vertex,ec,1024,66,3.644057815,52.43646097
triangular,vertex,ec,1024,67,3.644147648,52.9113479
triangular,vertex,ec,1024,68,3.644287397,53.89078391
triangular,vertex,ec,1024,69,3.644047834,52.96055258
triangular,vertex,ec,1024,70,3.64415763,52.67308305
triangular,vertex,ec,1024,71,3.643898124,55.01412934
triangular,vertex,ec,1024,72,3.644167612,52.33117068
triangular,vertex,ec,1024,73,3.643997929,53.15248578
triangular,vertex,ec,1024,74,3.644027872,52.38432339
triangular,vertex,ec,1024,75,3.644167612,52.05120894
triangular,vertex,ec,1024,76,3.644237485,53.11152207
triangular,vertex,ec,1024,77,3.644057815,54.40239715
triangular,vertex,ec,1024,78,3.644127685,53.88697841
triangular,vertex,ec,1024,79,3.643948026,53.14156833
triangular,vertex,ec,1024,80,3.643728466,53.30169616
triangular,vertex,ec,1024,81,3.643987949,53.7235072
triangular,vertex,ec,1024,82,3.644047834,52.07352204
triangular,vertex,ec,1024,83,3.644087759,53.28068044
triangular,vertex,ec,1024,84,3.644197557,52.45051285
triangular,vertex,ec,1024,85,3.644187575,53.62600049
triangular,vertex,ec,1024,86,3.644277415,53.24230024
triangular,vertex,ec,1024,87,3.644097741,51.33041806
triangular,vertex,ec,1024,88,3.644237485,52.70872153
triangular,vertex,ec,1024,89,3.64425745,53.22762542
triangular,vertex,ec,1024,90,3.644167612,52.90802862
triangular,vertex,ec,1024,91,3.644187575,53.61085599
triangular,vertex,ec,1024,92,3.644037853,52.92970295
triangular,vertex,ec,1024,93,3.644457106,52.83861269
triangular,vertex,ec,1024,94,3.64415763,51.93280201
triangular,vertex,ec,1024,95,3.644067797,51.27984744
triangular,vertex,ec,1024,96,3.644057815,51.35266494
triangular,vertex,ec,1024,97,3.643928065,51.22077271
triangular,vertex,ec,1024,98,3.644177593,53.81715904
triangular,vertex,ec,1024,99,3.644077778,53.00021574
triangular,vertex,ec,1024,100,3.644277415,52.95989957
triangular,vertex,ec,1024,101,3.644227503,52.56732365
triangular,vertex,ec,1024,102,3.644377241,53.42185546
triangular,vertex,ec,1024,103,3.644457106,52.5956151
triangular,vertex,ec,1024,104,3.643977968,52.73495998
triangular,vertex,ec,1024,105,3.644357275,53.06073947
triangular,vertex,ec,1024,106,3.644057815,52.21271664
triangular,vertex,ec,1024,107,3.64415763,53.07978118
triangular,vertex,ec,1024,108,3.644137667,52.31598417
triangular,vertex,ec,1024,109,3.643928065,55.41538274
triangular,vertex,ec,1024,110,3.644207539,53.54719006
triangular,vertex,ec,1024,111,3.644327327,52.15096191
triangular,vertex,ec,1024,112,3.644137667,51.40029758
triangular,vertex,ec,1024,113,3.644397207,51.38479931
triangular,vertex,ec,1024,114,3.644147648,51.89801248
triangular,vertex,ec,1024,115,3.644037853,51.98708744
triangular,vertex,ec,1024,116,3.644287397,52.13801133
triangular,vertex,ec,1024,117,3.644267432,51.35067143
triangular,vertex,ec,1024,118,3.644167612,52.05898589
triangular,vertex,ec,1024,119,3.644207539,51.71379341
triangular,vertex,ec,1024,120,3.644546959,50.29479421
triangular,vertex,ec,1024,121,3.644277415,53.2496412
triangular,vertex,ec,1024,122,3.644207539,51.58032551
triangular,vertex,ec,1024,123,3.644287397,54.22233459
triangular,vertex,ec,1024,124,3.644307362,52.2412904
triangular,vertex,ec,1024,125,3.644107722,53.36233738
triangular,vertex,ec,1024,126,3.644067797,54.04574173
triangular,vertex,ec,1024,127,3.644197557,53.92724588
triangular,vertex,ec,1024,128,3.644427156,52.61783347
triangular,vertex,ec,1024,129,3.64440719,52.4694231
triangular,vertex,ec,1024,130,3.644127685,51.31224083
triangular,vertex,ec,1024,131,3.643938045,53.00486051
triangular,vertex,ec,1024,132,3.644287397,52.54550743
triangular,vertex,ec,1024,133,3.644087759,52.40663023
triangular,vertex,ec,1024,134,3.644127685,53.21466292
triangular,vertex,ec,1024,135,3.643798323,52.49671344
triangular,vertex,ec,1024,136,3.644077778,52.28855291
triangular,vertex,ec,1024,137,3.644277415,54.35690392
triangular,vertex,ec,1024,138,3.644217521,52.60046441
triangular,vertex,ec,1024,139,3.644317344,52.79940563
triangular,vertex,ec,1024,140,3.644307362,52.12112603
triangular,vertex,ec,1024,141,3.64433731,52.29713967
triangular,vertex,ec,1024,142,3.644127685,53.64795855
triangular,vertex,ec,1024,143,3.644097741,51.3659667
triangular,vertex,ec,1024,144,3.644167612,52.58461838
triangular,vertex,ec,1024,145,3.644147648,52.28315659
triangular,vertex,ec,1024,146,3.644027872,52.98790829
triangular,vertex,ec,1024,147,3.644167612,54.33702894
triangular,vertex,ec,1024,148,3.644077778,52.55268679
triangular,vertex,ec,1024,149,3.644017891,53.07719031
triangular,vertex,ec,1024,150,3.644077778,54.66678225
triangular,vertex,ec,1024,151,3.644067797,53.24723644
triangular,vertex,ec,1024,152,3.644137667,53.95376129
triangular,vertex,ec,1024,153,3.644167612,52.91360158
triangular,vertex,ec,1024,154,3.644147648,50.19841595
triangular,vertex,ec,1024,155,3.643967987,53.84090294
triangular,vertex,ec,1024,156,3.644367258,53.08572452
triangular,vertex,ec,1024,157,3.64440719,51.33704615
triangular,vertex,ec,1024,158,3.644447123,52.24361597
triangular,vertex,ec,1024,159,3.644197557,53.80645139
triangular,vertex,ec,1024,160,3.643977968,55.25055664
triangular,vertex,ec,1024,161,3.644397207,53.42485526
triangular,vertex,ec,1024,162,3.644576911,52.18443571
triangular,vertex,ec,1024,163,3.644217521,51.69638209
triangular,vertex,ec,1024,164,3.644177593,53.89497992
triangular,vertex,ec,1024,165,3.644117703,52.33008858
triangular,vertex,ec,1024,166,3.644327327,53.56971413
triangular,vertex,ec,1024,167,3.644057815,53.89645757
triangular,vertex,ec,1024,168,3.643798323,53.64301379
triangular,vertex,ec,1024,169,3.643868183,53.16895104
triangular,vertex,ec,1024,170,3.644187575,54.39027715
triangular,vertex,ec,1024,171,3.644197557,53.2355361
triangular,vertex,ec,1024,172,3.644117703,53.32348084
triangular,vertex,ec,1024,173,3.644147648,53.48337571
triangular,vertex,ec,1024,174,3.64425745,52.3332354
triangular,vertex,ec,1024,175,3.644387224,52.10299824
triangular,vertex,ec,1024,176,3.644147648,53.68475685
triangular,vertex,ec,1024,177,3.644287397,51.16065809
triangular,vertex,ec,1024,178,3.644277415,51.38348511
triangular,vertex,ec,1024,179,3.644327327,52.21478578
triangular,vertex,ec,1024,180,3.644367258,50.62770172
triangular,vertex,ec,1024,181,3.644127685,53.40576536
triangular,vertex,ec,1024,182,3.644167612,52.18255076
triangular,vertex,ec,1024,183,3.644187575,51.30733541
triangular,vertex,ec,1024,184,3.64415763,54.03755177
triangular,vertex,ec,1024,185,3.64425745,51.6083856
triangular,vertex,ec,1024,186,3.644107722,52.47184773
triangular,vertex,ec,1024,187,3.644287397,53.0381478
triangular,vertex,ec,1024,188,3.644027872,54.52010382
triangular,vertex,ec,1024,189,3.644087759,52.78518719
triangular,vertex,ec,1024,190,3.644347293,51.92209811
triangular,vertex,ec,1024,191,3.644137667,54.1231249
triangular,vertex,ec,1024,192,3.644147648,52.44558442
triangular,vertex,ec,1024,193,3.643987949,54.16304718
triangular,vertex,ec,1024,194,3.64425745,53.3124233
triangular,vertex,ec,1024,195,3.644057815,53.9283218
triangular,vertex,ec,1024,196,3.644177593,52.74401639
triangular,vertex,ec,1024,197,3.643987949,52.2013001
triangular,vertex,ec,1024,198,3.64433731,53.80258893
triangular,vertex,ec,1024,199,3.644307362,54.0586092
triangular,vertex,ec,1536,0,3.643114664,105.8173013
triangular,vertex,ec,1536,1,3.643024635,107.8510272
triangular,vertex,ec,1536,2,3.643164681,97.55781292
triangular,vertex,ec,1536,3,3.643184689,106.974054
triangular,vertex,ec,1536,4,3.643054644,103.4573212
triangular,vertex,ec,1536,5,3.643154678,103.2431857
triangular,vertex,ec,1536,6,3.643144674,107.0957955
triangular,vertex,ec,1536,7,3.643304738,105.1529194
triangular,vertex,ec,1536,8,3.642974621,104.0122325
triangular,vertex,ec,1536,9,3.642924609,105.2858265
triangular,vertex,ec,1536,10,3.642984624,109.9604087
triangular,vertex,ec,1536,11,3.643164681,102.7269167
triangular,vertex,ec,1536,12,3.643204697,107.2882317
triangular,vertex,ec,1536,13,3.643324748,104.4425525
triangular,vertex,ec,1536,14,3.643134671,110.1403626
triangular,vertex,ec,1536,15,3.642794582,105.1302555
triangular,vertex,ec,1536,16,3.642984624,107.7758898
triangular,vertex,ec,1536,17,3.643214701,105.8958634
triangular,vertex,ec,1536,18,3.643014632,106.1362225
triangular,vertex,ec,1536,19,3.643004629,105.8154375
triangular,vertex,ec,1536,20,3.643144674,108.4691499
triangular,vertex,ec,1536,21,3.642874597,102.4160454
triangular,vertex,ec,1536,22,3.643194693,106.1371965
triangular,vertex,ec,1536,23,3.643064647,106.9307179
triangular,vertex,ec,1536,24,3.643064647,107.6042323
triangular,vertex,ec,1536,25,3.643124667,108.2316058
triangular,vertex,ec,1536,26,3.64307465,108.3481588
triangular,vertex,ec,1536,27,3.642934611,106.2872277
triangular,vertex,ec,1536,28,3.643124667,105.5047318
triangular,vertex,ec,1536,29,3.643084654,106.8070151
triangular,vertex,ec,1536,30,3.643114664,103.4427308
triangular,vertex,ec,1536,31,3.643064647,107.3724579
triangular,vertex,ec,1536,32,3.643244713,103.3076709
triangular,vertex,ec,1536,33,3.64307465,104.3060625
triangular,vertex,ec,1536,34,3.643224705,107.702292
triangular,vertex,ec,1536,35,3.64307465,104.8926378
triangular,vertex,ec,1536,36,3.643204697,101.9841648
triangular,vertex,ec,1536,37,3.643084654,105.1267146
triangular,vertex,ec,1536,38,3.64310466,100.2869505
triangular,vertex,ec,1536,39,3.643194693,102.09415
triangular,vertex,ec,1536,40,3.643194693,101.3536087
triangular,vertex,ec,1536,41,3.643044641,105.8329948
triangular,vertex,ec,1536,42,3.643014632,106.4413289
triangular,vertex,ec,1536,43,3.643114664,107.4940496
triangular,vertex,ec,1536,44,3.643084654,107.6678721
triangular,vertex,ec,1536,45,3.643084654,109.5662364
triangular,vertex,ec,1536,46,3.642934611,106.8270967
triangular,vertex,ec,1536,47,3.643034638,105.1096173
triangular,vertex,ec,1536,48,3.643184689,105.0100001
triangular,vertex,ec,1536,49,3.643084654,105.9892298
triangular,vertex,ec,1536,50,3.643234709,102.5531155
triangular,vertex,ec,1536,51,3.642754576,106.7034412
triangular,vertex,ec,1536,52,3.643054644,99.64415848
triangular,vertex,ec,1536,53,3.643064647,109.623115
triangular,vertex,ec,1536,54,3.643094657,104.7126858
triangular,vertex,ec,1536,55,3.643094657,102.7036752
triangular,vertex,ec,1536,56,3.643014632,109.4309582
triangular,vertex,ec,1536,57,3.643024635,103.4742589
triangular,vertex,ec,1536,58,3.643014632,107.7525983
triangular,vertex,ec,1536,59,3.643274725,103.077892
triangular,vertex,ec,1536,60,3.643024635,104.9004926
triangular,vertex,ec,1536,61,3.643224705,104.0710179
triangular,vertex,ec,1536,62,3.643164681,104.9945848
triangular,vertex,ec,1536,63,3.643314743,104.5610197
triangular,vertex,ec,1536,64,3.64307465,106.5404685
triangular,vertex,ec,1536,65,3.643414791,101.0082698
triangular,vertex,ec,1536,66,3.643044641,109.0007715
triangular,vertex,ec,1536,67,3.643114664,103.5955347
triangular,vertex,ec,1536,68,3.643064647,106.3323696
triangular,vertex,ec,1536,69,3.642974621,106.8880918
triangular,vertex,ec,1536,70,3.643264721,108.4342713
triangular,vertex,ec,1536,71,3.643274725,101.1228257
triangular,vertex,ec,1536,72,3.642934611,107.4247739
triangular,vertex,ec,1536,73,3.642914606,106.8745877
triangular,vertex,ec,1536,74,3.643154678,105.2555631
triangular,vertex,ec,1536,75,3.643254717,105.9392897
triangular,vertex,ec,1536,76,3.643204697,104.6143265
triangular,vertex,ec,1536,77,3.643114664,105.5388894
triangular,vertex,ec,1536,78,3.643184689,102.3424221
triangular,vertex,ec,1536,79,3.643164681,103.8050719
triangular,vertex,ec,1536,80,3.643194693,104.9274974
triangular,vertex,ec,1536,81,3.643084654,110.0155135
triangular,vertex,ec,1536,82,3.643244713,107.1803869
triangular,vertex,ec,1536,83,3.642954616,104.1767003
triangular,vertex,ec,1536,84,3.642864595,108.4738071
triangular,vertex,ec,1536,85,3.643184689,109.1371221
triangular,vertex,ec,1536,86,3.643274725,104.4928384
triangular,vertex,ec,1536,87,3.642984624,109.7777746
triangular,vertex,ec,1536,88,3.643034638,107.3026152
triangular,vertex,ec,1536,89,3.642954616,106.6352915
triangular,vertex,ec,1536,90,3.643024635,105.2323136
triangular,vertex,ec,1536,91,3.642904604,109.466039
triangular,vertex,ec,1536,92,3.642944613,110.9666339
triangular,vertex,ec,1536,93,3.642944613,107.6144163
triangular,vertex,ec,1536,94,3.642834589,102.4962047
triangular,vertex,ec,1536,95,3.642804584,107.3425062
triangular,vertex,ec,1536,96,3.643034638,107.7593787
triangular,vertex,ec,1536,97,3.64307465,108.4738321
triangular,vertex,ec,1536,98,3.642904604,107.5484071
triangular,vertex,ec,1536,99,3.643004629,102.0238715
triangular,vertex,ec,1536,100,3.643124667,106.7466498
triangular,vertex,ec,1536,101,3.64310466,105.235628
triangular,vertex,ec,1536,102,3.643164681,108.6241019
triangular,vertex,ec,1536,103,3.643324748,103.8008226
triangular,vertex,ec,1536,104,3.642994627,105.302533
triangular,vertex,ec,1536,105,3.642824588,104.6031345
triangular,vertex,ec,1536,106,3.642994627,103.7065718
triangular,vertex,ec,1536,107,3.643034638,108.8045959
triangular,vertex,ec,1536,108,3.642984624,105.0455412
triangular,vertex,ec,1536,109,3.64328473,106.1948423
triangular,vertex,ec,1536,110,3.643124667,103.8325453
triangular,vertex,ec,1536,111,3.643084654,102.92333
triangular,vertex,ec,1536,112,3.643184689,106.8979394
triangular,vertex,ec,1536,113,3.642924609,106.8157467
triangular,vertex,ec,1536,114,3.643094657,106.8739431
triangular,vertex,ec,1536,115,3.643154678,105.8003799
triangular,vertex,ec,1536,116,3.642934611,112.4209552
triangular,vertex,ec,1536,117,3.642954616,105.2015839
triangular,vertex,ec,1536,118,3.643244713,101.1604705
triangular,vertex,ec,1536,119,3.642924609,107.5565382
triangular,vertex,ec,1536,120,3.64310466,109.9522679
triangular,vertex,ec,1536,121,3.643084654,105.8436593
triangular,vertex,ec,1536,122,3.643184689,110.4232626
triangular,vertex,ec,1536,123,3.64307465,107.2005025
triangular,vertex,ec,1536,124,3.643164681,105.3773931
triangular,vertex,ec,1536,125,3.64307465,106.0925831
triangular,vertex,ec,1536,126,3.643264721,105.3291832
triangular,vertex,ec,1536,127,3.642774579,108.8178877
triangular,vertex,ec,1536,128,3.643134671,104.0971535
triangular,vertex,ec,1536,129,3.643034638,109.2336672
triangular,vertex,ec,1536,130,3.643204697,101.9683069
triangular,vertex,ec,1536,131,3.643204697,105.8650019
triangular,vertex,ec,1536,132,3.643124667,104.8197056
triangular,vertex,ec,1536,133,3.643044641,110.4227954
triangular,vertex,ec,1536,134,3.643134671,104.6105326
triangular,vertex,ec,1536,135,3.643054644,104.4238767
triangular,vertex,ec,1536,136,3.643274725,101.9333142
triangular,vertex,ec,1536,137,3.642934611,102.9392798
triangular,vertex,ec,1536,138,3.643084654,107.4024848
triangular,vertex,ec,1536,139,3.643084654,100.3688808
triangular,vertex,ec,1536,140,3.643154678,107.1928894
triangular,vertex,ec,1536,141,3.643034638,106.8124919
triangular,vertex,ec,1536,142,3.643384776,103.2319099
triangular,vertex,ec,1536,143,3.64310466,105.2381585
triangular,vertex,ec,1536,144,3.643024635,103.34346
triangular,vertex,ec,1536,145,3.643374771,100.7629365
triangular,vertex,ec,1536,146,3.643084654,109.6778008
triangular,vertex,ec,1536,147,3.64307465,103.2692391
triangular,vertex,ec,1536,148,3.642984624,109.8995864
triangular,vertex,ec,1536,149,3.6428846,105.4389635
triangular,vertex,ec,1536,150,3.643134671,107.8720656
triangular,vertex,ec,1536,151,3.643064647,109.5978413
triangular,vertex,ec,1536,152,3.643114664,107.0175172
triangular,vertex,ec,1536,153,3.643124667,108.4371267
triangular,vertex,ec,1536,154,3.643264721,107.1094344
triangular,vertex,ec,1536,155,3.643024635,102.8223955
triangular,vertex,ec,1536,156,3.643134671,105.8739195
triangular,vertex,ec,1536,157,3.642974621,103.6861379
triangular,vertex,ec,1536,158,3.64310466,106.0017979
triangular,vertex,ec,1536,159,3.643184689,108.636663
triangular,vertex,ec,1536,160,3.643034638,102.4715475
triangular,vertex,ec,1536,161,3.643244713,108.7118212
triangular,vertex,ec,1536,162,3.642944613,107.0942519
triangular,vertex,ec,1536,163,3.643444806,107.852529
triangular,vertex,ec,1536,164,3.643064647,103.6934406
triangular,vertex,ec,1536,165,3.642804584,107.4082437
triangular,vertex,ec,1536,166,3.642904604,104.4137434
triangular,vertex,ec,1536,167,3.642974621,104.2447743
triangular,vertex,ec,1536,168,3.64310466,109.490671
triangular,vertex,ec,1536,169,3.643064647,107.4692059
triangular,vertex,ec,1536,170,3.643144674,102.0848369
triangular,vertex,ec,1536,171,3.642874597,105.0507124
triangular,vertex,ec,1536,172,3.642954616,110.2908112
triangular,vertex,ec,1536,173,3.643004629,102.2655041
triangular,vertex,ec,1536,174,3.643244713,105.887885
triangular,vertex,ec,1536,175,3.643044641,109.8533384
triangular,vertex,ec,1536,176,3.643204697,107.4633893
triangular,vertex,ec,1536,177,3.643264721,102.7346053
triangular,vertex,ec,1536,178,3.643084654,109.3735122
triangular,vertex,ec,1536,179,3.642914606,109.0344021
triangular,vertex,ec,1536,180,3.643134671,104.1125221
triangular,vertex,ec,1536,181,3.643164681,104.9657778
triangular,vertex,ec,1536,182,3.64310466,104.5343098
triangular,vertex,ec,1536,183,3.642974621,109.0368363
triangular,vertex,ec,1536,184,3.643174685,102.593011
triangular,vertex,ec,1536,185,3.64310466,104.1269836
triangular,vertex,ec,1536,186,3.643024635,100.1186298
triangular,vertex,ec,1536,187,3.643064647,109.119729
triangular,vertex,ec,1536,188,3.643294734,106.0683076
triangular,vertex,ec,1536,189,3.642954616,109.3891038
triangular,vertex,ec,1536,190,3.643014632,104.5170205
triangular,vertex,ec,1536,191,3.642984624,104.4107408
triangular,vertex,ec,1536,192,3.642944613,106.2070567
triangular,vertex,ec,1536,193,3.643054644,108.9972067
triangular,vertex,ec,1536,194,3.643004629,106.7381
triangular,vertex,ec,1536,195,3.643134671,104.0815296
triangular,vertex,ec,1536,196,3.643004629,107.9478337
triangular,vertex,ec,1536,197,3.643084654,102.2432671
triangular,vertex,ec,1536,198,3.643184689,101.0802237
triangular,vertex,ec,1536,199,3.643084654,104.4081546
triangular,vertex,ec,2048,0,3.642444558,179.310293
triangular,vertex,ec,2048,1,3.642344563,179.7588326
triangular,vertex,ec,2048,2,3.642494557,174.9944712
triangular,vertex,ec,2048,3,3.64238456,178.413635
triangular,vertex,ec,2048,4,3.642524558,176.7513153
triangular,vertex,ec,2048,5,3.642564559,185.5305564
triangular,vertex,ec,2048,6,3.642524558,177.7703181
triangular,vertex,ec,2048,7,3.642494557,183.2106572
triangular,vertex,ec,2048,8,3.642744575,175.4921654
triangular,vertex,ec,2048,9,3.642664565,173.5134007
triangular,vertex,ec,2048,10,3.642784581,174.245876
triangular,vertex,ec,2048,11,3.642174585,186.9740991
triangular,vertex,ec,2048,12,3.642444558,182.2790886
triangular,vertex,ec,2048,13,3.642614561,168.052101
triangular,vertex,ec,2048,14,3.642614561,173.2229644
triangular,vertex,ec,2048,15,3.642514557,168.8910641
triangular,vertex,ec,2048,16,3.642214578,171.5801696
triangular,vertex,ec,2048,17,3.64239456,181.2726597
triangular,vertex,ec,2048,18,3.642434558,179.8558104
triangular,vertex,ec,2048,19,3.642494557,178.1099048
triangular,vertex,ec,2048,20,3.642414559,178.6147396
triangular,vertex,ec,2048,21,3.642504557,173.2005021
triangular,vertex,ec,2048,22,3.642604561,177.8473488
triangular,vertex,ec,2048,23,3.642484557,183.2412903
triangular,vertex,ec,2048,24,3.64259456,181.455792
triangular,vertex,ec,2048,25,3.642544558,184.4710934
triangular,vertex,ec,2048,26,3.642534558,173.0983054
triangular,vertex,ec,2048,27,3.642614561,183.7231693
triangular,vertex,ec,2048,28,3.642474557,174.3221384
triangular,vertex,ec,2048,29,3.642784581,176.1353655
triangular,vertex,ec,2048,30,3.642484557,175.30777
triangular,vertex,ec,2048,31,3.642474557,181.5352718
triangular,vertex,ec,2048,32,3.642364562,187.5868763
triangular,vertex,ec,2048,33,3.642544558,178.0769843
triangular,vertex,ec,2048,34,3.642654565,176.4527383
triangular,vertex,ec,2048,35,3.642424559,172.0788976
triangular,vertex,ec,2048,36,3.642364562,179.0908001
triangular,vertex,ec,2048,37,3.642534558,167.3110461
triangular,vertex,ec,2048,38,3.642424559,164.6472886
triangular,vertex,ec,2048,39,3.642134592,166.5804254
triangular,vertex,ec,2048,40,3.642224577,172.1829516
triangular,vertex,ec,2048,41,3.642434558,182.9647309
triangular,vertex,ec,2048,42,3.64270457,183.6665668
triangular,vertex,ec,2048,43,3.64239456,168.8986492
triangular,vertex,ec,2048,44,3.642294568,177.4887441
triangular,vertex,ec,2048,45,3.64259456,184.5448487
triangular,vertex,ec,2048,46,3.642474557,183.5177828
triangular,vertex,ec,2048,47,3.642404559,180.2748741
triangular,vertex,ec,2048,48,3.642654565,181.168895
triangular,vertex,ec,2048,49,3.642564559,173.8636633
triangular,vertex,ec,2048,50,3.642614561,177.5015699
triangular,vertex,ec,2048,51,3.642424559,174.1171355
triangular,vertex,ec,2048,52,3.642434558,177.9476776
triangular,vertex,ec,2048,53,3.642374561,176.834664
triangular,vertex,ec,2048,54,3.642504557,173.1397752
triangular,vertex,ec,2048,55,3.642554558,170.3379367
triangular,vertex,ec,2048,56,3.642614561,186.7613593
triangular,vertex,ec,2048,57,3.642434558,164.2394771
triangular,vertex,ec,2048,58,3.642484557,174.8908033
triangular,vertex,ec,2048,59,3.642544558,169.7012396
triangular,vertex,ec,2048,60,3.642354563,177.3956234
triangular,vertex,ec,2048,61,3.642524558,181.4562715
triangular,vertex,ec,2048,62,3.642524558,180.2690896
triangular,vertex,ec,2048,63,3.642524558,172.3655395
triangular,vertex,ec,2048,64,3.642624562,178.0622433
triangular,vertex,ec,2048,65,3.642354563,171.7533389
triangular,vertex,ec,2048,66,3.642644564,172.6953677
triangular,vertex,ec,2048,67,3.642444558,179.9373931
triangular,vertex,ec,2048,68,3.64259456,174.6151557
triangular,vertex,ec,2048,69,3.642424559,175.4145569
triangular,vertex,ec,2048,70,3.642494557,167.9959953
triangular,vertex,ec,2048,71,3.642694569,172.8143332
triangular,vertex,ec,2048,72,3.64238456,180.074083
triangular,vertex,ec,2048,73,3.642494557,180.1585957
triangular,vertex,ec,2048,74,3.642574559,170.8413323
triangular,vertex,ec,2048,75,3.642414559,181.7443895
triangular,vertex,ec,2048,76,3.64238456,172.2905536
triangular,vertex,ec,2048,77,3.642654565,176.6011539
triangular,vertex,ec,2048,78,3.64238456,175.4690208
triangular,vertex,ec,2048,79,3.642464558,180.0234873
triangular,vertex,ec,2048,80,3.642444558,185.0387245
triangular,vertex,ec,2048,81,3.642574559,175.4614779
triangular,vertex,ec,2048,82,3.642604561,181.1279806
triangular,vertex,ec,2048,83,3.642474557,180.1542569
triangular,vertex,ec,2048,84,3.642444558,174.4475615
triangular,vertex,ec,2048,85,3.642524558,174.639167
triangular,vertex,ec,2048,86,3.642454558,178.1117088
triangular,vertex,ec,2048,87,3.642484557,173.6373785
triangular,vertex,ec,2048,88,3.642654565,170.8724346
triangular,vertex,ec,2048,89,3.64238456,183.4154182
triangular,vertex,ec,2048,90,3.642574559,186.3630802
triangular,vertex,ec,2048,91,3.642334564,178.712528
triangular,vertex,ec,2048,92,3.642354563,173.5380272
triangular,vertex,ec,2048,93,3.642544558,175.9841058
triangular,vertex,ec,2048,94,3.64238456,176.7618098
triangular,vertex,ec,2048,95,3.642714571,169.3785506
triangular,vertex,ec,2048,96,3.64259456,177.5294605
triangular,vertex,ec,2048,97,3.64239456,175.3486389
triangular,vertex,ec,2048,98,3.642464558,179.0768647
triangular,vertex,ec,2048,99,3.642494557,178.7958692
triangular,vertex,ec,2048,100,3.642454558,177.640382
triangular,vertex,ec,2048,101,3.642724572,167.9492839
triangular,vertex,ec,2048,102,3.642344563,182.3014479
triangular,vertex,ec,2048,103,3.642684567,170.0340458
triangular,vertex,ec,2048,104,3.642544558,173.0024019
triangular,vertex,ec,2048,105,3.642714571,173.5289729
triangular,vertex,ec,2048,106,3.642554558,172.9966118
triangular,vertex,ec,2048,107,3.64258456,175.6317274
triangular,vertex,ec,2048,108,3.64238456,177.7786093
triangular,vertex,ec,2048,109,3.642624562,180.1883128
triangular,vertex,ec,2048,110,3.642504557,162.3978051
triangular,vertex,ec,2048,111,3.642694569,181.6822508
triangular,vertex,ec,2048,112,3.642474557,171.1359283
triangular,vertex,ec,2048,113,3.642484557,170.5245626
triangular,vertex,ec,2048,114,3.642294568,186.7616277
triangular,vertex,ec,2048,115,3.642464558,175.0633718
triangular,vertex,ec,2048,116,3.642674566,174.5011161
triangular,vertex,ec,2048,117,3.642564559,181.7000849
triangular,vertex,ec,2048,118,3.642464558,180.1210678
triangular,vertex,ec,2048,119,3.642504557,174.058538
triangular,vertex,ec,2048,120,3.642324565,175.4839372
triangular,vertex,ec,2048,121,3.64270457,176.3632948
triangular,vertex,ec,2048,122,3.642474557,171.4988041
triangular,vertex,ec,2048,123,3.642424559,178.3242037
triangular,vertex,ec,2048,124,3.642574559,177.8387057
triangular,vertex,ec,2048,125,3.64258456,175.346889
triangular,vertex,ec,2048,126,3.642454558,175.5344917
triangular,vertex,ec,2048,127,3.64238456,178.9518586
triangular,vertex,ec,2048,128,3.642644564,172.4617088
triangular,vertex,ec,2048,129,3.642354563,175.2562711
triangular,vertex,ec,2048,130,3.64239456,179.8936395
triangular,vertex,ec,2048,131,3.642364562,171.2183446
triangular,vertex,ec,2048,132,3.642464558,179.7067672
triangular,vertex,ec,2048,133,3.642454558,182.3608294
triangular,vertex,ec,2048,134,3.642464558,174.0491778
triangular,vertex,ec,2048,135,3.642354563,178.2416529
triangular,vertex,ec,2048,136,3.642524558,174.6692027
triangular,vertex,ec,2048,137,3.642634563,170.6449535
triangular,vertex,ec,2048,138,3.642444558,173.3629513
triangular,vertex,ec,2048,139,3.642404559,174.2536759
triangular,vertex,ec,2048,140,3.642414559,175.622892
triangular,vertex,ec,2048,141,3.642574559,178.7883303
triangular,vertex,ec,2048,142,3.642424559,178.5287538
triangular,vertex,ec,2048,143,3.642494557,174.2368595
triangular,vertex,ec,2048,144,3.64239456,173.9538691
triangular,vertex,ec,2048,145,3.64258456,173.5384869
triangular,vertex,ec,2048,146,3.642404559,172.9207248
triangular,vertex,ec,2048,147,3.642424559,173.7417492
triangular,vertex,ec,2048,148,3.642614561,170.9767467
triangular,vertex,ec,2048,149,3.642524558,168.6516763
triangular,vertex,ec,2048,150,3.64227457,175.5982252
triangular,vertex,ec,2048,151,3.642684567,175.7106812
triangular,vertex,ec,2048,152,3.642434558,184.6568127
triangular,vertex,ec,2048,153,3.642514557,166.2460163
triangular,vertex,ec,2048,154,3.642474557,188.1595428
triangular,vertex,ec,2048,155,3.64270457,170.6369493
triangular,vertex,ec,2048,156,3.642314566,179.3067514
triangular,vertex,ec,2048,157,3.642564559,178.8129579
triangular,vertex,ec,2048,158,3.642504557,176.9296741
triangular,vertex,ec,2048,159,3.642434558,180.0672432
triangular,vertex,ec,2048,160,3.642434558,179.8317439
triangular,vertex,ec,2048,161,3.642464558,193.102674
triangular,vertex,ec,2048,162,3.642354563,172.1608901
triangular,vertex,ec,2048,163,3.642664565,171.8178928
triangular,vertex,ec,2048,164,3.642494557,176.4566906
triangular,vertex,ec,2048,165,3.642564559,169.1291694
triangular,vertex,ec,2048,166,3.642414559,179.4727313
triangular,vertex,ec,2048,167,3.642464558,174.9231485
triangular,vertex,ec,2048,168,3.642564559,177.0432962
triangular,vertex,ec,2048,169,3.64259456,176.2627411
triangular,vertex,ec,2048,170,3.64238456,186.3579899
triangular,vertex,ec,2048,171,3.642574559,176.1004226
triangular,vertex,ec,2048,172,3.642564559,171.4547296
triangular,vertex,ec,2048,173,3.642564559,174.830646
triangular,vertex,ec,2048,174,3.642364562,172.2821587
triangular,vertex,ec,2048,175,3.642574559,172.1245621
triangular,vertex,ec,2048,176,3.64270457,176.1441065
triangular,vertex,ec,2048,177,3.642544558,175.4953799
triangular,vertex,ec,2048,178,3.642514557,179.138629
triangular,vertex,ec,2048,179,3.642554558,177.691719
triangular,vertex,ec,2048,180,3.642634563,179.8148388
triangular,vertex,ec,2048,181,3.642524558,173.7177685
triangular,vertex,ec,2048,182,3.642644564,175.6759603
triangular,vertex,ec,2048,183,3.642364562,178.6116088
triangular,vertex,ec,2048,184,3.642624562,178.4133405
triangular,vertex,ec,2048,185,3.642404559,177.5000641
triangular,vertex,ec,2048,186,3.642514557,178.4693888
triangular,vertex,ec,2048,187,3.642474557,175.0266837
triangular,vertex,ec,2048,188,3.64227457,180.6083452
triangular,vertex,ec,2048,189,3.642464558,183.0023487
triangular,vertex,ec,2048,190,3.642474557,172.9881545
triangular,vertex,ec,2048,191,3.642644564,177.6225955
triangular,vertex,ec,2048,192,3.64239456,176.5161917
triangular,vertex,ec,2048,193,3.642404559,174.2889319
triangular,vertex,ec,2048,194,3.642514557,177.6644776
triangular,vertex,ec,2048,195,3.642414559,175.7549526
triangular,vertex,ec,2048,196,3.642604561,173.3245575
triangular,vertex,ec,2048,197,3.642564559,176.8450684
triangular,vertex,ec,2048,198,3.642254573,170.723186
triangular,vertex,ec,2048,199,3.64258456,169.9070969
triangular,vertex,ec,3072,0,3.641994625,357.1011278
triangular,vertex,ec,3072,1,3.642074605,369.7645658
triangular,vertex,ec,3072,2,3.642104599,371.234041
triangular,vertex,ec,3072,3,3.641904652,376.1181013
triangular,vertex,ec,3072,4,3.642024617,366.0917194
triangular,vertex,ec,3072,5,3.642004623,350.7020282
triangular,vertex,ec,3072,6,3.64194464,365.0740627
triangular,vertex,ec,3072,7,3.642064608,347.7167904
triangular,vertex,ec,3072,8,3.642004623,370.7474374
triangular,vertex,ec,3072,9,3.642004623,376.8821589
triangular,vertex,ec,3072,10,3.641904652,380.4453302
triangular,vertex,ec,3072,11,3.642024617,348.305448
triangular,vertex,ec,3072,12,3.642044612,393.0022983
triangular,vertex,ec,3072,13,3.642084603,354.0134057
triangular,vertex,ec,3072,14,3.641994625,406.2474079
triangular,vertex,ec,3072,15,3.641914649,366.1393183
triangular,vertex,ec,3072,16,3.642024617,374.1728935
triangular,vertex,ec,3072,17,3.642094601,331.5954785
triangular,vertex,ec,3072,18,3.642034615,361.4422388
triangular,vertex,ec,3072,19,3.642034615,368.8856104
triangular,vertex,ec,3072,20,3.642024617,372.5442241
triangular,vertex,ec,3072,21,3.641834676,380.2317741
triangular,vertex,ec,3072,22,3.64205461,355.5240612
triangular,vertex,ec,3072,23,3.641874662,383.8142387
triangular,vertex,ec,3072,24,3.641964634,360.6458977
triangular,vertex,ec,3072,25,3.641964634,364.9417349
triangular,vertex,ec,3072,26,3.642064608,378.5875075
triangular,vertex,ec,3072,27,3.641924646,384.1207916
triangular,vertex,ec,3072,28,3.641924646,374.6668503
triangular,vertex,ec,3072,29,3.64205461,386.5946626
triangular,vertex,ec,3072,30,3.642034615,363.9153336
triangular,vertex,ec,3072,31,3.641934643,390.1113689
triangular,vertex,ec,3072,32,3.641964634,375.777987
triangular,vertex,ec,3072,33,3.642044612,373.3507065
triangular,vertex,ec,3072,34,3.641984628,378.333551
triangular,vertex,ec,3072,35,3.642084603,372.6447559
triangular,vertex,ec,3072,36,3.641914649,352.5710649
triangular,vertex,ec,3072,37,3.642084603,369.7803022
triangular,vertex,ec,3072,38,3.641794691,359.7679562
triangular,vertex,ec,3072,39,3.642114596,380.6732077
triangular,vertex,ec,3072,40,3.64205461,382.7823521
triangular,vertex,ec,3072,41,3.64194464,369.767368
triangular,vertex,ec,3072,42,3.642004623,374.7917244
triangular,vertex,ec,3072,43,3.642064608,370.5480617
triangular,vertex,ec,3072,44,3.642084603,360.9683688
triangular,vertex,ec,3072,45,3.641924646,393.8002346
triangular,vertex,ec,3072,46,3.641994625,352.3920956
triangular,vertex,ec,3072,47,3.642084603,354.6215038
triangular,vertex,ec,3072,48,3.642044612,369.4534596
triangular,vertex,ec,3072,49,3.64214459,362.9991999
triangular,vertex,ec,3072,50,3.641924646,382.5530132
triangular,vertex,ec,3072,51,3.641974631,378.6247612
triangular,vertex,ec,3072,52,3.642034615,350.5196246
triangular,vertex,ec,3072,53,3.641994625,384.600849
triangular,vertex,ec,3072,54,3.641974631,360.2380348
triangular,vertex,ec,3072,55,3.642024617,377.2938455
triangular,vertex,ec,3072,56,3.641994625,389.0936731
triangular,vertex,ec,3072,57,3.642064608,345.592983
triangular,vertex,ec,3072,58,3.642034615,348.5534722
triangular,vertex,ec,3072,59,3.642234576,355.6238877
triangular,vertex,ec,3072,60,3.641934643,371.4972109
triangular,vertex,ec,3072,61,3.642074605,366.8378001
triangular,vertex,ec,3072,62,3.641924646,378.9455239
triangular,vertex,ec,3072,63,3.642074605,387.4102357
triangular,vertex,ec,3072,64,3.642064608,362.3669935
triangular,vertex,ec,3072,65,3.641964634,367.0139505
triangular,vertex,ec,3072,66,3.641924646,364.9919999
triangular,vertex,ec,3072,67,3.642064608,373.8109571
triangular,vertex,ec,3072,68,3.642064608,369.3161805
triangular,vertex,ec,3072,69,3.641974631,386.7510518
triangular,vertex,ec,3072,70,3.641994625,386.4391884
triangular,vertex,ec,3072,71,3.64194464,361.6549926
triangular,vertex,ec,3072,72,3.641954637,360.8187122
triangular,vertex,ec,3072,73,3.641904652,357.4404526
triangular,vertex,ec,3072,74,3.641984628,345.6404775
triangular,vertex,ec,3072,75,3.642044612,378.7825233
triangular,vertex,ec,3072,76,3.642064608,364.6742697
triangular,vertex,ec,3072,77,3.641964634,369.015266
triangular,vertex,ec,3072,78,3.64205461,378.3835512
triangular,vertex,ec,3072,79,3.64205461,350.9268577
triangular,vertex,ec,3072,80,3.641994625,351.7183263
triangular,vertex,ec,3072,81,3.642124594,348.4154957
triangular,vertex,ec,3072,82,3.64194464,359.5210019
triangular,vertex,ec,3072,83,3.641964634,379.0533813
triangular,vertex,ec,3072,84,3.641994625,371.4824609
triangular,vertex,ec,3072,85,3.641984628,379.9257013
triangular,vertex,ec,3072,86,3.642024617,365.6729586
triangular,vertex,ec,3072,87,3.641984628,380.0545885
triangular,vertex,ec,3072,88,3.642094601,375.3524454
triangular,vertex,ec,3072,89,3.642084603,363.0410309
triangular,vertex,ec,3072,90,3.642084603,383.5117935
triangular,vertex,ec,3072,91,3.64201462,388.2687706
triangular,vertex,ec,3072,92,3.642084603,364.5434156
triangular,vertex,ec,3072,93,3.642024617,357.074486
triangular,vertex,ec,3072,94,3.642094601,364.6351637
triangular,vertex,ec,3072,95,3.64194464,383.7435909
triangular,vertex,ec,3072,96,3.64214459,360.3598406
triangular,vertex,ec,3072,97,3.642244574,352.8390128
triangular,vertex,ec,3072,98,3.642024617,358.652762
triangular,vertex,ec,3072,99,3.641914649,377.2743981
triangular,vertex,ec,3072,100,3.642024617,361.8026468
triangular,vertex,ec,3072,101,3.642024617,362.7472985
triangular,vertex,ec,3072,102,3.64201462,362.7938528
triangular,vertex,ec,3072,103,3.642034615,368.5999604
triangular,vertex,ec,3072,104,3.642104599,380.2774946
triangular,vertex,ec,3072,105,3.642004623,372.556188
triangular,vertex,ec,3072,106,3.64201462,378.3664388
triangular,vertex,ec,3072,107,3.641904652,389.9161732
triangular,vertex,ec,3072,108,3.64205461,383.6476691
triangular,vertex,ec,3072,109,3.64194464,391.1308372
triangular,vertex,ec,3072,110,3.641904652,392.8060973
triangular,vertex,ec,3072,111,3.641954637,360.7077646
triangular,vertex,ec,3072,112,3.642024617,384.0749182
triangular,vertex,ec,3072,113,3.642064608,377.0131944
triangular,vertex,ec,3072,114,3.642124594,369.8734602
triangular,vertex,ec,3072,115,3.642104599,372.970889
triangular,vertex,ec,3072,116,3.64205461,378.6430531
triangular,vertex,ec,3072,117,3.642024617,350.8581543
triangular,vertex,ec,3072,118,3.64201462,365.1014537
triangular,vertex,ec,3072,119,3.642034615,370.1561771
triangular,vertex,ec,3072,120,3.641954637,360.3618924
triangular,vertex,ec,3072,121,3.642044612,344.0138476
triangular,vertex,ec,3072,122,3.64201462,376.6713603
triangular,vertex,ec,3072,123,3.641964634,355.7748073
triangular,vertex,ec,3072,124,3.642034615,376.896316
triangular,vertex,ec,3072,125,3.642044612,389.3256333
triangular,vertex,ec,3072,126,3.64214459,365.1673648
triangular,vertex,ec,3072,127,3.642074605,363.7228293
triangular,vertex,ec,3072,128,3.641994625,379.4618634
triangular,vertex,ec,3072,129,3.64201462,361.8096264
triangular,vertex,ec,3072,130,3.642044612,365.4786547
triangular,vertex,ec,3072,131,3.642114596,366.016983
triangular,vertex,ec,3072,132,3.641954637,362.3437982
triangular,vertex,ec,3072,133,3.642124594,363.7521075
triangular,vertex,ec,3072,134,3.642004623,357.1803698
triangular,vertex,ec,3072,135,3.642214578,364.1791228
triangular,vertex,ec,3072,136,3.641994625,392.1679635
triangular,vertex,ec,3072,137,3.641924646,374.3373978
triangular,vertex,ec,3072,138,3.642104599,343.4905775
triangular,vertex,ec,3072,139,3.642084603,366.8197534
triangular,vertex,ec,3072,140,3.642074605,374.4482865
triangular,vertex,ec,3072,141,3.641994625,365.0504542
triangular,vertex,ec,3072,142,3.642034615,382.8486702
triangular,vertex,ec,3072,143,3.642084603,359.288198
triangular,vertex,ec,3072,144,3.642124594,374.3407975
triangular,vertex,ec,3072,145,3.642004623,385.757102
triangular,vertex,ec,3072,146,3.64201462,371.751274
triangular,vertex,ec,3072,147,3.641984628,385.7968675
triangular,vertex,ec,3072,148,3.64201462,379.5392186
triangular,vertex,ec,3072,149,3.641904652,370.8862129
triangular,vertex,ec,3072,150,3.642074605,358.4558845
triangular,vertex,ec,3072,151,3.642064608,375.9637245
triangular,vertex,ec,3072,152,3.642114596,385.6475805
triangular,vertex,ec,3072,153,3.64205461,362.507303
triangular,vertex,ec,3072,154,3.641994625,376.4961872
triangular,vertex,ec,3072,155,3.642034615,363.2824893
triangular,vertex,ec,3072,156,3.642004623,386.3003509
triangular,vertex,ec,3072,157,3.641964634,362.6756778
triangular,vertex,ec,3072,158,3.641994625,345.7971548
triangular,vertex,ec,3072,159,3.642064608,380.0994815
triangular,vertex,ec,3072,160,3.642134592,379.3573085
triangular,vertex,ec,3072,161,3.642164587,350.3244567
triangular,vertex,ec,3072,162,3.641994625,379.0408384
triangular,vertex,ec,3072,163,3.642114596,370.2928792
triangular,vertex,ec,3072,164,3.64214459,343.1748532
triangular,vertex,ec,3072,165,3.642094601,375.6233689
triangular,vertex,ec,3072,166,3.642004623,384.9611805
triangular,vertex,ec,3072,167,3.641994625,369.365214
triangular,vertex,ec,3072,168,3.64201462,377.8457144
triangular,vertex,ec,3072,169,3.641914649,365.8289978
triangular,vertex,ec,3072,170,3.642024617,338.1428182
triangular,vertex,ec,3072,171,3.642074605,364.8010376
triangular,vertex,ec,3072,172,3.641984628,393.2387232
triangular,vertex,ec,3072,173,3.641914649,359.2435296
triangular,vertex,ec,3072,174,3.642034615,369.4732583
triangular,vertex,ec,3072,175,3.641994625,377.1084097
triangular,vertex,ec,3072,176,3.642004623,331.9215218
triangular,vertex,ec,3072,177,3.64205461,371.6064754
triangular,vertex,ec,3072,178,3.641994625,349.0140434
triangular,vertex,ec,3072,179,3.641984628,355.2693079
triangular,vertex,ec,3072,180,3.641974631,374.8186276
triangular,vertex,ec,3072,181,3.642004623,361.6833608
triangular,vertex,ec,3072,182,3.641974631,353.0736252
triangular,vertex,ec,3072,183,3.642034615,362.3632394
triangular,vertex,ec,3072,184,3.641964634,371.4250694
triangular,vertex,ec,3072,185,3.642024617,383.3910467
triangular,vertex,ec,3072,186,3.642064608,353.1384872
triangular,vertex,ec,3072,187,3.64201462,380.9360806
triangular,vertex,ec,3072,188,3.642084603,354.6304029
triangular,vertex,ec,3072,189,3.64201462,357.4452008
triangular,vertex,ec,3072,190,3.641974631,356.9694226
triangular,vertex,ec,3072,191,3.641904652,389.6892071
triangular,vertex,ec,3072,192,3.641984628,358.0136379
triangular,vertex,ec,3072,193,3.64205461,364.7781613
triangular,vertex,ec,3072,194,3.642024617,386.2136039
triangular,vertex,ec,3072,195,3.641974631,359.8345922
triangular,vertex,ec,3072,196,3.642084603,367.2892354
triangular,vertex,ec,3072,197,3.642074605,356.8222505
triangular,vertex,ec,3072,198,3.641904652,386.6501558
triangular,vertex,ec,3072,199,3.641934643,413.2663025
