lattice_type,representation,variant,L,bootstrap,Tc,chi_c
square,vertex,m,64,0,2.301286904,72.31337949
square,vertex,m,64,1,2.301336965,71.32840701
square,vertex,m,64,2,2.30142708,71.8091069
square,vertex,m,64,3,2.300676337,71.23275572
square,vertex,m,64,4,2.300306151,71.95572864
square,vertex,m,64,5,2.301116713,71.91404711
square,vertex,m,64,6,2.302108177,71.55254038
square,vertex,m,64,7,2.301387028,72.49599171
square,vertex,m,64,8,2.301717498,72.07197688
square,vertex,m,64,9,2.300016088,72.59247888
square,vertex,m,64,10,2.300606293,72.05174814
square,vertex,m,64,11,2.301216822,71.95432096
square,vertex,m,64,12,2.300566269,71.0070853
square,vertex,m,64,13,2.30184771,71.77569058
square,vertex,m,64,14,2.301707483,70.71464558
square,vertex,m,64,15,2.301387028,72.09927825
square,vertex,m,64,16,2.300196119,72.9427405
square,vertex,m,64,17,2.301296916,71.99874803
square,vertex,m,64,18,2.300396185,72.91798373
square,vertex,m,64,19,2.300846462,72.32497659
square,vertex,m,64,20,2.300836454,72.77728272
square,vertex,m,64,21,2.300336161,71.97845228
square,vertex,m,64,22,2.300796423,72.32992252
square,vertex,m,64,23,2.300256135,72.70644975
square,vertex,m,64,24,2.301226834,71.32789092
square,vertex,m,64,25,2.300476222,71.23709288
square,vertex,m,64,26,2.301467133,72.26502956
square,vertex,m,64,27,2.300836454,71.37295457
square,vertex,m,64,28,2.301617346,70.90532085
square,vertex,m,64,29,2.302298555,72.47602542
square,vertex,m,64,30,2.300936539,72.70740147
square,vertex,m,64,31,2.301807643,72.32366723
square,vertex,m,64,32,2.300846462,71.60594069
square,vertex,m,64,33,2.30066633,71.17001056
square,vertex,m,64,34,2.300346165,72.47759895
square,vertex,m,64,35,2.300326158,70.94941438
square,vertex,m,64,36,2.301296916,71.5409593
square,vertex,m,64,37,2.301006603,71.57235085
square,vertex,m,64,38,2.300646317,72.79768053
square,vertex,m,64,39,2.30131694,71.28628241
square,vertex,m,64,40,2.301036632,72.40924342
square,vertex,m,64,41,2.300406189,73.40891874
square,vertex,m,64,42,2.300496232,72.15026853
square,vertex,m,64,43,2.301146745,72.53915851
square,vertex,m,64,44,2.300786415,71.62663019
square,vertex,m,64,45,2.300026089,72.2479061
square,vertex,m,64,46,2.301176778,71.76519713
square,vertex,m,64,47,2.30145712,71.44234432
square,vertex,m,64,48,2.300886496,72.15818576
square,vertex,m,64,49,2.300576275,72.37056302
square,vertex,m,64,50,2.300656324,72.80419363
square,vertex,m,64,51,2.30135699,72.10849196
square,vertex,m,64,52,2.3011968,71.83611063
square,vertex,m,64,53,2.301677436,71.83997415
square,vertex,m,64,54,2.300126103,72.0950903
square,vertex,m,64,55,2.300066094,71.23548081
square,vertex,m,64,56,2.301336965,71.13116649
square,vertex,m,64,57,2.30142708,72.09596908
square,vertex,m,64,58,2.30173753,72.50042602
square,vertex,m,64,59,2.300806431,71.47729313
square,vertex,m,64,60,2.301597316,71.82644868
square,vertex,m,64,61,2.300716364,71.13491231
square,vertex,m,64,62,2.301236845,71.99119972
square,vertex,m,64,63,2.30145712,72.13833808
square,vertex,m,64,64,2.30145712,71.44602303
square,vertex,m,64,65,2.300536252,72.3780464
square,vertex,m,64,66,2.301046642,71.62704745
square,vertex,m,64,67,2.301867744,72.01858957
square,vertex,m,64,68,2.299936084,72.08513165
square,vertex,m,64,69,2.299926084,71.74230583
square,vertex,m,64,70,2.301697467,71.80108662
square,vertex,m,64,71,2.299936084,71.17202523
square,vertex,m,64,72,2.301677436,71.64248392
square,vertex,m,64,73,2.300226126,71.60203783
square,vertex,m,64,74,2.301667421,71.48761281
square,vertex,m,64,75,2.300966566,71.32127873
square,vertex,m,64,76,2.301106703,71.70743386
square,vertex,m,64,77,2.301226834,72.15091713
square,vertex,m,64,78,2.300836454,71.97318637
square,vertex,m,64,79,2.300536252,70.91692237
square,vertex,m,64,80,2.301407054,72.71884142
square,vertex,m,64,81,2.301076672,72.37322664
square,vertex,m,64,82,2.300626305,72.35799918
square,vertex,m,64,83,2.30092653,73.13295757
square,vertex,m,64,84,2.301016613,72.3330958
square,vertex,m,64,85,2.300956557,71.60135957
square,vertex,m,64,86,2.301336965,71.43382803
square,vertex,m,64,87,2.300236129,71.89628517
square,vertex,m,64,88,2.301136734,72.55013269
square,vertex,m,64,89,2.300526247,72.64913161
square,vertex,m,64,90,2.300506237,71.05639862
square,vertex,m,64,91,2.300846462,71.81186982
square,vertex,m,64,92,2.300416194,72.31451767
square,vertex,m,64,93,2.30092653,72.72557464
square,vertex,m,64,94,2.300716364,71.94369101
square,vertex,m,64,95,2.300366173,71.32775791
square,vertex,m,64,96,2.300856471,72.02980242
square,vertex,m,64,97,2.300496232,71.96543085
square,vertex,m,64,98,2.300986585,71.25828211
square,vertex,m,64,99,2.30178761,71.42802198
square,vertex,m,64,100,2.300846462,71.71046344
square,vertex,m,64,101,2.300316154,71.99226429
square,vertex,m,64,102,2.300536252,72.45960978
square,vertex,m,64,103,2.299886084,72.4459725
square,vertex,m,64,104,2.300976575,72.16178422
square,vertex,m,64,105,2.300836454,71.39186569
square,vertex,m,64,106,2.300416194,71.13228025
square,vertex,m,64,107,2.299576133,72.83346618
square,vertex,m,64,108,2.30181766,71.57234839
square,vertex,m,64,109,2.301256868,71.67860129
square,vertex,m,64,110,2.301967918,72.54746041
square,vertex,m,64,111,2.299976085,71.8818915
square,vertex,m,64,112,2.301036632,72.2368811
square,vertex,m,64,113,2.301326952,70.94289056
square,vertex,m,64,114,2.301126724,72.49634406
square,vertex,m,64,115,2.301657406,71.55131405
square,vertex,m,64,116,2.300146107,72.21895731
square,vertex,m,64,117,2.300896504,73.54233031
square,vertex,m,64,118,2.30092653,72.5373798
square,vertex,m,64,119,2.301447106,72.31154719
square,vertex,m,64,120,2.300786415,71.69258116
square,vertex,m,64,121,2.301867744,70.87224899
square,vertex,m,64,122,2.301677436,72.35841943
square,vertex,m,64,123,2.301226834,72.83502418
square,vertex,m,64,124,2.301907812,72.51746957
square,vertex,m,64,125,2.300486226,71.60417773
square,vertex,m,64,126,2.301587302,72.30758067
square,vertex,m,64,127,2.301857727,72.41985799
square,vertex,m,64,128,2.300786415,71.58576204
square,vertex,m,64,129,2.300796423,72.39745565
square,vertex,m,64,130,2.299656112,72.1592597
square,vertex,m,64,131,2.300206121,72.16132802
square,vertex,m,64,132,2.300406189,72.11749538
square,vertex,m,64,133,2.300476222,70.74567454
square,vertex,m,64,134,2.300006087,71.97481326
square,vertex,m,64,135,2.301016613,71.95453056
square,vertex,m,64,136,2.3007664,71.26323276
square,vertex,m,64,137,2.301046642,71.58217673
square,vertex,m,64,138,2.300736378,71.72150359
square,vertex,m,64,139,2.301056652,72.2445475
square,vertex,m,64,140,2.301256868,71.65771722
square,vertex,m,64,141,2.301637375,72.46206436
square,vertex,m,64,142,2.299846086,71.89541248
square,vertex,m,64,143,2.301116713,71.38514456
square,vertex,m,64,144,2.301447106,72.05798798
square,vertex,m,64,145,2.300946548,71.47913599
square,vertex,m,64,146,2.300726371,72.01483657
square,vertex,m,64,147,2.300176114,72.67753051
square,vertex,m,64,148,2.30131694,71.90931328
square,vertex,m,64,149,2.30131694,70.4641624
square,vertex,m,64,150,2.302238432,71.80375981
square,vertex,m,64,151,2.300346165,72.87513351
square,vertex,m,64,152,2.301437093,71.87790877
square,vertex,m,64,153,2.301216822,71.77621918
square,vertex,m,64,154,2.301306928,71.92855216
square,vertex,m,64,155,2.301296916,72.10118075
square,vertex,m,64,156,2.300406189,71.52067786
square,vertex,m,64,157,2.300386181,72.47799973
square,vertex,m,64,158,2.301947882,71.64562638
square,vertex,m,64,159,2.301377015,71.80378961
square,vertex,m,64,160,2.301136734,72.51512782
square,vertex,m,64,161,2.300576275,72.55583978
square,vertex,m,64,162,2.300826446,71.48389753
square,vertex,m,64,163,2.300346165,72.86763269
square,vertex,m,64,164,2.300026089,70.64191614
square,vertex,m,64,165,2.300586281,73.14981967
square,vertex,m,64,166,2.300306151,72.53339662
square,vertex,m,64,167,2.300676337,72.09742415
square,vertex,m,64,168,2.302118196,72.65812033
square,vertex,m,64,169,2.301236845,72.08357061
square,vertex,m,64,170,2.300826446,71.09962265
square,vertex,m,64,171,2.301336965,70.06609221
square,vertex,m,64,172,2.300776408,71.3613772
square,vertex,m,64,173,2.300936539,72.51766721
square,vertex,m,64,174,2.301587302,71.75068995
square,vertex,m,64,175,2.300346165,71.53079132
square,vertex,m,64,176,2.300676337,71.62109644
square,vertex,m,64,177,2.301166767,71.5326529
square,vertex,m,64,178,2.300116102,72.5547698
square,vertex,m,64,179,2.301186789,71.40711279
square,vertex,m,64,180,2.301437093,71.58804001
square,vertex,m,64,181,2.30126688,71.98801975
square,vertex,m,64,182,2.302248453,72.0409818
square,vertex,m,64,183,2.30066633,71.76283555
square,vertex,m,64,184,2.301056652,72.30633438
square,vertex,m,64,185,2.300446207,72.55323397
square,vertex,m,64,186,2.30173753,73.92286787
square,vertex,m,64,187,2.300286144,72.44623337
square,vertex,m,64,188,2.302038045,71.7314337
square,vertex,m,64,189,2.300836454,72.49362718
square,vertex,m,64,190,2.301066662,71.98752823
square,vertex,m,64,191,2.301066662,72.98583604
square,vertex,m,64,192,2.300366173,71.72839061
square,vertex,m,64,193,2.300916521,72.53338905
square,vertex,m,64,194,2.300726371,71.52889686
square,vertex,m,64,195,2.300006087,72.1136418
square,vertex,m,64,196,2.300636311,72.27638058
square,vertex,m,64,197,2.301477147,72.51889058
square,vertex,m,64,198,2.300646317,71.44110044
square,vertex,m,64,199,2.300526247,71.58588232
square,vertex,m,96,0,2.290465458,143.4472497
square,vertex,m,96,1,2.290415435,144.7517526
square,vertex,m,96,2,2.290545499,144.142387
square,vertex,m,96,3,2.291045885,142.5029418
square,vertex,m,96,4,2.290715606,144.9088354
square,vertex,m,96,5,2.2912461,142.5375704
square,vertex,m,96,6,2.291065905,143.4954046
square,vertex,m,96,7,2.290335402,143.9753749
square,vertex,m,96,8,2.290435444,144.2165934
square,vertex,m,96,9,2.290465458,141.3577827
square,vertex,m,96,10,2.290875729,142.9287193
square,vertex,m,96,11,2.29081568,144.4617476
square,vertex,m,96,12,2.291186032,143.2915383
square,vertex,m,96,13,2.290015329,143.8598717
square,vertex,m,96,14,2.290415435,143.5010676
square,vertex,m,96,15,2.291095935,140.9070594
square,vertex,m,96,16,2.290435444,143.024919
square,vertex,m,96,17,2.290285385,142.8525635
square,vertex,m,96,18,2.290325399,144.0581668
square,vertex,m,96,19,2.29073562,143.6238637
square,vertex,m,96,20,2.290715606,143.1181126
square,vertex,m,96,21,2.290665572,145.3934653
square,vertex,m,96,22,2.291105946,143.3243657
square,vertex,m,96,23,2.290035331,145.1633493
square,vertex,m,96,24,2.29073562,143.3148114
square,vertex,m,96,25,2.291145988,144.6386344
square,vertex,m,96,26,2.290145348,143.6406202
square,vertex,m,96,27,2.290365414,143.6983117
square,vertex,m,96,28,2.290695592,143.8852223
square,vertex,m,96,29,2.290905755,144.0650474
square,vertex,m,96,30,2.29094579,142.3209198
square,vertex,m,96,31,2.290505478,143.81712
square,vertex,m,96,32,2.291586547,143.9656272
square,vertex,m,96,33,2.291065905,144.3107389
square,vertex,m,96,34,2.291045885,143.2085039
square,vertex,m,96,35,2.29073562,143.0762761
square,vertex,m,96,36,2.290285385,145.0172784
square,vertex,m,96,37,2.290445448,143.3118118
square,vertex,m,96,38,2.290655565,143.1590338
square,vertex,m,96,39,2.291236089,143.6761278
square,vertex,m,96,40,2.290625546,143.2587664
square,vertex,m,96,41,2.290685585,143.8231663
square,vertex,m,96,42,2.289935324,144.8353062
square,vertex,m,96,43,2.290825688,142.4014718
square,vertex,m,96,44,2.290505478,144.0863193
square,vertex,m,96,45,2.290685585,145.5611667
square,vertex,m,96,46,2.29056551,144.059047
square,vertex,m,96,47,2.290895746,142.9845161
square,vertex,m,96,48,2.29023537,142.9453411
square,vertex,m,96,49,2.291396285,142.1895081
square,vertex,m,96,50,2.290395426,143.0973446
square,vertex,m,96,51,2.290655565,142.0883223
square,vertex,m,96,52,2.290575516,142.9144979
square,vertex,m,96,53,2.290085337,144.7518827
square,vertex,m,96,54,2.291155999,141.5574501
square,vertex,m,96,55,2.290425439,145.9047925
square,vertex,m,96,56,2.290875729,142.4589754
square,vertex,m,96,57,2.290625546,145.7410972
square,vertex,m,96,58,2.290745627,142.2547628
square,vertex,m,96,59,2.290385422,142.0311726
square,vertex,m,96,60,2.290685585,142.8157892
square,vertex,m,96,61,2.291005846,143.1768594
square,vertex,m,96,62,2.290785657,144.2529171
square,vertex,m,96,63,2.290585522,142.3688262
square,vertex,m,96,64,2.290935781,139.6838708
square,vertex,m,96,65,2.290465458,143.6209747
square,vertex,m,96,66,2.290435444,144.3350849
square,vertex,m,96,67,2.290655565,144.195357
square,vertex,m,96,68,2.289885325,143.3022943
square,vertex,m,96,69,2.290525488,144.0784133
square,vertex,m,96,70,2.290655565,142.5648623
square,vertex,m,96,71,2.290695592,143.4899737
square,vertex,m,96,72,2.291035875,142.4853919
square,vertex,m,96,73,2.290445448,144.4429129
square,vertex,m,96,74,2.290915763,144.3255563
square,vertex,m,96,75,2.290765642,144.2712164
square,vertex,m,96,76,2.29023537,144.3159742
square,vertex,m,96,77,2.290255375,142.8977644
square,vertex,m,96,78,2.290695592,142.1379531
square,vertex,m,96,79,2.291015855,142.2439895
square,vertex,m,96,80,2.290215364,142.8559637
square,vertex,m,96,81,2.290665572,143.3598733
square,vertex,m,96,82,2.290755634,142.1295884
square,vertex,m,96,83,2.289895324,144.5115309
square,vertex,m,96,84,2.290705599,144.0261633
square,vertex,m,96,85,2.290535494,141.9572023
square,vertex,m,96,86,2.289935324,144.9357939
square,vertex,m,96,87,2.290385422,142.4099354
square,vertex,m,96,88,2.291015855,142.0395361
square,vertex,m,96,89,2.291256112,140.5620566
square,vertex,m,96,90,2.290985827,141.6790739
square,vertex,m,96,91,2.291556503,142.5868851
square,vertex,m,96,92,2.290265379,143.219315
square,vertex,m,96,93,2.290415435,145.1805715
square,vertex,m,96,94,2.290675578,143.8151334
square,vertex,m,96,95,2.290265379,144.4579068
square,vertex,m,96,96,2.29094579,144.3853131
square,vertex,m,96,97,2.290585522,143.9495407
square,vertex,m,96,98,2.290555505,143.087496
square,vertex,m,96,99,2.29081568,143.3107745
square,vertex,m,96,100,2.290385422,143.3823303
square,vertex,m,96,101,2.289975326,142.3525575
square,vertex,m,96,102,2.290715606,144.3558665
square,vertex,m,96,103,2.290415435,143.389734
square,vertex,m,96,104,2.290175354,143.989233
square,vertex,m,96,105,2.291115956,142.7281089
square,vertex,m,96,106,2.290645559,144.5516216
square,vertex,m,96,107,2.290245373,141.9663333
square,vertex,m,96,108,2.290495472,142.4940933
square,vertex,m,96,109,2.29094579,145.1615743
square,vertex,m,96,110,2.289965325,145.7548341
square,vertex,m,96,111,2.291206054,144.1298023
square,vertex,m,96,112,2.28972534,144.1547204
square,vertex,m,96,113,2.291145988,143.4352487
square,vertex,m,96,114,2.290475462,142.9413409
square,vertex,m,96,115,2.291336209,141.6678286
square,vertex,m,96,116,2.290625546,145.2176104
square,vertex,m,96,117,2.290605534,144.6000412
square,vertex,m,96,118,2.290265379,144.7760769
square,vertex,m,96,119,2.29094579,143.7889809
square,vertex,m,96,120,2.29035541,141.8252233
square,vertex,m,96,121,2.290585522,142.9082828
square,vertex,m,96,122,2.289995327,143.5270117
square,vertex,m,96,123,2.290995836,144.1646404
square,vertex,m,96,124,2.29040543,143.9259543
square,vertex,m,96,125,2.29035541,141.9748557
square,vertex,m,96,126,2.290625546,142.8371799
square,vertex,m,96,127,2.290255375,145.8792878
square,vertex,m,96,128,2.291716744,141.2889577
square,vertex,m,96,129,2.290595528,142.0628692
square,vertex,m,96,130,2.29081568,143.7072915
square,vertex,m,96,131,2.291306172,141.5127188
square,vertex,m,96,132,2.290245373,142.9654012
square,vertex,m,96,133,2.290895746,143.7121212
square,vertex,m,96,134,2.290245373,143.8763381
square,vertex,m,96,135,2.290275382,145.8263519
square,vertex,m,96,136,2.289665351,142.9570647
square,vertex,m,96,137,2.291466378,143.2292586
square,vertex,m,96,138,2.291075915,142.4035541
square,vertex,m,96,139,2.290755634,141.3177709
square,vertex,m,96,140,2.290175354,144.2027034
square,vertex,m,96,141,2.290185357,143.0404912
square,vertex,m,96,142,2.290555505,143.187108
square,vertex,m,96,143,2.290495472,144.4853471
square,vertex,m,96,144,2.290585522,143.4315062
square,vertex,m,96,145,2.290345406,143.3654937
square,vertex,m,96,146,2.290655565,143.4687399
square,vertex,m,96,147,2.290705599,142.0435057
square,vertex,m,96,148,2.290955799,142.7419163
square,vertex,m,96,149,2.290725613,144.0823087
square,vertex,m,96,150,2.290485467,144.5463701
square,vertex,m,96,151,2.291115956,141.2447932
square,vertex,m,96,152,2.290655565,141.8459901
square,vertex,m,96,153,2.290545499,141.7862881
square,vertex,m,96,154,2.290115342,143.3630346
square,vertex,m,96,155,2.29094579,143.2989184
square,vertex,m,96,156,2.290515483,142.0470152
square,vertex,m,96,157,2.290285385,142.9762361
square,vertex,m,96,158,2.290455453,144.244514
square,vertex,m,96,159,2.29073562,143.7993845
square,vertex,m,96,160,2.290205362,141.7154078
square,vertex,m,96,161,2.290335402,143.7057887
square,vertex,m,96,162,2.290175354,144.5751229
square,vertex,m,96,163,2.291015855,142.5542518
square,vertex,m,96,164,2.289515393,142.4875964
square,vertex,m,96,165,2.290245373,142.5556382
square,vertex,m,96,166,2.290925772,143.8327559
square,vertex,m,96,167,2.290825688,143.3300868
square,vertex,m,96,168,2.290605534,144.5900889
square,vertex,m,96,169,2.290435444,143.4570296
square,vertex,m,96,170,2.290785657,145.1269094
square,vertex,m,96,171,2.290965808,140.6814061
square,vertex,m,96,172,2.290505478,142.6135889
square,vertex,m,96,173,2.29061554,142.5718333
square,vertex,m,96,174,2.291226077,140.6938995
square,vertex,m,96,175,2.289805329,140.8858669
square,vertex,m,96,176,2.290985827,144.0203011
square,vertex,m,96,177,2.290545499,144.5361723
square,vertex,m,96,178,2.290605534,144.400708
square,vertex,m,96,179,2.290965808,143.4486278
square,vertex,m,96,180,2.290715606,143.2985775
square,vertex,m,96,181,2.290965808,143.3982469
square,vertex,m,96,182,2.29129616,144.8863298
square,vertex,m,96,183,2.291196043,141.1025777
square,vertex,m,96,184,2.290965808,143.2179554
square,vertex,m,96,185,2.290255375,142.7808278
square,vertex,m,96,186,2.29061554,142.3309365
square,vertex,m,96,187,2.290585522,144.1424995
square,vertex,m,96,188,2.289745336,144.1217741
square,vertex,m,96,189,2.291155999,143.3384377
square,vertex,m,96,190,2.291206054,142.3352428
square,vertex,m,96,191,2.290205362,143.4585871
square,vertex,m,96,192,2.29056551,143.1276371
square,vertex,m,96,193,2.290765642,143.5789678
square,vertex,m,96,194,2.290145348,142.7737674
square,vertex,m,96,195,2.290455453,142.573067
square,vertex,m,96,196,2.291406298,142.7110272
square,vertex,m,96,197,2.290375418,141.0304729
square,vertex,m,96,198,2.290255375,143.7374962
square,vertex,m,96,199,2.290525488,143.8559713
square,vertex,m,128,0,2.285345024,238.5450364
square,vertex,m,128,1,2.285174972,233.1274899
square,vertex,m,128,2,2.285325016,230.5665339
square,vertex,m,128,3,2.285885356,231.0470207
square,vertex,m,128,4,2.285425057,236.3932353
square,vertex,m,128,5,2.285705217,232.6495431
square,vertex,m,128,6,2.285034949,234.4221932
square,vertex,m,128,7,2.284944942,235.4031154
square,vertex,m,128,8,2.285835315,233.3640815
square,vertex,m,128,9,2.285144966,232.639911
square,vertex,m,128,10,2.285525106,234.6982354
square,vertex,m,128,11,2.28566519,234.6528244
square,vertex,m,128,12,2.284744954,233.078687
square,vertex,m,128,13,2.285735238,232.4324446
square,vertex,m,128,14,2.285425057,234.6860829
square,vertex,m,128,15,2.285104958,234.9548268
square,vertex,m,128,16,2.285345024,235.2197543
square,vertex,m,128,17,2.285915382,233.1750164
square,vertex,m,128,18,2.285715224,232.0812534
square,vertex,m,128,19,2.285415052,234.6188675
square,vertex,m,128,20,2.28511496,235.7390847
square,vertex,m,128,21,2.285465076,234.4277555
square,vertex,m,128,22,2.285134964,234.4856961
square,vertex,m,128,23,2.285875348,233.939654
square,vertex,m,128,24,2.285204979,233.8936504
square,vertex,m,128,25,2.285455071,237.9933359
square,vertex,m,128,26,2.285104958,235.665522
square,vertex,m,128,27,2.285415052,235.2030639
square,vertex,m,128,28,2.285785275,234.2784796
square,vertex,m,128,29,2.28516497,235.7004561
square,vertex,m,128,30,2.284824945,233.6528837
square,vertex,m,128,31,2.285214982,233.0916485
square,vertex,m,128,32,2.284734956,235.939804
square,vertex,m,128,33,2.285254993,231.7228289
square,vertex,m,128,34,2.285595146,237.7677181
square,vertex,m,128,35,2.285615158,233.0055968
square,vertex,m,128,36,2.285355028,234.2046797
square,vertex,m,128,37,2.285975436,230.4259898
square,vertex,m,128,38,2.285234987,238.6457156
square,vertex,m,128,39,2.285985446,232.6046708
square,vertex,m,128,40,2.285174972,229.0577628
square,vertex,m,128,41,2.285655183,234.305914
square,vertex,m,128,42,2.285405048,235.3673786
square,vertex,m,128,43,2.285485085,233.213183
square,vertex,m,128,44,2.285855331,233.0346729
square,vertex,m,128,45,2.284944942,234.2246594
square,vertex,m,128,46,2.285355028,234.3439045
square,vertex,m,128,47,2.285515101,234.5649514
square,vertex,m,128,48,2.285254993,232.3966379
square,vertex,m,128,49,2.284794948,235.8524737
square,vertex,m,128,50,2.285264996,231.3594479
square,vertex,m,128,51,2.285064952,233.6108969
square,vertex,m,128,52,2.285144966,232.8435456
square,vertex,m,128,53,2.284924942,235.1021588
square,vertex,m,128,54,2.285465076,232.9999625
square,vertex,m,128,55,2.285305009,236.6124891
square,vertex,m,128,56,2.28563517,232.4528218
square,vertex,m,128,57,2.28511496,232.098302
square,vertex,m,128,58,2.285545117,230.7739968
square,vertex,m,128,59,2.285154968,231.5289709
square,vertex,m,128,60,2.285004946,233.7136142
square,vertex,m,128,61,2.286476011,236.5821042
square,vertex,m,128,62,2.285705217,234.1800376
square,vertex,m,128,63,2.285535112,229.9078953
square,vertex,m,128,64,2.285445066,230.9616101
square,vertex,m,128,65,2.285905373,234.4435395
square,vertex,m,128,66,2.285305009,237.4565745
square,vertex,m,128,67,2.285415052,235.2084879
square,vertex,m,128,68,2.28558514,231.4809677
square,vertex,m,128,69,2.285154968,233.3187105
square,vertex,m,128,70,2.285264996,233.3275027
square,vertex,m,128,71,2.285285003,232.4908795
square,vertex,m,128,72,2.285965427,233.4349652
square,vertex,m,128,73,2.28511496,234.1713115
square,vertex,m,128,74,2.284864943,237.2214534
square,vertex,m,128,75,2.284964943,236.1780446
square,vertex,m,128,76,2.285405048,234.2180063
square,vertex,m,128,77,2.285234987,233.02717
square,vertex,m,128,78,2.285545117,232.9810258
square,vertex,m,128,79,2.285254993,233.571188
square,vertex,m,128,80,2.285775268,232.1590115
square,vertex,m,128,81,2.28511496,235.5389514
square,vertex,m,128,82,2.285134964,232.1259262
square,vertex,m,128,83,2.28511496,234.9172034
square,vertex,m,128,84,2.285425057,231.9474002
square,vertex,m,128,85,2.285525106,237.9238949
square,vertex,m,128,86,2.285054951,234.7489209
square,vertex,m,128,87,2.28524499,234.2617018
square,vertex,m,128,88,2.284884942,238.8614361
square,vertex,m,128,89,2.285365032,234.1588191
square,vertex,m,128,90,2.285375036,237.0214088
square,vertex,m,128,91,2.285685203,233.3529133
square,vertex,m,128,92,2.285615158,232.6656538
square,vertex,m,128,93,2.285445066,233.4415336
square,vertex,m,128,94,2.285595146,232.267304
square,vertex,m,128,95,2.285455071,232.0785171
square,vertex,m,128,96,2.285375036,230.6108396
square,vertex,m,128,97,2.284954943,233.9349123
square,vertex,m,128,98,2.28558514,236.1710049
square,vertex,m,128,99,2.285234987,236.8480396
square,vertex,m,128,100,2.285515101,234.7385449
square,vertex,m,128,101,2.28566519,234.0880756
square,vertex,m,128,102,2.285655183,233.9952917
square,vertex,m,128,103,2.286025484,232.0855359
square,vertex,m,128,104,2.285214982,234.4530781
square,vertex,m,128,105,2.285505096,236.2513887
square,vertex,m,128,106,2.284964943,236.0156502
square,vertex,m,128,107,2.28558514,232.6363795
square,vertex,m,128,108,2.285415052,234.0639358
square,vertex,m,128,109,2.285305009,233.2698728
square,vertex,m,128,110,2.285605152,232.5055442
square,vertex,m,128,111,2.286035494,232.1286289
square,vertex,m,128,112,2.285875348,237.9757923
square,vertex,m,128,113,2.285295006,232.729261
square,vertex,m,128,114,2.285405048,235.8197065
square,vertex,m,128,115,2.28511496,233.2259574
square,vertex,m,128,116,2.285485085,228.6019279
square,vertex,m,128,117,2.286005465,232.2112913
square,vertex,m,128,118,2.285194977,229.7381995
square,vertex,m,128,119,2.285375036,234.2966206
square,vertex,m,128,120,2.285435061,233.6236716
square,vertex,m,128,121,2.285645177,231.2679553
square,vertex,m,128,122,2.285184974,233.8417069
square,vertex,m,128,123,2.285054951,239.2273618
square,vertex,m,128,124,2.28549509,232.6563964
square,vertex,m,128,125,2.285054951,232.7867008
square,vertex,m,128,126,2.285264996,237.0640577
square,vertex,m,128,127,2.285515101,237.1562996
square,vertex,m,128,128,2.28516497,235.2080896
square,vertex,m,128,129,2.285345024,236.1607616
square,vertex,m,128,130,2.285615158,230.8760514
square,vertex,m,128,131,2.285465076,237.6691883
square,vertex,m,128,132,2.28511496,233.9697487
square,vertex,m,128,133,2.285465076,236.1617645
square,vertex,m,128,134,2.285054951,235.8227392
square,vertex,m,128,135,2.285395044,230.5692621
square,vertex,m,128,136,2.285875348,236.7940305
square,vertex,m,128,137,2.285565128,233.2581816
square,vertex,m,128,138,2.285675196,229.12281
square,vertex,m,128,139,2.285405048,238.0647909
square,vertex,m,128,140,2.285645177,232.9843683
square,vertex,m,128,141,2.285855331,233.6795364
square,vertex,m,128,142,2.285575134,237.5822531
square,vertex,m,128,143,2.285575134,232.7381272
square,vertex,m,128,144,2.285525106,231.747072
square,vertex,m,128,145,2.285715224,231.2791341
square,vertex,m,128,146,2.285024947,233.6011187
square,vertex,m,128,147,2.28569521,234.8433888
square,vertex,m,128,148,2.28533502,234.5156375
square,vertex,m,128,149,2.285515101,233.4004155
square,vertex,m,128,150,2.285234987,233.5541518
square,vertex,m,128,151,2.285214982,235.7253588
square,vertex,m,128,152,2.285355028,234.1941708
square,vertex,m,128,153,2.285415052,235.7927778
square,vertex,m,128,154,2.285515101,234.898824
square,vertex,m,128,155,2.285685203,234.4853107
square,vertex,m,128,156,2.28558514,230.8084485
square,vertex,m,128,157,2.28538504,232.402011
square,vertex,m,128,158,2.285655183,233.5206519
square,vertex,m,128,159,2.284974944,237.0613789
square,vertex,m,128,160,2.285214982,229.8236023
square,vertex,m,128,161,2.285555123,233.6784652
square,vertex,m,128,162,2.284744954,239.8256727
square,vertex,m,128,163,2.284984944,233.9006762
square,vertex,m,128,164,2.28516497,235.1228801
square,vertex,m,128,165,2.285565128,231.5348815
square,vertex,m,128,166,2.28563517,230.080069
square,vertex,m,128,167,2.285445066,233.1802185
square,vertex,m,128,168,2.285234987,231.7581431
square,vertex,m,128,169,2.284684965,236.7555181
square,vertex,m,128,170,2.285254993,231.198376
square,vertex,m,128,171,2.285355028,232.4931455
square,vertex,m,128,172,2.28516497,234.7168862
square,vertex,m,128,173,2.285685203,232.6178406
square,vertex,m,128,174,2.285505096,235.570403
square,vertex,m,128,175,2.285885356,234.6868289
square,vertex,m,128,176,2.285194977,237.6495693
square,vertex,m,128,177,2.285274999,235.6389082
square,vertex,m,128,178,2.285415052,232.9482598
square,vertex,m,128,179,2.285014947,234.2191481
square,vertex,m,128,180,2.28516497,229.5230328
square,vertex,m,128,181,2.285024947,236.313237
square,vertex,m,128,182,2.28511496,236.9338123
square,vertex,m,128,183,2.284754953,237.9977569
square,vertex,m,128,184,2.285805291,232.8591596
square,vertex,m,128,185,2.285465076,236.2866613
square,vertex,m,128,186,2.285194977,234.1359097
square,vertex,m,128,187,2.285024947,231.97395
square,vertex,m,128,188,2.285285003,237.0061461
square,vertex,m,128,189,2.286155618,233.4076269
square,vertex,m,128,190,2.285204979,234.4846028
square,vertex,m,128,191,2.285415052,234.500738
square,vertex,m,128,192,2.28569521,235.7425018
square,vertex,m,128,193,2.285595146,232.911993
square,vertex,m,128,194,2.285224985,233.5659037
square,vertex,m,128,195,2.285655183,233.6666968
square,vertex,m,128,196,2.285465076,231.0421017
square,vertex,m,128,197,2.28511496,236.7920385
square,vertex,m,128,198,2.285925391,232.544979
square,vertex,m,192,0,2.279861318,486.1687337
square,vertex,m,192,1,2.279751332,491.9742751
square,vertex,m,192,2,2.279771329,499.790202
square,vertex,m,192,3,2.280001316,492.3289465
square,vertex,m,192,4,2.280201342,488.4395696
square,vertex,m,192,5,2.280111326,492.0570747
square,vertex,m,192,6,2.279631359,496.4131422
square,vertex,m,192,7,2.279891316,493.2451938
square,vertex,m,192,8,2.279501403,490.7548385
square,vertex,m,192,9,2.280051319,494.9426781
square,vertex,m,192,10,2.280051319,492.4107171
square,vertex,m,192,11,2.279911315,481.5761371
square,vertex,m,192,12,2.279621362,490.9809724
square,vertex,m,192,13,2.279751332,495.6499449
square,vertex,m,192,14,2.280001316,484.3538924
square,vertex,m,192,15,2.27976133,493.6694584
square,vertex,m,192,16,2.279971315,488.9789892
square,vertex,m,192,17,2.279601368,491.7187126
square,vertex,m,192,18,2.279861318,490.6551851
square,vertex,m,192,19,2.279931315,491.7871011
square,vertex,m,192,20,2.279961315,492.5150083
square,vertex,m,192,21,2.279961315,490.9214462
square,vertex,m,192,22,2.279821322,489.2052383
square,vertex,m,192,23,2.279651354,483.0854951
square,vertex,m,192,24,2.279691344,495.0187704
square,vertex,m,192,25,2.280141331,487.872302
square,vertex,m,192,26,2.280101325,487.17364
square,vertex,m,192,27,2.279701342,495.5152261
square,vertex,m,192,28,2.279091638,491.0135658
square,vertex,m,192,29,2.279941315,495.1367404
square,vertex,m,192,30,2.279691344,494.4483809
square,vertex,m,192,31,2.280091323,490.6802661
square,vertex,m,192,32,2.279811323,485.0609846
square,vertex,m,192,33,2.280101325,474.787129
square,vertex,m,192,34,2.280341382,489.9140185
square,vertex,m,192,35,2.280041318,499.3088459
square,vertex,m,192,36,2.279831321,488.5721236
square,vertex,m,192,37,2.279621362,490.609691
square,vertex,m,192,38,2.279791326,495.4641441
square,vertex,m,192,39,2.279691344,482.7760157
square,vertex,m,192,40,2.279621362,496.7253667
square,vertex,m,192,41,2.280041318,486.5666746
square,vertex,m,192,42,2.279811323,484.9501732
square,vertex,m,192,43,2.279821322,477.0450805
square,vertex,m,192,44,2.279871317,488.8932155
square,vertex,m,192,45,2.280101325,493.2496971
square,vertex,m,192,46,2.279831321,492.253925
square,vertex,m,192,47,2.280051319,487.9910955
square,vertex,m,192,48,2.280171336,487.714482
square,vertex,m,192,49,2.279801325,488.6837295
square,vertex,m,192,50,2.279701342,488.5532611
square,vertex,m,192,51,2.280011316,495.6007749
square,vertex,m,192,52,2.279741334,493.3913735
square,vertex,m,192,53,2.279751332,484.3972698
square,vertex,m,192,54,2.279721338,486.0897775
square,vertex,m,192,55,2.279941315,497.8476773
square,vertex,m,192,56,2.279931315,501.7987952
square,vertex,m,192,57,2.279911315,490.5413091
square,vertex,m,192,58,2.279671349,493.2456235
square,vertex,m,192,59,2.279931315,493.8621815
square,vertex,m,192,60,2.279491407,486.4990794
square,vertex,m,192,61,2.279821322,502.5180864
square,vertex,m,192,62,2.279821322,496.6956862
square,vertex,m,192,63,2.279551385,487.5638993
square,vertex,m,192,64,2.279811323,490.3447131
square,vertex,m,192,65,2.280241352,483.3195745
square,vertex,m,192,66,2.279821322,485.9542686
square,vertex,m,192,67,2.280231349,480.9213427
square,vertex,m,192,68,2.279931315,489.1893145
square,vertex,m,192,69,2.279411442,487.2890684
square,vertex,m,192,70,2.279911315,497.8708714
square,vertex,m,192,71,2.279861318,488.0604347
square,vertex,m,192,72,2.279901316,487.5872544
square,vertex,m,192,73,2.279891316,488.2309263
square,vertex,m,192,74,2.279861318,492.407243
square,vertex,m,192,75,2.279251529,488.6669364
square,vertex,m,192,76,2.279641357,489.5841223
square,vertex,m,192,77,2.279741334,497.3388648
square,vertex,m,192,78,2.279851319,493.5424756
square,vertex,m,192,79,2.280071321,493.0059672
square,vertex,m,192,80,2.279721338,481.7977279
square,vertex,m,192,81,2.28044142,496.0658608
square,vertex,m,192,82,2.27971134,491.3552704
square,vertex,m,192,83,2.279931315,487.1008577
square,vertex,m,192,84,2.279861318,487.7820503
square,vertex,m,192,85,2.280051319,490.7528847
square,vertex,m,192,86,2.279801325,492.9747481
square,vertex,m,192,87,2.279971315,495.4880461
square,vertex,m,192,88,2.279561381,496.0305261
square,vertex,m,192,89,2.27984132,493.084456
square,vertex,m,192,90,2.280221347,490.4360927
square,vertex,m,192,91,2.279661351,496.5921015
square,vertex,m,192,92,2.27984132,485.3176896
square,vertex,m,192,93,2.279971315,487.8235755
square,vertex,m,192,94,2.27976133,496.1384142
square,vertex,m,192,95,2.280161334,496.9207525
square,vertex,m,192,96,2.279791326,484.0600262
square,vertex,m,192,97,2.279911315,492.8803141
square,vertex,m,192,98,2.279901316,488.5948524
square,vertex,m,192,99,2.28006132,487.0570398
square,vertex,m,192,100,2.280031318,487.3087805
square,vertex,m,192,101,2.279831321,493.1286169
square,vertex,m,192,102,2.280151332,493.6609786
square,vertex,m,192,103,2.279851319,487.7674854
square,vertex,m,192,104,2.279871317,489.1301828
square,vertex,m,192,105,2.27971134,483.7167187
square,vertex,m,192,106,2.279681347,488.706077
square,vertex,m,192,107,2.279611365,492.9109033
square,vertex,m,192,108,2.279451424,491.4540377
square,vertex,m,192,109,2.27971134,478.6133774
square,vertex,m,192,110,2.280041318,486.4686842
square,vertex,m,192,111,2.280051319,488.6204186
square,vertex,m,192,112,2.28006132,484.4772543
square,vertex,m,192,113,2.280051319,478.8942082
square,vertex,m,192,114,2.279481411,484.4269375
square,vertex,m,192,115,2.280571484,488.4164284
square,vertex,m,192,116,2.280031318,500.9283438
square,vertex,m,192,117,2.280111326,499.0433818
square,vertex,m,192,118,2.279391452,498.0648581
square,vertex,m,192,119,2.27976133,489.530923
square,vertex,m,192,120,2.279431433,492.0201454
square,vertex,m,192,121,2.280201342,489.8718558
square,vertex,m,192,122,2.280151332,495.0694672
square,vertex,m,192,123,2.279481411,482.9953522
square,vertex,m,192,124,2.279941315,485.0904033
square,vertex,m,192,125,2.279591371,485.3894282
square,vertex,m,192,126,2.280071321,488.5574507
square,vertex,m,192,127,2.279721338,495.5842103
square,vertex,m,192,128,2.279631359,488.5475411
square,vertex,m,192,129,2.279311494,491.4711131
square,vertex,m,192,130,2.279891316,491.01338
square,vertex,m,192,131,2.279801325,484.969837
square,vertex,m,192,132,2.280111326,491.4561996
square,vertex,m,192,133,2.279551385,488.2086297
square,vertex,m,192,134,2.279561381,497.8248217
square,vertex,m,192,135,2.280211345,489.2782191
square,vertex,m,192,136,2.279911315,496.0472737
square,vertex,m,192,137,2.279641357,483.7738413
square,vertex,m,192,138,2.280001316,490.7933167
square,vertex,m,192,139,2.279971315,487.9688256
square,vertex,m,192,140,2.279851319,491.7554428
square,vertex,m,192,141,2.279611365,485.8417715
square,vertex,m,192,142,2.280291366,493.3219793
square,vertex,m,192,143,2.279721338,496.2168889
square,vertex,m,192,144,2.279211554,492.7716771
square,vertex,m,192,145,2.280101325,485.9485466
square,vertex,m,192,146,2.279721338,489.8563111
square,vertex,m,192,147,2.279571378,484.3311877
square,vertex,m,192,148,2.280251354,485.5611984
square,vertex,m,192,149,2.280361389,486.550514
square,vertex,m,192,150,2.279551385,490.1955382
square,vertex,m,192,151,2.279871317,478.9027766
square,vertex,m,192,152,2.279871317,486.696688
square,vertex,m,192,153,2.279491407,498.4588871
square,vertex,m,192,154,2.280161334,491.3983959
square,vertex,m,192,155,2.279691344,489.10533
square,vertex,m,192,156,2.280001316,487.346902
square,vertex,m,192,157,2.279681347,498.5099591
square,vertex,m,192,158,2.279631359,488.8011694
square,vertex,m,192,159,2.280041318,492.2127455
square,vertex,m,192,160,2.280101325,490.9701335
square,vertex,m,192,161,2.280341382,491.2498606
square,vertex,m,192,162,2.279991315,491.9321423
square,vertex,m,192,163,2.279581375,490.0985836
square,vertex,m,192,164,2.280001316,501.0767358
square,vertex,m,192,165,2.280031318,494.6439994
square,vertex,m,192,166,2.280101325,493.6364615
square,vertex,m,192,167,2.280201342,478.1911281
square,vertex,m,192,168,2.280151332,491.0217266
square,vertex,m,192,169,2.279941315,491.1704857
square,vertex,m,192,170,2.279681347,503.5098377
square,vertex,m,192,171,2.279621362,482.2094394
square,vertex,m,192,172,2.279961315,499.8055044
square,vertex,m,192,173,2.279621362,498.4738268
square,vertex,m,192,174,2.279651354,494.6732969
square,vertex,m,192,175,2.280011316,492.8534271
square,vertex,m,192,176,2.280131329,497.3853083
square,vertex,m,192,177,2.279901316,492.7236605
square,vertex,m,192,178,2.279901316,492.9222726
square,vertex,m,192,179,2.280011316,493.1371077
square,vertex,m,192,180,2.280081322,489.739066
square,vertex,m,192,181,2.279311494,488.9396921
square,vertex,m,192,182,2.27971134,493.9440364
square,vertex,m,192,183,2.279731336,491.4162306
square,vertex,m,192,184,2.27976133,494.5358912
square,vertex,m,192,185,2.279811323,493.8248594
square,vertex,m,192,186,2.279611365,494.6382534
square,vertex,m,192,187,2.280001316,487.1707447
square,vertex,m,192,188,2.279661351,490.4450148
square,vertex,m,192,189,2.27984132,499.6650951
square,vertex,m,192,190,2.279861318,493.1301984
square,vertex,m,192,191,2.279771329,484.9870835
square,vertex,m,192,192,2.279601368,486.2034856
square,vertex,m,192,193,2.280031318,494.2609486
square,vertex,m,192,194,2.280121327,497.7044886
square,vertex,m,192,195,2.280161334,496.2329622
square,vertex,m,192,196,2.280241352,482.2094482
square,vertex,m,192,197,2.279611365,485.6603143
square,vertex,m,192,198,2.280031318,482.2266538
square,vertex,m,192,199,2.279851319,491.7780921
square,vertex,m,256,0,2.277641407,765.1401229
square,vertex,m,256,1,2.2773414,784.8589614
square,vertex,m,256,2,2.277301405,783.5511062
square,vertex,m,256,3,2.277381397,780.8031085
square,vertex,m,256,4,2.277811446,763.2120802
square,vertex,m,256,5,2.277371397,788.3426065
square,vertex,m,256,6,2.27771142,784.2365391
square,vertex,m,256,7,2.277611403,772.9444956
square,vertex,m,256,8,2.277471394,770.0430669
square,vertex,m,256,9,2.277111449,788.0630453
square,vertex,m,256,10,2.277741427,781.1461367
square,vertex,m,256,11,2.277771435,782.6254226
square,vertex,m,256,12,2.27779144,793.3073912
square,vertex,m,256,13,2.278011524,778.7000365
square,vertex,m,256,14,2.277641407,769.9323913
square,vertex,m,256,15,2.277801443,772.8021906
square,vertex,m,256,16,2.278021529,792.7006462
square,vertex,m,256,17,2.277161434,790.7371142
square,vertex,m,256,18,2.27779144,772.5616912
square,vertex,m,256,19,2.277651409,778.6688911
square,vertex,m,256,20,2.277121446,786.7547557
square,vertex,m,256,21,2.2775914,783.5241593
square,vertex,m,256,22,2.27714144,794.0967194
square,vertex,m,256,23,2.277471394,775.7997381
square,vertex,m,256,24,2.277641407,783.3628066
square,vertex,m,256,25,2.277961501,795.71095
square,vertex,m,256,26,2.277701418,771.8009938
square,vertex,m,256,27,2.277521395,793.7810319
square,vertex,m,256,28,2.277601402,793.744983
square,vertex,m,256,29,2.277681414,783.4009708
square,vertex,m,256,30,2.278021529,761.8572818
square,vertex,m,256,31,2.277611403,769.3780856
square,vertex,m,256,32,2.277351399,793.2071176
square,vertex,m,256,33,2.277551397,767.398238
square,vertex,m,256,34,2.277611403,780.8115623
square,vertex,m,256,35,2.277761432,782.6023402
square,vertex,m,256,36,2.277811446,776.9616542
square,vertex,m,256,37,2.277561398,788.0719205
square,vertex,m,256,38,2.277671412,784.1615308
square,vertex,m,256,39,2.277311404,769.896329
square,vertex,m,256,40,2.277641407,776.4652998
square,vertex,m,256,41,2.277481394,779.1360499
square,vertex,m,256,42,2.277491394,785.5537965
square,vertex,m,256,43,2.277211422,777.2221981
square,vertex,m,256,44,2.277421394,791.7142373
square,vertex,m,256,45,2.277161434,789.9903213
square,vertex,m,256,46,2.277251414,781.3725534
square,vertex,m,256,47,2.277551397,782.8057959
square,vertex,m,256,48,2.277811446,779.6576324
square,vertex,m,256,49,2.277571398,778.5311804
square,vertex,m,256,50,2.278031534,771.8883294
square,vertex,m,256,51,2.278061549,766.7599841
square,vertex,m,256,52,2.278021529,774.8374484
square,vertex,m,256,53,2.277191427,780.6058072
square,vertex,m,256,54,2.277631406,784.2074074
square,vertex,m,256,55,2.277511394,768.1901634
square,vertex,m,256,56,2.277971506,790.4846704
square,vertex,m,256,57,2.277651409,788.3666209
square,vertex,m,256,58,2.277621404,775.1242686
square,vertex,m,256,59,2.277051469,791.3588619
square,vertex,m,256,60,2.277761432,787.1929548
square,vertex,m,256,61,2.277621404,790.5079061
square,vertex,m,256,62,2.277581399,773.8321716
square,vertex,m,256,63,2.277581399,801.3745716
square,vertex,m,256,64,2.277311404,780.0658276
square,vertex,m,256,65,2.277131443,794.4389901
square,vertex,m,256,66,2.277641407,799.306812
square,vertex,m,256,67,2.277671412,765.1019163
square,vertex,m,256,68,2.277481394,777.6247027
square,vertex,m,256,69,2.277751429,762.0938101
square,vertex,m,256,70,2.277241416,784.6965348
square,vertex,m,256,71,2.277501394,787.125956
square,vertex,m,256,72,2.277911481,770.8516225
square,vertex,m,256,73,2.277401395,785.979998
square,vertex,m,256,74,2.277361398,779.0757223
square,vertex,m,256,75,2.2773414,786.0216861
square,vertex,m,256,76,2.276861554,796.5179577
square,vertex,m,256,77,2.277571398,779.137053
square,vertex,m,256,78,2.277611403,776.2843695
square,vertex,m,256,79,2.277361398,769.4023788
square,vertex,m,256,80,2.277311404,798.5767506
square,vertex,m,256,81,2.277471394,788.6397435
square,vertex,m,256,82,2.277571398,770.8838224
square,vertex,m,256,83,2.277511394,778.553035
square,vertex,m,256,84,2.277541396,787.3912168
square,vertex,m,256,85,2.27779144,769.3705948
square,vertex,m,256,86,2.278011524,771.5596109
square,vertex,m,256,87,2.27766141,788.3065455
square,vertex,m,256,88,2.2775914,768.1176062
square,vertex,m,256,89,2.27779144,807.1460853
square,vertex,m,256,90,2.277681414,786.3412425
square,vertex,m,256,91,2.278031534,788.8330469
square,vertex,m,256,92,2.277641407,780.7084678
square,vertex,m,256,93,2.277321403,782.4958878
square,vertex,m,256,94,2.277481394,777.2653013
square,vertex,m,256,95,2.27771142,763.4593771
square,vertex,m,256,96,2.277491394,774.2974567
square,vertex,m,256,97,2.277731425,780.6624005
square,vertex,m,256,98,2.277861462,777.1019606
square,vertex,m,256,99,2.277761432,770.9461471
square,vertex,m,256,100,2.277881469,778.5520525
square,vertex,m,256,101,2.277491394,780.3379695
square,vertex,m,256,102,2.277371397,768.2172373
square,vertex,m,256,103,2.277231418,782.0944538
square,vertex,m,256,104,2.277321403,776.8958038
square,vertex,m,256,105,2.277741427,782.5205007
square,vertex,m,256,106,2.277501394,784.2474256
square,vertex,m,256,107,2.277511394,775.8362745
square,vertex,m,256,108,2.277671412,776.2753247
square,vertex,m,256,109,2.278161606,768.0602589
square,vertex,m,256,110,2.277821449,789.1299785
square,vertex,m,256,111,2.276961505,779.668658
square,vertex,m,256,112,2.277261412,776.9121058
square,vertex,m,256,113,2.277281408,778.1080062
square,vertex,m,256,114,2.277991515,779.0823255
square,vertex,m,256,115,2.277351399,778.8872871
square,vertex,m,256,116,2.277551397,788.4067395
square,vertex,m,256,117,2.277051469,790.4035506
square,vertex,m,256,118,2.277371397,785.1865652
square,vertex,m,256,119,2.277971506,770.6483529
square,vertex,m,256,120,2.27722142,783.8910693
square,vertex,m,256,121,2.277701418,785.7022197
square,vertex,m,256,122,2.277551397,774.3963233
square,vertex,m,256,123,2.277421394,783.9832236
square,vertex,m,256,124,2.277861462,781.3232853
square,vertex,m,256,125,2.277721422,772.9356277
square,vertex,m,256,126,2.277681414,774.4494345
square,vertex,m,256,127,2.277811446,777.2012438
square,vertex,m,256,128,2.277561398,779.3956205
square,vertex,m,256,129,2.277921485,769.4005397
square,vertex,m,256,130,2.277811446,779.7866202
square,vertex,m,256,131,2.27808156,782.9246566
square,vertex,m,256,132,2.277941493,788.7619469
square,vertex,m,256,133,2.277571398,773.1457466
square,vertex,m,256,134,2.277961501,780.6779637
square,vertex,m,256,135,2.277401395,786.8737351
square,vertex,m,256,136,2.276911528,781.9268786
square,vertex,m,256,137,2.277351399,774.8063952
square,vertex,m,256,138,2.277361398,787.3716137
square,vertex,m,256,139,2.277571398,777.4266614
square,vertex,m,256,140,2.277611403,780.4914256
square,vertex,m,256,141,2.277571398,791.3129154
square,vertex,m,256,142,2.277631406,792.9964683
square,vertex,m,256,143,2.277281408,775.3163455
square,vertex,m,256,144,2.277501394,774.1538542
square,vertex,m,256,145,2.277671412,773.2593427
square,vertex,m,256,146,2.277291407,780.7793406
square,vertex,m,256,147,2.277501394,779.3517078
square,vertex,m,256,148,2.277321403,784.1699743
square,vertex,m,256,149,2.277811446,782.2307909
square,vertex,m,256,150,2.277041473,774.785286
square,vertex,m,256,151,2.277361398,761.9294946
square,vertex,m,256,152,2.277371397,787.7180298
square,vertex,m,256,153,2.277461394,793.3915599
square,vertex,m,256,154,2.277651409,785.3088651
square,vertex,m,256,155,2.277421394,785.9119984
square,vertex,m,256,156,2.277261412,789.3140065
square,vertex,m,256,157,2.277761432,788.189845
square,vertex,m,256,158,2.277161434,779.0246412
square,vertex,m,256,159,2.277861462,782.4408085
square,vertex,m,256,160,2.277181429,789.5328906
square,vertex,m,256,161,2.277751429,777.2506457
square,vertex,m,256,162,2.277961501,778.1461571
square,vertex,m,256,163,2.277741427,772.8378472
square,vertex,m,256,164,2.277991515,780.0482439
square,vertex,m,256,165,2.277511394,762.975069
square,vertex,m,256,166,2.277831452,790.0687878
square,vertex,m,256,167,2.277671412,772.4063602
square,vertex,m,256,168,2.277461394,777.5455174
square,vertex,m,256,169,2.277391396,795.2410724
square,vertex,m,256,170,2.277691416,784.2046708
square,vertex,m,256,171,2.277601402,784.0695657
square,vertex,m,256,172,2.27722142,778.7052517
square,vertex,m,256,173,2.277511394,780.4041467
square,vertex,m,256,174,2.277691416,795.351182
square,vertex,m,256,175,2.277831452,765.0188224
square,vertex,m,256,176,2.277111449,775.5650584
square,vertex,m,256,177,2.277361398,780.3712004
square,vertex,m,256,178,2.277521395,796.2621343
square,vertex,m,256,179,2.277761432,766.3344626
square,vertex,m,256,180,2.277331401,791.4901082
square,vertex,m,256,181,2.277481394,788.3310765
square,vertex,m,256,182,2.278101571,775.3723063
square,vertex,m,256,183,2.277741427,776.1161434
square,vertex,m,256,184,2.277911481,773.2628488
square,vertex,m,256,185,2.278011524,773.5819588
square,vertex,m,256,186,2.277601402,774.0834096
square,vertex,m,256,187,2.277351399,782.8203099
square,vertex,m,256,188,2.277781437,768.3354099
square,vertex,m,256,189,2.277721422,775.69013
square,vertex,m,256,190,2.277201424,778.3420603
square,vertex,m,256,191,2.277671412,782.1638954
square,vertex,m,256,192,2.277871466,774.9748712
square,vertex,m,256,193,2.278011524,766.8908636
square,vertex,m,256,194,2.278161606,778.4182919
square,vertex,m,256,195,2.27808156,780.5258439
square,vertex,m,256,196,2.278201631,770.8364102
square,vertex,m,256,197,2.277501394,784.8350599
square,vertex,m,256,198,2.277751429,796.5634265
square,vertex,m,256,199,2.277381397,797.0749385
square,vertex,m,384,0,2.274446935,1608.706316
square,vertex,m,384,1,2.274577167,1603.768813
square,vertex,m,384,2,2.27450704,1589.262543
square,vertex,m,384,3,2.274316718,1631.857879
square,vertex,m,384,4,2.274657317,1640.896984
square,vertex,m,384,5,2.2743668,1569.145651
square,vertex,m,384,6,2.274497023,1639.717565
square,vertex,m,384,7,2.27455713,1588.361398
square,vertex,m,384,8,2.274346767,1656.638771
square,vertex,m,384,9,2.274727453,1602.221221
square,vertex,m,384,10,2.274336751,1587.042884
square,vertex,m,384,11,2.274076357,1642.057019
square,vertex,m,384,12,2.27450704,1609.744302
square,vertex,m,384,13,2.274266639,1628.036994
square,vertex,m,384,14,2.274266639,1652.833497
square,vertex,m,384,15,2.274757512,1606.090473
square,vertex,m,384,16,2.274677355,1588.703484
square,vertex,m,384,17,2.274166487,1582.49642
square,vertex,m,384,18,2.274446935,1610.312103
square,vertex,m,384,19,2.274356784,1652.82724
square,vertex,m,384,20,2.274657317,1644.413403
square,vertex,m,384,21,2.274637279,1595.837144
square,vertex,m,384,22,2.274597204,1594.756371
square,vertex,m,384,23,2.27455713,1618.144883
square,vertex,m,384,24,2.274487005,1634.524905
square,vertex,m,384,25,2.27439685,1644.329631
square,vertex,m,384,26,2.274416884,1623.422591
square,vertex,m,384,27,2.274647298,1576.990386
square,vertex,m,384,28,2.274487005,1630.27207
square,vertex,m,384,29,2.274426901,1630.376681
square,vertex,m,384,30,2.274266639,1564.581475
square,vertex,m,384,31,2.274266639,1663.382374
square,vertex,m,384,32,2.27439685,1562.425974
square,vertex,m,384,33,2.274416884,1592.986091
square,vertex,m,384,34,2.274456953,1638.94046
square,vertex,m,384,35,2.274296686,1611.005582
square,vertex,m,384,36,2.274587185,1613.75479
square,vertex,m,384,37,2.274286671,1620.023001
square,vertex,m,384,38,2.274246608,1616.107231
square,vertex,m,384,39,2.274116414,1659.270284
square,vertex,m,384,40,2.274116414,1615.801869
square,vertex,m,384,41,2.274707414,1589.265638
square,vertex,m,384,42,2.274527076,1579.83135
square,vertex,m,384,43,2.274236592,1631.726998
square,vertex,m,384,44,2.274196532,1618.897126
square,vertex,m,384,45,2.274416884,1630.150491
square,vertex,m,384,46,2.274326735,1579.483926
square,vertex,m,384,47,2.274587185,1598.349899
square,vertex,m,384,48,2.274436918,1621.406155
square,vertex,m,384,49,2.274517058,1587.660977
square,vertex,m,384,50,2.274296686,1609.962021
square,vertex,m,384,51,2.27439685,1644.702468
square,vertex,m,384,52,2.274286671,1626.203202
square,vertex,m,384,53,2.274697394,1626.147069
square,vertex,m,384,54,2.274737473,1579.799457
square,vertex,m,384,55,2.274747493,1605.827726
square,vertex,m,384,56,2.274667336,1580.313517
square,vertex,m,384,57,2.274416884,1607.780253
square,vertex,m,384,58,2.274517058,1609.246233
square,vertex,m,384,59,2.274286671,1572.71139
square,vertex,m,384,60,2.274446935,1603.939154
square,vertex,m,384,61,2.274497023,1613.168289
square,vertex,m,384,62,2.274527076,1573.051149
square,vertex,m,384,63,2.27446697,1606.846619
square,vertex,m,384,64,2.274527076,1637.252084
square,vertex,m,384,65,2.274517058,1624.491113
square,vertex,m,384,66,2.274246608,1592.300271
square,vertex,m,384,67,2.274677355,1609.860134
square,vertex,m,384,68,2.27405633,1542.830048
square,vertex,m,384,69,2.274587185,1567.950104
square,vertex,m,384,70,2.274456953,1608.356098
square,vertex,m,384,71,2.274296686,1622.831077
square,vertex,m,384,72,2.274316718,1635.402795
square,vertex,m,384,73,2.273956196,1609.314302
square,vertex,m,384,74,2.27495793,1602.318019
square,vertex,m,384,75,2.274717433,1623.859312
square,vertex,m,384,76,2.274436918,1590.605034
square,vertex,m,384,77,2.274216562,1636.918228
square,vertex,m,384,78,2.274597204,1600.660603
square,vertex,m,384,79,2.27439685,1594.84841
square,vertex,m,384,80,2.274176502,1602.323457
square,vertex,m,384,81,2.274587185,1624.511664
square,vertex,m,384,82,2.274637279,1619.916974
square,vertex,m,384,83,2.274617241,1623.05434
square,vertex,m,384,84,2.2743668,1546.900859
square,vertex,m,384,85,2.274717433,1594.819088
square,vertex,m,384,86,2.274577167,1679.997713
square,vertex,m,384,87,2.274146457,1679.961603
square,vertex,m,384,88,2.2743668,1642.401076
square,vertex,m,384,89,2.274667336,1636.025025
square,vertex,m,384,90,2.274306702,1628.444532
square,vertex,m,384,91,2.274276655,1625.18581
square,vertex,m,384,92,2.27462726,1617.842622
square,vertex,m,384,93,2.274346767,1597.655877
square,vertex,m,384,94,2.274487005,1587.051316
square,vertex,m,384,95,2.274777553,1590.292345
square,vertex,m,384,96,2.274667336,1613.850524
square,vertex,m,384,97,2.274436918,1555.878106
square,vertex,m,384,98,2.274286671,1598.326398
square,vertex,m,384,99,2.274537094,1616.055181
square,vertex,m,384,100,2.275038107,1578.624876
square,vertex,m,384,101,2.274436918,1623.131942
square,vertex,m,384,102,2.275038107,1568.056404
square,vertex,m,384,103,2.274186517,1697.233566
square,vertex,m,384,104,2.274497023,1610.092855
square,vertex,m,384,105,2.274567149,1635.533083
square,vertex,m,384,106,2.274316718,1683.707399
square,vertex,m,384,107,2.274787573,1600.311412
square,vertex,m,384,108,2.274266639,1648.484985
square,vertex,m,384,109,2.274647298,1594.57406
square,vertex,m,384,110,2.274236592,1642.310377
square,vertex,m,384,111,2.274436918,1606.364868
square,vertex,m,384,112,2.274476987,1619.768713
square,vertex,m,384,113,2.274587185,1593.863342
square,vertex,m,384,114,2.274406867,1640.955977
square,vertex,m,384,115,2.274717433,1653.511751
square,vertex,m,384,116,2.274517058,1625.077534
square,vertex,m,384,117,2.274326735,1603.400861
square,vertex,m,384,118,2.274657317,1628.673947
square,vertex,m,384,119,2.274456953,1587.545044
square,vertex,m,384,120,2.274036302,1622.222708
square,vertex,m,384,121,2.274697394,1601.384398
square,vertex,m,384,122,2.274597204,1648.664378
square,vertex,m,384,123,2.274226577,1638.991779
square,vertex,m,384,124,2.274587185,1647.762527
square,vertex,m,384,125,2.27446697,1573.555978
square,vertex,m,384,126,2.274597204,1633.355364
square,vertex,m,384,127,2.274276655,1650.358847
square,vertex,m,384,128,2.274456953,1664.440146
square,vertex,m,384,129,2.274206547,1577.209464
square,vertex,m,384,130,2.274296686,1571.635402
square,vertex,m,384,131,2.274446935,1640.57095
square,vertex,m,384,132,2.274537094,1597.044771
square,vertex,m,384,133,2.274637279,1588.129391
square,vertex,m,384,134,2.27450704,1628.393466
square,vertex,m,384,135,2.274086371,1628.837753
square,vertex,m,384,136,2.274386833,1599.041071
square,vertex,m,384,137,2.274577167,1630.85768
square,vertex,m,384,138,2.274527076,1610.184527
square,vertex,m,384,139,2.274537094,1594.089519
square,vertex,m,384,140,2.274256623,1639.305808
square,vertex,m,384,141,2.274476987,1627.923881
square,vertex,m,384,142,2.274296686,1651.041648
square,vertex,m,384,143,2.2743668,1623.896381
square,vertex,m,384,144,2.2743668,1554.912611
square,vertex,m,384,145,2.274487005,1610.117888
square,vertex,m,384,146,2.274386833,1630.585362
square,vertex,m,384,147,2.274406867,1626.726805
square,vertex,m,384,148,2.274587185,1598.792329
square,vertex,m,384,149,2.274416884,1586.894432
square,vertex,m,384,150,2.274647298,1583.490812
square,vertex,m,384,151,2.274687375,1643.977632
square,vertex,m,384,152,2.274276655,1617.418885
square,vertex,m,384,153,2.274356784,1605.769934
square,vertex,m,384,154,2.274517058,1602.620657
square,vertex,m,384,155,2.274577167,1612.341277
square,vertex,m,384,156,2.274306702,1623.601046
square,vertex,m,384,157,2.27446697,1630.976657
square,vertex,m,384,158,2.27450704,1612.530774
square,vertex,m,384,159,2.274537094,1611.750964
square,vertex,m,384,160,2.274567149,1604.659573
square,vertex,m,384,161,2.274497023,1599.71937
square,vertex,m,384,162,2.274617241,1585.079422
square,vertex,m,384,163,2.27446697,1611.165827
square,vertex,m,384,164,2.274336751,1684.580523
square,vertex,m,384,165,2.274316718,1648.828037
square,vertex,m,384,166,2.274677355,1589.887949
square,vertex,m,384,167,2.27462726,1617.31238
square,vertex,m,384,168,2.274246608,1666.501869
square,vertex,m,384,169,2.274737473,1644.173545
square,vertex,m,384,170,2.274136443,1580.327611
square,vertex,m,384,171,2.274697394,1613.196938
square,vertex,m,384,172,2.274226577,1650.096888
square,vertex,m,384,173,2.274517058,1600.402587
square,vertex,m,384,174,2.274436918,1591.985297
square,vertex,m,384,175,2.274797593,1611.54214
square,vertex,m,384,176,2.274547112,1592.963083
square,vertex,m,384,177,2.274456953,1580.075721
square,vertex,m,384,178,2.274306702,1608.457248
square,vertex,m,384,179,2.274376817,1637.20557
square,vertex,m,384,180,2.274236592,1605.92111
square,vertex,m,384,181,2.274406867,1649.977894
square,vertex,m,384,182,2.274537094,1662.164794
square,vertex,m,384,183,2.274476987,1604.003821
square,vertex,m,384,184,2.274487005,1645.057569
square,vertex,m,384,185,2.274647298,1590.284003
square,vertex,m,384,186,2.2743668,1630.03105
square,vertex,m,384,187,2.274176502,1571.948306
square,vertex,m,384,188,2.274196532,1583.678891
square,vertex,m,384,189,2.274717433,1617.94405
square,vertex,m,384,190,2.274497023,1600.150833
square,vertex,m,384,191,2.274426901,1624.68291
square,vertex,m,384,192,2.274737473,1619.234192
square,vertex,m,384,193,2.274767533,1571.22176
square,vertex,m,384,194,2.274416884,1602.925896
square,vertex,m,384,195,2.274356784,1614.166667
square,vertex,m,384,196,2.274717433,1569.662461
square,vertex,m,384,197,2.274286671,1606.842468
square,vertex,m,384,198,2.274667336,1574.064238
square,vertex,m,384,199,2.274446935,1576.955865
square,vertex,m,512,0,2.273155444,2618.046618
square,vertex,m,512,1,2.272555249,2704.012961
square,vertex,m,512,2,2.272795289,2784.922919
square,vertex,m,512,3,2.272905324,2709.165597
square,vertex,m,512,4,2.273115421,2682.115526
square,vertex,m,512,5,2.273115421,2720.927031
square,vertex,m,512,6,2.272965348,2658.540707
square,vertex,m,512,7,2.273225487,2748.021904
square,vertex,m,512,8,2.273255507,2758.00311
square,vertex,m,512,9,2.273025375,2703.408242
square,vertex,m,512,10,2.272895321,2703.25118
square,vertex,m,512,11,2.273085405,2641.246558
square,vertex,m,512,12,2.273145438,2624.350477
square,vertex,m,512,13,2.273125426,2777.955195
square,vertex,m,512,14,2.27294534,2749.575754
square,vertex,m,512,15,2.273145438,2714.465624
square,vertex,m,512,16,2.273365587,2666.632785
square,vertex,m,512,17,2.272985356,2723.904899
square,vertex,m,512,18,2.273045384,2717.707213
square,vertex,m,512,19,2.272815295,2725.412774
square,vertex,m,512,20,2.27286531,2754.048281
square,vertex,m,512,21,2.27301537,2765.58308
square,vertex,m,512,22,2.273185462,2646.242729
square,vertex,m,512,23,2.273225487,2653.425019
square,vertex,m,512,24,2.273045384,2638.546704
square,vertex,m,512,25,2.273295535,2767.677113
square,vertex,m,512,26,2.272955344,2682.214619
square,vertex,m,512,27,2.27316545,2618.90268
square,vertex,m,512,28,2.272985356,2692.16588
square,vertex,m,512,29,2.273025375,2695.276278
square,vertex,m,512,30,2.273125426,2595.981156
square,vertex,m,512,31,2.273275521,2564.467213
square,vertex,m,512,32,2.273075399,2707.327409
square,vertex,m,512,33,2.272965348,2606.697116
square,vertex,m,512,34,2.272805292,2710.499172
square,vertex,m,512,35,2.273005365,2689.331017
square,vertex,m,512,36,2.273635827,2619.789338
square,vertex,m,512,37,2.273155444,2647.223355
square,vertex,m,512,38,2.273135432,2710.70903
square,vertex,m,512,39,2.272885317,2593.787951
square,vertex,m,512,40,2.273025375,2757.775109
square,vertex,m,512,41,2.273045384,2711.690482
square,vertex,m,512,42,2.272955344,2622.133178
square,vertex,m,512,43,2.273235493,2670.566104
square,vertex,m,512,44,2.272975352,2592.382238
square,vertex,m,512,45,2.272955344,2734.00672
square,vertex,m,512,46,2.272885317,2752.115272
square,vertex,m,512,47,2.272895321,2655.643779
square,vertex,m,512,48,2.273145438,2713.457827
square,vertex,m,512,49,2.272855307,2737.913786
square,vertex,m,512,50,2.273035379,2650.660211
square,vertex,m,512,51,2.272845304,2727.536094
square,vertex,m,512,52,2.273405618,2685.90663
square,vertex,m,512,53,2.272855307,2701.250755
square,vertex,m,512,54,2.272625256,2720.702289
square,vertex,m,512,55,2.272905324,2723.370563
square,vertex,m,512,56,2.272705268,2704.716939
square,vertex,m,512,57,2.272705268,2657.217411
square,vertex,m,512,58,2.27309541,2592.580072
square,vertex,m,512,59,2.273085405,2629.460877
square,vertex,m,512,60,2.273125426,2648.89325
square,vertex,m,512,61,2.272975352,2684.436282
square,vertex,m,512,62,2.272895321,2756.869529
square,vertex,m,512,63,2.273115421,2713.329269
square,vertex,m,512,64,2.273035379,2647.11591
square,vertex,m,512,65,2.273005365,2618.234032
square,vertex,m,512,66,2.272855307,2726.483595
square,vertex,m,512,67,2.273135432,2714.618765
square,vertex,m,512,68,2.272995361,2701.84354
square,vertex,m,512,69,2.272885317,2694.310046
square,vertex,m,512,70,2.273105415,2697.749877
square,vertex,m,512,71,2.272885317,2692.768788
square,vertex,m,512,72,2.273025375,2687.574627
square,vertex,m,512,73,2.27309541,2656.665694
square,vertex,m,512,74,2.27316545,2664.912312
square,vertex,m,512,75,2.272735274,2781.137691
square,vertex,m,512,76,2.273175456,2641.901325
square,vertex,m,512,77,2.272745277,2723.948481
square,vertex,m,512,78,2.272675263,2725.151343
square,vertex,m,512,79,2.273055389,2638.377454
square,vertex,m,512,80,2.272915328,2719.08779
square,vertex,m,512,81,2.272985356,2682.535378
square,vertex,m,512,82,2.272955344,2622.172047
square,vertex,m,512,83,2.272895321,2701.130017
square,vertex,m,512,84,2.273045384,2802.692384
square,vertex,m,512,85,2.273125426,2649.757147
square,vertex,m,512,86,2.273005365,2553.678474
square,vertex,m,512,87,2.272905324,2718.093646
square,vertex,m,512,88,2.273045384,2684.078634
square,vertex,m,512,89,2.273115421,2778.541899
square,vertex,m,512,90,2.272975352,2632.237552
square,vertex,m,512,91,2.273265514,2651.241968
square,vertex,m,512,92,2.272955344,2655.572901
square,vertex,m,512,93,2.272995361,2646.746265
square,vertex,m,512,94,2.273215481,2700.502729
square,vertex,m,512,95,2.27316545,2593.032313
square,vertex,m,512,96,2.27294534,2597.534413
square,vertex,m,512,97,2.273055389,2716.901916
square,vertex,m,512,98,2.273115421,2694.170747
square,vertex,m,512,99,2.273255507,2656.245518
square,vertex,m,512,100,2.27301537,2760.343549
square,vertex,m,512,101,2.272955344,2649.945194
square,vertex,m,512,102,2.272985356,2697.470649
square,vertex,m,512,103,2.272935336,2780.710578
square,vertex,m,512,104,2.272905324,2685.348197
square,vertex,m,512,105,2.272875314,2659.873709
square,vertex,m,512,106,2.273255507,2647.645461
square,vertex,m,512,107,2.272995361,2687.091562
square,vertex,m,512,108,2.273105415,2780.958409
square,vertex,m,512,109,2.272935336,2639.24522
square,vertex,m,512,110,2.273045384,2661.215291
square,vertex,m,512,111,2.273085405,2753.772131
square,vertex,m,512,112,2.272895321,2656.71321
square,vertex,m,512,113,2.273225487,2674.963225
square,vertex,m,512,114,2.273105415,2658.71557
square,vertex,m,512,115,2.273035379,2704.851323
square,vertex,m,512,116,2.273325556,2618.391675
square,vertex,m,512,117,2.273085405,2684.170848
square,vertex,m,512,118,2.272615255,2775.948558
square,vertex,m,512,119,2.272885317,2710.972932
square,vertex,m,512,120,2.272815295,2688.256361
square,vertex,m,512,121,2.273025375,2754.871776
square,vertex,m,512,122,2.273005365,2649.679351
square,vertex,m,512,123,2.272985356,2699.073238
square,vertex,m,512,124,2.273045384,2695.565782
square,vertex,m,512,125,2.272975352,2726.262355
square,vertex,m,512,126,2.273105415,2661.719494
square,vertex,m,512,127,2.273085405,2612.251138
square,vertex,m,512,128,2.273335564,2657.308571
square,vertex,m,512,129,2.27316545,2648.848266
square,vertex,m,512,130,2.273115421,2635.956722
square,vertex,m,512,131,2.272875314,2665.825287
square,vertex,m,512,132,2.273055389,2746.978845
square,vertex,m,512,133,2.272775284,2690.488362
square,vertex,m,512,134,2.272845304,2713.800971
square,vertex,m,512,135,2.273215481,2632.885631
square,vertex,m,512,136,2.273115421,2644.060828
square,vertex,m,512,137,2.273055389,2670.302977
square,vertex,m,512,138,2.272745277,2732.044808
square,vertex,m,512,139,2.273045384,2670.173606
square,vertex,m,512,140,2.27294534,2761.471734
square,vertex,m,512,141,2.272975352,2715.746977
square,vertex,m,512,142,2.27309541,2764.596644
square,vertex,m,512,143,2.273225487,2753.918471
square,vertex,m,512,144,2.272965348,2697.245069
square,vertex,m,512,145,2.273235493,2644.441755
square,vertex,m,512,146,2.273005365,2725.647621
square,vertex,m,512,147,2.272915328,2775.151209
square,vertex,m,512,148,2.272765281,2695.926737
square,vertex,m,512,149,2.273105415,2620.909346
square,vertex,m,512,150,2.273185462,2692.044634
square,vertex,m,512,151,2.27301537,2759.279769
square,vertex,m,512,152,2.273135432,2612.411222
square,vertex,m,512,153,2.272895321,2673.092845
square,vertex,m,512,154,2.272595253,2733.605366
square,vertex,m,512,155,2.272755279,2645.497312
square,vertex,m,512,156,2.27316545,2744.532228
square,vertex,m,512,157,2.272975352,2643.536968
square,vertex,m,512,158,2.273295535,2764.228313
square,vertex,m,512,159,2.272905324,2628.868902
square,vertex,m,512,160,2.272835301,2740.035165
square,vertex,m,512,161,2.272855307,2682.227521
square,vertex,m,512,162,2.272995361,2737.146501
square,vertex,m,512,163,2.272725272,2727.43491
square,vertex,m,512,164,2.272855307,2719.78031
square,vertex,m,512,165,2.273195468,2635.509195
square,vertex,m,512,166,2.273115421,2628.379606
square,vertex,m,512,167,2.27339561,2665.165999
square,vertex,m,512,168,2.272875314,2767.478523
square,vertex,m,512,169,2.272875314,2662.396002
square,vertex,m,512,170,2.273025375,2656.222839
square,vertex,m,512,171,2.272975352,2633.985767
square,vertex,m,512,172,2.273125426,2630.572104
square,vertex,m,512,173,2.2732455,2706.340145
square,vertex,m,512,174,2.272955344,2644.932873
square,vertex,m,512,175,2.273055389,2750.169205
square,vertex,m,512,176,2.272855307,2702.917281
square,vertex,m,512,177,2.272875314,2669.768085
square,vertex,m,512,178,2.272835301,2680.96091
square,vertex,m,512,179,2.272835301,2737.875236
square,vertex,m,512,180,2.272825298,2663.854238
square,vertex,m,512,181,2.272805292,2744.78197
square,vertex,m,512,182,2.272825298,2661.837923
square,vertex,m,512,183,2.272845304,2649.801497
square,vertex,m,512,184,2.272855307,2660.171242
square,vertex,m,512,185,2.273105415,2802.347941
square,vertex,m,512,186,2.273045384,2659.075395
square,vertex,m,512,187,2.273045384,2667.979409
square,vertex,m,512,188,2.273125426,2733.834886
square,vertex,m,512,189,2.272915328,2766.603579
square,vertex,m,512,190,2.273275521,2655.860311
square,vertex,m,512,191,2.273235493,2667.914149
square,vertex,m,512,192,2.273215481,2607.947555
square,vertex,m,512,193,2.272875314,2614.282997
square,vertex,m,512,194,2.27294534,2662.405894
square,vertex,m,512,195,2.273125426,2686.697937
square,vertex,m,512,196,2.273275521,2689.739378
square,vertex,m,512,197,2.272975352,2708.062548
square,vertex,m,512,198,2.272555249,2683.998707
square,vertex,m,512,199,2.273485686,2588.478898
square,vertex,m,768,0,2.271850503,5276.255411
square,vertex,m,768,1,2.271830471,5315.363415
square,vertex,m,768,2,2.271820454,5537.86541
square,vertex,m,768,3,2.271750344,5536.11686
square,vertex,m,768,4,2.271980723,5400.390107
square,vertex,m,768,5,2.271840487,5354.396873
square,vertex,m,768,6,2.272010776,5610.676232
square,vertex,m,768,7,2.271700268,5496.747549
square,vertex,m,768,8,2.271890569,5403.611559
square,vertex,m,768,9,2.271650194,5332.673654
square,vertex,m,768,10,2.27192062,5637.847545
square,vertex,m,768,11,2.271750344,5426.757272
square,vertex,m,768,12,2.271840487,5498.979493
square,vertex,m,768,13,2.271730313,5476.340849
square,vertex,m,768,14,2.271870536,5344.30837
square,vertex,m,768,15,2.271990741,5573.158029
square,vertex,m,768,16,2.272181091,5564.065888
square,vertex,m,768,17,2.271870536,5397.50983
square,vertex,m,768,18,2.271870536,5412.107616
square,vertex,m,768,19,2.271760359,5315.788882
square,vertex,m,768,20,2.271990741,5501.951907
square,vertex,m,768,21,2.271930637,5398.04108
square,vertex,m,768,22,2.271810438,5226.881487
square,vertex,m,768,23,2.271770375,5691.089272
square,vertex,m,768,24,2.271670223,5436.06919
square,vertex,m,768,25,2.271830471,5434.459524
square,vertex,m,768,26,2.272060866,5353.056074
square,vertex,m,768,27,2.271950671,5427.347595
square,vertex,m,768,28,2.271890569,5294.939353
square,vertex,m,768,29,2.271870536,5250.788714
square,vertex,m,768,30,2.271710283,5301.441377
square,vertex,m,768,31,2.271820454,5261.454834
square,vertex,m,768,32,2.272110958,5557.887794
square,vertex,m,768,33,2.271890569,5364.282764
square,vertex,m,768,34,2.271850503,5458.732612
square,vertex,m,768,35,2.271650194,5339.734926
square,vertex,m,768,36,2.271990741,5247.429554
square,vertex,m,768,37,2.272050848,5387.393214
square,vertex,m,768,38,2.27192062,5471.533081
square,vertex,m,768,39,2.271950671,5277.016457
square,vertex,m,768,40,2.271860519,5601.440755
square,vertex,m,768,41,2.271760359,5443.985349
square,vertex,m,768,42,2.271810438,5620.325836
square,vertex,m,768,43,2.271810438,5556.719095
square,vertex,m,768,44,2.271970706,5271.948361
square,vertex,m,768,45,2.271730313,5332.302211
square,vertex,m,768,46,2.272090921,5377.507162
square,vertex,m,768,47,2.271840487,5539.819192
square,vertex,m,768,48,2.271880553,5546.678783
square,vertex,m,768,49,2.271940654,5203.694335
square,vertex,m,768,50,2.271930637,5329.588004
square,vertex,m,768,51,2.271580094,5513.424115
square,vertex,m,768,52,2.271930637,5508.94175
square,vertex,m,768,53,2.271840487,5522.147489
square,vertex,m,768,54,2.27204083,5454.550322
square,vertex,m,768,55,2.272080903,5509.988818
square,vertex,m,768,56,2.271790406,5455.646506
square,vertex,m,768,57,2.271560066,5696.964828
square,vertex,m,768,58,2.271960688,5315.038906
square,vertex,m,768,59,2.271680238,5314.024196
square,vertex,m,768,60,2.271840487,5414.667531
square,vertex,m,768,61,2.271950671,5270.220548
square,vertex,m,768,62,2.271850503,5452.908677
square,vertex,m,768,63,2.27192062,5391.580838
square,vertex,m,768,64,2.271850503,5517.250274
square,vertex,m,768,65,2.27162015,5651.553747
square,vertex,m,768,66,2.271560066,5553.122979
square,vertex,m,768,67,2.271910603,5534.094622
square,vertex,m,768,68,2.271940654,5458.103027
square,vertex,m,768,69,2.271740328,5401.385514
square,vertex,m,768,70,2.27219111,5306.363891
square,vertex,m,768,71,2.272020794,5294.235225
square,vertex,m,768,72,2.271870536,5519.236304
square,vertex,m,768,73,2.271790406,5410.380534
square,vertex,m,768,74,2.271810438,5575.617485
square,vertex,m,768,75,2.271680238,5553.347416
square,vertex,m,768,76,2.271860519,5398.761252
square,vertex,m,768,77,2.272020794,5434.966494
square,vertex,m,768,78,2.271720298,5253.546346
square,vertex,m,768,79,2.271880553,5340.475666
square,vertex,m,768,80,2.271890569,5347.978145
square,vertex,m,768,81,2.271950671,5488.767036
square,vertex,m,768,82,2.271910603,5492.969522
square,vertex,m,768,83,2.271880553,5190.093037
square,vertex,m,768,84,2.271820454,5428.320891
square,vertex,m,768,85,2.271930637,5337.622105
square,vertex,m,768,86,2.271890569,5336.659202
square,vertex,m,768,87,2.272000758,5232.282128
square,vertex,m,768,88,2.27157008,5295.68386
square,vertex,m,768,89,2.271910603,5305.486032
square,vertex,m,768,90,2.272020794,5425.100678
square,vertex,m,768,91,2.271930637,5491.429068
square,vertex,m,768,92,2.271980723,5485.730272
square,vertex,m,768,93,2.27204083,5448.276275
square,vertex,m,768,94,2.271800422,5337.465911
square,vertex,m,768,95,2.271640179,5323.140853
square,vertex,m,768,96,2.271660208,5477.126459
square,vertex,m,768,97,2.272060866,5169.128726
square,vertex,m,768,98,2.271680238,5406.969324
square,vertex,m,768,99,2.271810438,5117.642042
square,vertex,m,768,100,2.271700268,5446.231338
square,vertex,m,768,101,2.271940654,5355.304915
square,vertex,m,768,102,2.271910603,5318.513811
square,vertex,m,768,103,2.271940654,5486.584167
square,vertex,m,768,104,2.271860519,5449.242608
square,vertex,m,768,105,2.271850503,5285.316835
square,vertex,m,768,106,2.272030812,5247.351852
square,vertex,m,768,107,2.271860519,5302.64238
square,vertex,m,768,108,2.272020794,5509.702558
square,vertex,m,768,109,2.272070884,5214.173851
square,vertex,m,768,110,2.271940654,5294.708398
square,vertex,m,768,111,2.271710283,5420.371877
square,vertex,m,768,112,2.271840487,5430.623052
square,vertex,m,768,113,2.271850503,5446.97307
square,vertex,m,768,114,2.271730313,5399.443966
square,vertex,m,768,115,2.271860519,5472.50717
square,vertex,m,768,116,2.271810438,5638.354827
square,vertex,m,768,117,2.272000758,5369.626047
square,vertex,m,768,118,2.271820454,5427.385319
square,vertex,m,768,119,2.271800422,5424.854556
square,vertex,m,768,120,2.271790406,5444.648585
square,vertex,m,768,121,2.271870536,5823.75863
square,vertex,m,768,122,2.27192062,5448.046988
square,vertex,m,768,123,2.271970706,5398.478029
square,vertex,m,768,124,2.271900586,5529.182306
square,vertex,m,768,125,2.271800422,5559.728794
square,vertex,m,768,126,2.271780391,5536.193164
square,vertex,m,768,127,2.271900586,5291.058145
square,vertex,m,768,128,2.271780391,5431.507275
square,vertex,m,768,129,2.271900586,5348.253227
square,vertex,m,768,130,2.272010776,5430.265833
square,vertex,m,768,131,2.271940654,5599.065243
square,vertex,m,768,132,2.271870536,5376.909197
square,vertex,m,768,133,2.271830471,5199.300071
square,vertex,m,768,134,2.271950671,5630.465588
square,vertex,m,768,135,2.271790406,5520.134154
square,vertex,m,768,136,2.271680238,5641.076273
square,vertex,m,768,137,2.271910603,5514.933344
square,vertex,m,768,138,2.271810438,5034.124317
square,vertex,m,768,139,2.27192062,5401.323247
square,vertex,m,768,140,2.271750344,5445.920505
square,vertex,m,768,141,2.272231188,5382.210272
square,vertex,m,768,142,2.272060866,5306.376106
square,vertex,m,768,143,2.271830471,5435.263048
square,vertex,m,768,144,2.271820454,5359.9806
square,vertex,m,768,145,2.271840487,5464.877447
square,vertex,m,768,146,2.271890569,5485.643239
square,vertex,m,768,147,2.271860519,5116.158757
square,vertex,m,768,148,2.271910603,5697.646845
square,vertex,m,768,149,2.271830471,5318.099473
square,vertex,m,768,150,2.272000758,5140.677497
square,vertex,m,768,151,2.271680238,5667.6045
square,vertex,m,768,152,2.27204083,5248.381364
square,vertex,m,768,153,2.271840487,5396.532045
square,vertex,m,768,154,2.271710283,5447.873579
square,vertex,m,768,155,2.271960688,5527.672946
square,vertex,m,768,156,2.271820454,5475.762976
square,vertex,m,768,157,2.27192062,5311.365526
square,vertex,m,768,158,2.271800422,5429.313922
square,vertex,m,768,159,2.271860519,5559.960541
square,vertex,m,768,160,2.271900586,5368.306129
square,vertex,m,768,161,2.271760359,5466.26828
square,vertex,m,768,162,2.271740328,5325.735649
square,vertex,m,768,163,2.271710283,5584.415497
square,vertex,m,768,164,2.271840487,5370.225793
square,vertex,m,768,165,2.271840487,5403.490747
square,vertex,m,768,166,2.271680238,5347.610551
square,vertex,m,768,167,2.272010776,5589.489383
square,vertex,m,768,168,2.271770375,5409.23377
square,vertex,m,768,169,2.271820454,5386.645379
square,vertex,m,768,170,2.271780391,5882.98009
square,vertex,m,768,171,2.271730313,5566.181116
square,vertex,m,768,172,2.271910603,5258.006144
square,vertex,m,768,173,2.271950671,5377.715976
square,vertex,m,768,174,2.271770375,5513.494347
square,vertex,m,768,175,2.272070884,5368.245804
square,vertex,m,768,176,2.271870536,5432.457367
square,vertex,m,768,177,2.271770375,5396.905649
square,vertex,m,768,178,2.271780391,5474.693069
square,vertex,m,768,179,2.271860519,5498.859946
square,vertex,m,768,180,2.271700268,5314.741663
square,vertex,m,768,181,2.271690253,5362.737743
square,vertex,m,768,182,2.271780391,5418.108849
square,vertex,m,768,183,2.271890569,5316.044899
square,vertex,m,768,184,2.271980723,5398.620743
square,vertex,m,768,185,2.271890569,5227.89027
square,vertex,m,768,186,2.271710283,5476.591924
square,vertex,m,768,187,2.272000758,5315.476576
square,vertex,m,768,188,2.272000758,5435.077262
square,vertex,m,768,189,2.271930637,5337.286294
square,vertex,m,768,190,2.271610136,5360.075383
square,vertex,m,768,191,2.272000758,5257.62064
square,vertex,m,768,192,2.271780391,5234.009087
square,vertex,m,768,193,2.271990741,5401.64707
square,vertex,m,768,194,2.271900586,5683.018702
square,vertex,m,768,195,2.271760359,5273.791244
square,vertex,m,768,196,2.271880553,5554.824915
square,vertex,m,768,197,2.271880553,5427.59511
square,vertex,m,768,198,2.271910603,5252.884997
square,vertex,m,768,199,2.271870536,5357.844352
square,vertex,m,1024,0,2.271069496,9335.834587
square,vertex,m,1024,1,2.270959397,9263.628521
square,vertex,m,1024,2,2.271059486,8881.144173
square,vertex,m,1024,3,2.271119544,8879.945753
square,vertex,m,1024,4,2.271029458,9276.447664
square,vertex,m,1024,5,2.271169595,9003.379195
square,vertex,m,1024,6,2.271219648,9176.348152
square,vertex,m,1024,7,2.271109534,8924.704725
square,vertex,m,1024,8,2.271049477,9514.829927
square,vertex,m,1024,9,2.271139564,9172.761745
square,vertex,m,1024,10,2.271269703,9244.351295
square,vertex,m,1024,11,2.271089515,9430.64353
square,vertex,m,1024,12,2.271399856,9040.06847
square,vertex,m,1024,13,2.270989423,9009.949356
square,vertex,m,1024,14,2.271139564,9322.328242
square,vertex,m,1024,15,2.271099524,8986.47472
square,vertex,m,1024,16,2.27124968,8491.499182
square,vertex,m,1024,17,2.271119544,9050.221779
square,vertex,m,1024,18,2.271049477,9031.131729
square,vertex,m,1024,19,2.271159584,8849.877314
square,vertex,m,1024,20,2.270969405,8997.119343
square,vertex,m,1024,21,2.271219648,8564.954229
square,vertex,m,1024,22,2.271299737,9143.402349
square,vertex,m,1024,23,2.271149574,9048.874511
square,vertex,m,1024,24,2.271269703,9196.088422
square,vertex,m,1024,25,2.271179605,8927.232653
square,vertex,m,1024,26,2.271049477,9024.873292
square,vertex,m,1024,27,2.271119544,9285.384116
square,vertex,m,1024,28,2.271149574,8975.767159
square,vertex,m,1024,29,2.271049477,9009.778645
square,vertex,m,1024,30,2.271199626,8996.171814
square,vertex,m,1024,31,2.271139564,9302.326715
square,vertex,m,1024,32,2.271019449,9350.46547
square,vertex,m,1024,33,2.270969405,8839.711788
square,vertex,m,1024,34,2.271079505,9206.275
square,vertex,m,1024,35,2.271159584,9031.114786
square,vertex,m,1024,36,2.270949388,9069.337264
square,vertex,m,1024,37,2.271239669,8840.652188
square,vertex,m,1024,38,2.271089515,8781.876808
square,vertex,m,1024,39,2.271139564,9019.581537
square,vertex,m,1024,40,2.271039468,9159.670073
square,vertex,m,1024,41,2.270989423,9081.838863
square,vertex,m,1024,42,2.270999431,9410.944062
square,vertex,m,1024,43,2.271079505,9203.716274
square,vertex,m,1024,44,2.271219648,9356.022857
square,vertex,m,1024,45,2.271580094,8865.796176
square,vertex,m,1024,46,2.271109534,9187.038691
square,vertex,m,1024,47,2.271019449,8994.417744
square,vertex,m,1024,48,2.271129554,9363.427988
square,vertex,m,1024,49,2.271039468,8916.848586
square,vertex,m,1024,50,2.271379832,8654.209786
square,vertex,m,1024,51,2.271049477,8950.383814
square,vertex,m,1024,52,2.271189616,9047.811598
square,vertex,m,1024,53,2.271209637,9052.305333
square,vertex,m,1024,54,2.271149574,9126.134046
square,vertex,m,1024,55,2.271359807,9507.773873
square,vertex,m,1024,56,2.271179605,9322.835514
square,vertex,m,1024,57,2.271149574,9305.078297
square,vertex,m,1024,58,2.271139564,9309.563752
square,vertex,m,1024,59,2.271219648,9303.2771
square,vertex,m,1024,60,2.271029458,9400.959109
square,vertex,m,1024,61,2.271109534,9081.912616
square,vertex,m,1024,62,2.270999431,8746.911029
square,vertex,m,1024,63,2.271329772,9029.14712
square,vertex,m,1024,64,2.271139564,8967.918512
square,vertex,m,1024,65,2.270989423,8667.947799
square,vertex,m,1024,66,2.271129554,9313.025337
square,vertex,m,1024,67,2.271309748,8959.100589
square,vertex,m,1024,68,2.270949388,9300.434246
square,vertex,m,1024,69,2.271329772,8651.30451
square,vertex,m,1024,70,2.271129554,8992.707921
square,vertex,m,1024,71,2.270879332,9068.469218
square,vertex,m,1024,72,2.271099524,9247.809771
square,vertex,m,1024,73,2.270959397,9358.368079
square,vertex,m,1024,74,2.271139564,9061.560767
square,vertex,m,1024,75,2.271129554,9484.202397
square,vertex,m,1024,76,2.271059486,9483.072867
square,vertex,m,1024,77,2.271079505,9572.977548
square,vertex,m,1024,78,2.271069496,9135.04163
square,vertex,m,1024,79,2.271089515,9067.133336
square,vertex,m,1024,80,2.271139564,8747.772741
square,vertex,m,1024,81,2.270779258,9401.023501
square,vertex,m,1024,82,2.271089515,9204.649853
square,vertex,m,1024,83,2.271039468,9199.021573
square,vertex,m,1024,84,2.271159584,8938.212692
square,vertex,m,1024,85,2.271139564,9104.594305
square,vertex,m,1024,86,2.271219648,9171.1811
square,vertex,m,1024,87,2.271209637,9145.942203
square,vertex,m,1024,88,2.270979414,8870.759187
square,vertex,m,1024,89,2.271039468,8748.136723
square,vertex,m,1024,90,2.27100944,9426.579006
square,vertex,m,1024,91,2.270869324,9098.571187
square,vertex,m,1024,92,2.271049477,8995.845858
square,vertex,m,1024,93,2.271229658,8627.163097
square,vertex,m,1024,94,2.27100944,8889.7762
square,vertex,m,1024,95,2.271149574,8985.491693
square,vertex,m,1024,96,2.271179605,9363.9973
square,vertex,m,1024,97,2.271149574,8680.972705
square,vertex,m,1024,98,2.271119544,9141.173425
square,vertex,m,1024,99,2.271069496,8671.425038
square,vertex,m,1024,100,2.270889339,8901.231902
square,vertex,m,1024,101,2.271329772,9267.035527
square,vertex,m,1024,102,2.271109534,9005.874751
square,vertex,m,1024,103,2.271109534,8919.063791
square,vertex,m,1024,104,2.271169595,8917.100988
square,vertex,m,1024,105,2.271169595,9217.757034
square,vertex,m,1024,106,2.271129554,8939.758678
square,vertex,m,1024,107,2.271139564,9277.783428
square,vertex,m,1024,108,2.270969405,9108.785109
square,vertex,m,1024,109,2.271119544,9234.379108
square,vertex,m,1024,110,2.271029458,8941.622672
square,vertex,m,1024,111,2.271530025,8600.146234
square,vertex,m,1024,112,2.270809279,9104.459604
square,vertex,m,1024,113,2.271109534,8850.769665
square,vertex,m,1024,114,2.271349795,8959.352203
square,vertex,m,1024,115,2.270909355,9304.865513
square,vertex,m,1024,116,2.271039468,9103.901892
square,vertex,m,1024,117,2.270959397,9116.188205
square,vertex,m,1024,118,2.271359807,9135.098009
square,vertex,m,1024,119,2.270969405,9332.728655
square,vertex,m,1024,120,2.270909355,9348.92138
square,vertex,m,1024,121,2.270959397,8955.947318
square,vertex,m,1024,122,2.271239669,8868.373199
square,vertex,m,1024,123,2.271269703,8908.151645
square,vertex,m,1024,124,2.271169595,8991.609158
square,vertex,m,1024,125,2.271049477,9344.574376
square,vertex,m,1024,126,2.27093938,8825.709262
square,vertex,m,1024,127,2.271129554,9134.52139
square,vertex,m,1024,128,2.271019449,9136.938972
square,vertex,m,1024,129,2.271169595,8798.53879
square,vertex,m,1024,130,2.271229658,8821.692813
square,vertex,m,1024,131,2.271149574,9097.279781
square,vertex,m,1024,132,2.271349795,9248.619176
square,vertex,m,1024,133,2.270929372,8687.083374
square,vertex,m,1024,134,2.271349795,8852.474302
square,vertex,m,1024,135,2.271059486,9034.192546
square,vertex,m,1024,136,2.270999431,9138.487424
square,vertex,m,1024,137,2.271199626,8747.598543
square,vertex,m,1024,138,2.271099524,9019.302516
square,vertex,m,1024,139,2.271379832,9238.735673
square,vertex,m,1024,140,2.270909355,8871.056335
square,vertex,m,1024,141,2.271229658,8909.477621
square,vertex,m,1024,142,2.271289725,9154.397324
square,vertex,m,1024,143,2.271029458,9337.90732
square,vertex,m,1024,144,2.271209637,9270.62776
square,vertex,m,1024,145,2.271259692,9072.399996
square,vertex,m,1024,146,2.271039468,9168.52209
square,vertex,m,1024,147,2.271239669,8735.997443
square,vertex,m,1024,148,2.271259692,9018.712744
square,vertex,m,1024,149,2.271239669,9003.143472
square,vertex,m,1024,150,2.271239669,9235.69343
square,vertex,m,1024,151,2.271309748,9073.401855
square,vertex,m,1024,152,2.271239669,8656.635831
square,vertex,m,1024,153,2.271049477,9186.191314
square,vertex,m,1024,154,2.271239669,9088.89971
square,vertex,m,1024,155,2.271059486,9130.55609
square,vertex,m,1024,156,2.271139564,9045.191267
square,vertex,m,1024,157,2.271049477,8894.888392
square,vertex,m,1024,158,2.271049477,8717.455718
square,vertex,m,1024,159,2.271189616,8777.709228
square,vertex,m,1024,160,2.271219648,8920.25721
square,vertex,m,1024,161,2.271169595,8940.128185
square,vertex,m,1024,162,2.271299737,9039.370628
square,vertex,m,1024,163,2.270989423,9107.191055
square,vertex,m,1024,164,2.271089515,9077.351894
square,vertex,m,1024,165,2.271169595,9227.358338
square,vertex,m,1024,166,2.271329772,8802.165488
square,vertex,m,1024,167,2.271219648,9397.210635
square,vertex,m,1024,168,2.271179605,8960.916114
square,vertex,m,1024,169,2.271219648,8779.162208
square,vertex,m,1024,170,2.271229658,8853.222883
square,vertex,m,1024,171,2.271219648,8964.287962
square,vertex,m,1024,172,2.271049477,8811.849404
square,vertex,m,1024,173,2.271179605,8908.818235
square,vertex,m,1024,174,2.27093938,9166.519865
square,vertex,m,1024,175,2.271189616,9016.102524
square,vertex,m,1024,176,2.271149574,8900.180698
square,vertex,m,1024,177,2.271029458,9406.090258
square,vertex,m,1024,178,2.271169595,8675.786077
square,vertex,m,1024,179,2.271269703,9250.336234
square,vertex,m,1024,180,2.271309748,8816.862168
square,vertex,m,1024,181,2.271139564,8899.028633
square,vertex,m,1024,182,2.271209637,9215.147721
square,vertex,m,1024,183,2.270999431,8990.115317
square,vertex,m,1024,184,2.271219648,9249.449246
square,vertex,m,1024,185,2.271339784,8897.78511
square,vertex,m,1024,186,2.271259692,8875.274303
square,vertex,m,1024,187,2.271349795,8887.685289
square,vertex,m,1024,188,2.270839301,9448.660894
square,vertex,m,1024,189,2.271109534,8767.423333
square,vertex,m,1024,190,2.271239669,9146.700238
square,vertex,m,1024,191,2.27136982,8957.407434
square,vertex,m,1024,192,2.271189616,9296.958973
square,vertex,m,1024,193,2.271239669,8822.04317
square,vertex,m,1024,194,2.271179605,9237.528302
square,vertex,m,1024,195,2.271279714,8895.552972
square,vertex,m,1024,196,2.271189616,9656.841479
square,vertex,m,1024,197,2.271039468,8894.331655
square,vertex,m,1024,198,2.270929372,9512.162301
square,vertex,m,1024,199,2.271119544,9490.805954
square,vertex,m,1536,0,2.270199005,18544.32551
square,vertex,m,1536,1,2.270419066,18181.80682
square,vertex,m,1536,2,2.270529113,18171.50019
square,vertex,m,1536,3,2.270659181,17861.65198
square,vertex,m,1536,4,2.27042907,17389.06815
square,vertex,m,1536,5,2.27026902,17527.31452
square,vertex,m,1536,6,2.270459082,18290.37881
square,vertex,m,1536,7,2.270419066,17246.47381
square,vertex,m,1536,8,2.270469086,17992.14094
square,vertex,m,1536,9,2.270439074,17988.03904
square,vertex,m,1536,10,2.270289025,17275.69098
square,vertex,m,1536,11,2.270489095,17477.6983
square,vertex,m,1536,12,2.270319033,16697.631
square,vertex,m,1536,13,2.270459082,17961.81052
square,vertex,m,1536,14,2.270499099,17986.95669
square,vertex,m,1536,15,2.27042907,17138.6415
square,vertex,m,1536,16,2.270509103,18455.37512
square,vertex,m,1536,17,2.270679193,17537.4337
square,vertex,m,1536,18,2.270409062,17911.54298
square,vertex,m,1536,19,2.270549122,16737.79101
square,vertex,m,1536,20,2.270439074,17844.00702
square,vertex,m,1536,21,2.270219009,17162.67175
square,vertex,m,1536,22,2.270299028,16755.30562
square,vertex,m,1536,23,2.270699205,16469.53721
square,vertex,m,1536,24,2.270419066,17044.38742
square,vertex,m,1536,25,2.270599148,17538.81339
square,vertex,m,1536,26,2.270419066,17682.89243
square,vertex,m,1536,27,2.270219009,17772.93878
square,vertex,m,1536,28,2.270689199,16890.39892
square,vertex,m,1536,29,2.270128995,17933.32267
square,vertex,m,1536,30,2.270249015,18143.76525
square,vertex,m,1536,31,2.270659181,17238.82201
square,vertex,m,1536,32,2.270289025,17039.71037
square,vertex,m,1536,33,2.27047909,17470.43332
square,vertex,m,1536,34,2.270579137,17931.78447
square,vertex,m,1536,35,2.270509103,17754.20178
square,vertex,m,1536,36,2.270499099,17953.01264
square,vertex,m,1536,37,2.270459082,17531.61961
square,vertex,m,1536,38,2.270509103,18215.64818
square,vertex,m,1536,39,2.270459082,17982.69771
square,vertex,m,1536,40,2.270589143,17126.24664
square,vertex,m,1536,41,2.270529113,18035.16662
square,vertex,m,1536,42,2.27042907,17671.95512
square,vertex,m,1536,43,2.270299028,17925.45176
square,vertex,m,1536,44,2.27047909,17602.32612
square,vertex,m,1536,45,2.270539117,16752.37309
square,vertex,m,1536,46,2.270299028,17718.67784
square,vertex,m,1536,47,2.270118994,18103.68326
square,vertex,m,1536,48,2.270279022,17476.22571
square,vertex,m,1536,49,2.270669187,16749.2436
square,vertex,m,1536,50,2.27042907,17800.83771
square,vertex,m,1536,51,2.27063917,16811.23178
square,vertex,m,1536,52,2.270399059,18186.90585
square,vertex,m,1536,53,2.270419066,17477.33269
square,vertex,m,1536,54,2.270239013,16903.54211
square,vertex,m,1536,55,2.270539117,17481.42639
square,vertex,m,1536,56,2.270469086,17972.50895
square,vertex,m,1536,57,2.270399059,17279.22682
square,vertex,m,1536,58,2.270289025,17131.48201
square,vertex,m,1536,59,2.270559127,17538.32507
square,vertex,m,1536,60,2.270359045,17880.9826
square,vertex,m,1536,61,2.270489095,17753.62097
square,vertex,m,1536,62,2.270649176,18005.85309
square,vertex,m,1536,63,2.27047909,17245.09603
square,vertex,m,1536,64,2.270579137,18249.91107
square,vertex,m,1536,65,2.270519108,18233.84563
square,vertex,m,1536,66,2.270329036,19053.35367
square,vertex,m,1536,67,2.270489095,17146.70691
square,vertex,m,1536,68,2.270509103,17272.41116
square,vertex,m,1536,69,2.270389055,17049.1021
square,vertex,m,1536,70,2.270339039,17364.91476
square,vertex,m,1536,71,2.270279022,17866.08914
square,vertex,m,1536,72,2.270299028,18436.62459
square,vertex,m,1536,73,2.270679193,17888.78613
square,vertex,m,1536,74,2.270849309,16785.04203
square,vertex,m,1536,75,2.270409062,18327.93178
square,vertex,m,1536,76,2.270409062,17871.77009
square,vertex,m,1536,77,2.270469086,18102.74684
square,vertex,m,1536,78,2.270399059,17450.00185
square,vertex,m,1536,79,2.270499099,18290.21906
square,vertex,m,1536,80,2.270459082,18314.53447
square,vertex,m,1536,81,2.270189003,18272.85177
square,vertex,m,1536,82,2.270399059,17061.7096
square,vertex,m,1536,83,2.270539117,17530.00415
square,vertex,m,1536,84,2.270279022,18136.70559
square,vertex,m,1536,85,2.27047909,17209.68849
square,vertex,m,1536,86,2.270379052,17584.04796
square,vertex,m,1536,87,2.270549122,18006.0302
square,vertex,m,1536,88,2.270249015,18666.97375
square,vertex,m,1536,89,2.270489095,18601.34333
square,vertex,m,1536,90,2.270329036,17608.38636
square,vertex,m,1536,91,2.270349042,17858.3113
square,vertex,m,1536,92,2.270339039,18289.97843
square,vertex,m,1536,93,2.270229011,18263.35232
square,vertex,m,1536,94,2.270489095,17005.83744
square,vertex,m,1536,95,2.270299028,16825.49639
square,vertex,m,1536,96,2.270509103,17467.39271
square,vertex,m,1536,97,2.270349042,18917.01776
square,vertex,m,1536,98,2.270489095,17834.83298
square,vertex,m,1536,99,2.270279022,18288.36889
square,vertex,m,1536,100,2.270789265,17611.91285
square,vertex,m,1536,101,2.270509103,17585.93348
square,vertex,m,1536,102,2.270419066,18065.61702
square,vertex,m,1536,103,2.270719218,17293.06891
square,vertex,m,1536,104,2.27047909,16789.01453
square,vertex,m,1536,105,2.27030903,18301.00911
square,vertex,m,1536,106,2.270529113,18817.29787
square,vertex,m,1536,107,2.270339039,18017.9836
square,vertex,m,1536,108,2.270459082,18023.87112
square,vertex,m,1536,109,2.270259018,18514.95674
square,vertex,m,1536,110,2.270389055,17749.97667
square,vertex,m,1536,111,2.270459082,17804.40027
square,vertex,m,1536,112,2.270369049,18484.67489
square,vertex,m,1536,113,2.270449078,17204.64336
square,vertex,m,1536,114,2.270559127,17354.95717
square,vertex,m,1536,115,2.270499099,18116.8348
square,vertex,m,1536,116,2.270589143,17443.98214
square,vertex,m,1536,117,2.27042907,16860.78398
square,vertex,m,1536,118,2.270589143,18248.99897
square,vertex,m,1536,119,2.270289025,18531.90098
square,vertex,m,1536,120,2.270329036,17984.43219
square,vertex,m,1536,121,2.270299028,18637.17093
square,vertex,m,1536,122,2.270569132,17377.28903
square,vertex,m,1536,123,2.270539117,17114.81667
square,vertex,m,1536,124,2.270489095,17101.87443
square,vertex,m,1536,125,2.270409062,17552.56547
square,vertex,m,1536,126,2.270489095,17090.54881
square,vertex,m,1536,127,2.270439074,17799.10292
square,vertex,m,1536,128,2.270279022,17562.54205
square,vertex,m,1536,129,2.270389055,18464.51161
square,vertex,m,1536,130,2.270409062,18611.66661
square,vertex,m,1536,131,2.270469086,17115.62529
square,vertex,m,1536,132,2.270599148,17588.91779
square,vertex,m,1536,133,2.270219009,17239.10125
square,vertex,m,1536,134,2.270609153,17441.73095
square,vertex,m,1536,135,2.270619159,17459.72332
square,vertex,m,1536,136,2.270399059,18474.24541
square,vertex,m,1536,137,2.270329036,17771.64776
square,vertex,m,1536,138,2.270719218,17416.6792
square,vertex,m,1536,139,2.270389055,17800.74934
square,vertex,m,1536,140,2.270649176,17280.73662
square,vertex,m,1536,141,2.270389055,18425.97456
square,vertex,m,1536,142,2.270359045,17623.55416
square,vertex,m,1536,143,2.270549122,17988.8308
square,vertex,m,1536,144,2.270249015,17531.07098
square,vertex,m,1536,145,2.270379052,17941.32494
square,vertex,m,1536,146,2.270549122,18252.46773
square,vertex,m,1536,147,2.270529113,17004.53328
square,vertex,m,1536,148,2.270359045,17199.87179
square,vertex,m,1536,149,2.270649176,16895.4173
square,vertex,m,1536,150,2.270389055,17979.59985
square,vertex,m,1536,151,2.270449078,17471.69786
square,vertex,m,1536,152,2.270249015,17908.67458
square,vertex,m,1536,153,2.27047909,17527.23425
square,vertex,m,1536,154,2.27030903,16953.06565
square,vertex,m,1536,155,2.270529113,16873.77332
square,vertex,m,1536,156,2.270359045,17369.14698
square,vertex,m,1536,157,2.270459082,16692.88745
square,vertex,m,1536,158,2.270439074,17162.90601
square,vertex,m,1536,159,2.270339039,18764.81667
square,vertex,m,1536,160,2.270319033,18423.71912
square,vertex,m,1536,161,2.270469086,16801.33759
square,vertex,m,1536,162,2.270439074,18994.51716
square,vertex,m,1536,163,2.270589143,16877.62125
square,vertex,m,1536,164,2.270469086,17676.95494
square,vertex,m,1536,165,2.270339039,17819.71867
square,vertex,m,1536,166,2.270379052,17578.83582
square,vertex,m,1536,167,2.270559127,17660.44269
square,vertex,m,1536,168,2.270489095,18677.2746
square,vertex,m,1536,169,2.270549122,18275.26619
square,vertex,m,1536,170,2.270349042,17098.4808
square,vertex,m,1536,171,2.270389055,18479.09174
square,vertex,m,1536,172,2.270339039,18240.76593
square,vertex,m,1536,173,2.270459082,16139.40926
square,vertex,m,1536,174,2.270529113,16724.29238
square,vertex,m,1536,175,2.270399059,17142.36966
square,vertex,m,1536,176,2.270349042,17958.36012
square,vertex,m,1536,177,2.27063917,17384.99029
square,vertex,m,1536,178,2.270279022,18002.19754
square,vertex,m,1536,179,2.270399059,18260.87011
square,vertex,m,1536,180,2.270189003,18064.3734
square,vertex,m,1536,181,2.270719218,17833.84014
square,vertex,m,1536,182,2.270399059,17749.21236
square,vertex,m,1536,183,2.270439074,17693.31674
square,vertex,m,1536,184,2.270689199,17068.72054
square,vertex,m,1536,185,2.270529113,17587.03445
square,vertex,m,1536,186,2.270459082,17738.69424
square,vertex,m,1536,187,2.270279022,17227.21655
square,vertex,m,1536,188,2.270399059,17234.2539
square,vertex,m,1536,189,2.270279022,17503.78022
square,vertex,m,1536,190,2.270299028,17756.90602
square,vertex,m,1536,191,2.270439074,17557.20136
square,vertex,m,1536,192,2.270349042,18056.20271
square,vertex,m,1536,193,2.270419066,17944.00735
square,vertex,m,1536,194,2.270599148,16819.69087
square,vertex,m,1536,195,2.270259018,18332.9369
square,vertex,m,1536,196,2.27026902,17716.49888
square,vertex,m,1536,197,2.270359045,17841.7303
square,vertex,m,1536,198,2.270319033,18071.93497
square,vertex,m,1536,199,2.27030903,18008.33738
square,vertex,m,2048,0,2.269986464,29435.30029
square,vertex,m,2048,1,2.269936421,29634.91725
square,vertex,m,2048,2,2.270146615,28835.04166
square,vertex,m,2048,3,2.269986464,29987.52397
square,vertex,m,2048,4,2.270006482,28742.31916
square,vertex,m,2048,5,2.270376871,28555.67099
square,vertex,m,2048,6,2.27001649,28036.17502
square,vertex,m,2048,7,2.270116585,29554.13526
square,vertex,m,2048,8,2.269956438,30003.5888
square,vertex,m,2048,9,2.269956438,30626.93663
square,vertex,m,2048,10,2.270056527,29702.44579
square,vertex,m,2048,11,2.270056527,29106.9409
square,vertex,m,2048,12,2.270106575,29472.69253
square,vertex,m,2048,13,2.269956438,30739.52405
square,vertex,m,2048,14,2.270236709,28079.79071
square,vertex,m,2048,15,2.269876373,30995.92795
square,vertex,m,2048,16,2.270026499,29054.83621
square,vertex,m,2048,17,2.270066536,28730.33959
square,vertex,m,2048,18,2.270066536,30510.71192
square,vertex,m,2048,19,2.269986464,30108.72449
square,vertex,m,2048,20,2.269966447,27793.36147
square,vertex,m,2048,21,2.270026499,29561.60553
square,vertex,m,2048,22,2.270036509,28499.80698
square,vertex,m,2048,23,2.270056527,27291.21185
square,vertex,m,2048,24,2.269936421,30527.07795
square,vertex,m,2048,25,2.269886381,29890.91526
square,vertex,m,2048,26,2.27001649,28756.6301
square,vertex,m,2048,27,2.270026499,30077.46866
square,vertex,m,2048,28,2.269906397,31694.26168
square,vertex,m,2048,29,2.270066536,30134.26793
square,vertex,m,2048,30,2.270006482,29679.21124
square,vertex,m,2048,31,2.269916405,30682.67409
square,vertex,m,2048,32,2.270116585,28167.83647
square,vertex,m,2048,33,2.269906397,29017.5506
square,vertex,m,2048,34,2.269906397,29049.40867
square,vertex,m,2048,35,2.270176645,28924.93925
square,vertex,m,2048,36,2.270106575,28613.66296
square,vertex,m,2048,37,2.270086555,28544.71766
square,vertex,m,2048,38,2.270006482,28792.85868
square,vertex,m,2048,39,2.269866366,30191.2823
square,vertex,m,2048,40,2.269986464,31345.16995
square,vertex,m,2048,41,2.269866366,27935.08083
square,vertex,m,2048,42,2.269936421,32258.97112
square,vertex,m,2048,43,2.270186656,29038.20703
square,vertex,m,2048,44,2.270066536,29962.02277
square,vertex,m,2048,45,2.269976455,28849.88703
square,vertex,m,2048,46,2.269986464,28773.56991
square,vertex,m,2048,47,2.269956438,30139.13075
square,vertex,m,2048,48,2.27001649,30868.35882
square,vertex,m,2048,49,2.269876373,27911.92422
square,vertex,m,2048,50,2.269916405,30378.19998
square,vertex,m,2048,51,2.270106575,28357.46434
square,vertex,m,2048,52,2.270036509,28841.3825
square,vertex,m,2048,53,2.269916405,28704.11857
square,vertex,m,2048,54,2.269976455,28835.85192
square,vertex,m,2048,55,2.269996473,30511.04686
square,vertex,m,2048,56,2.270086555,29473.99348
square,vertex,m,2048,57,2.269896389,29699.4201
square,vertex,m,2048,58,2.269956438,31853.66135
square,vertex,m,2048,59,2.27001649,31318.78276
square,vertex,m,2048,60,2.269826336,30448.76013
square,vertex,m,2048,61,2.270086555,31740.18111
square,vertex,m,2048,62,2.269976455,30235.21631
square,vertex,m,2048,63,2.270046518,29774.38585
square,vertex,m,2048,64,2.269816329,28880.06098
square,vertex,m,2048,65,2.269916405,30230.16552
square,vertex,m,2048,66,2.269986464,28935.28651
square,vertex,m,2048,67,2.27001649,28300.27764
square,vertex,m,2048,68,2.270086555,29443.97647
square,vertex,m,2048,69,2.270156625,28665.04207
square,vertex,m,2048,70,2.269986464,29925.16491
square,vertex,m,2048,71,2.270216688,30169.91891
square,vertex,m,2048,72,2.269956438,29895.26549
square,vertex,m,2048,73,2.270066536,28310.34809
square,vertex,m,2048,74,2.269836343,32079.34698
square,vertex,m,2048,75,2.270026499,27955.68898
square,vertex,m,2048,76,2.269846351,28846.32078
square,vertex,m,2048,77,2.269896389,30252.21109
square,vertex,m,2048,78,2.26994643,30309.41593
square,vertex,m,2048,79,2.270226698,28216.11657
square,vertex,m,2048,80,2.269976455,30384.41308
square,vertex,m,2048,81,2.269996473,30167.23349
square,vertex,m,2048,82,2.270216688,28805.68143
square,vertex,m,2048,83,2.270006482,29649.20778
square,vertex,m,2048,84,2.27001649,29755.01189
square,vertex,m,2048,85,2.27001649,29793.88579
square,vertex,m,2048,86,2.270006482,32952.63148
square,vertex,m,2048,87,2.26994643,30695.80743
square,vertex,m,2048,88,2.270056527,28968.34264
square,vertex,m,2048,89,2.269896389,29705.1045
square,vertex,m,2048,90,2.270006482,30714.67932
square,vertex,m,2048,91,2.269986464,29077.96225
square,vertex,m,2048,92,2.269856358,31009.83992
square,vertex,m,2048,93,2.270056527,29793.85959
square,vertex,m,2048,94,2.270076546,30115.77059
square,vertex,m,2048,95,2.270066536,28731.80693
square,vertex,m,2048,96,2.270146615,29839.53781
square,vertex,m,2048,97,2.270056527,29777.17705
square,vertex,m,2048,98,2.27024672,29105.92916
square,vertex,m,2048,99,2.269986464,29170.7278
square,vertex,m,2048,100,2.269906397,27698.39683
square,vertex,m,2048,101,2.269966447,30893.83932
square,vertex,m,2048,102,2.269936421,31591.04093
square,vertex,m,2048,103,2.270096565,28993.3675
square,vertex,m,2048,104,2.270156625,29994.46071
square,vertex,m,2048,105,2.269966447,30486.13719
square,vertex,m,2048,106,2.269956438,29280.26637
square,vertex,m,2048,107,2.269896389,28534.15868
square,vertex,m,2048,108,2.270046518,29247.9346
square,vertex,m,2048,109,2.269896389,31557.17555
square,vertex,m,2048,110,2.269986464,28659.64553
square,vertex,m,2048,111,2.269966447,29872.33601
square,vertex,m,2048,112,2.270056527,31019.80222
square,vertex,m,2048,113,2.270066536,29704.11192
square,vertex,m,2048,114,2.270096565,29915.45756
square,vertex,m,2048,115,2.269996473,30253.49472
square,vertex,m,2048,116,2.270086555,29814.12642
square,vertex,m,2048,117,2.270116585,28927.12865
square,vertex,m,2048,118,2.270096565,28859.47542
square,vertex,m,2048,119,2.26994643,29584.8742
square,vertex,m,2048,120,2.270006482,31867.29214
square,vertex,m,2048,121,2.269926413,30664.61706
square,vertex,m,2048,122,2.270006482,30145.93976
square,vertex,m,2048,123,2.270096565,29267.74063
square,vertex,m,2048,124,2.269956438,30370.37216
square,vertex,m,2048,125,2.269766294,29738.20273
square,vertex,m,2048,126,2.269846351,28619.60618
square,vertex,m,2048,127,2.270026499,30614.65628
square,vertex,m,2048,128,2.270026499,30822.88619
square,vertex,m,2048,129,2.26994643,31156.74687
square,vertex,m,2048,130,2.270026499,29742.46993
square,vertex,m,2048,131,2.269976455,30151.42736
square,vertex,m,2048,132,2.269966447,30793.20231
square,vertex,m,2048,133,2.270006482,30733.1132
square,vertex,m,2048,134,2.269996473,28917.41483
square,vertex,m,2048,135,2.270406908,28021.03799
square,vertex,m,2048,136,2.270076546,28588.90943
square,vertex,m,2048,137,2.270056527,29027.50715
square,vertex,m,2048,138,2.270036509,26628.75735
square,vertex,m,2048,139,2.27001649,33475.97635
square,vertex,m,2048,140,2.270006482,29974.15292
square,vertex,m,2048,141,2.269876373,30110.03562
square,vertex,m,2048,142,2.269996473,32342.57026
square,vertex,m,2048,143,2.270036509,31172.70048
square,vertex,m,2048,144,2.270036509,30299.70596
square,vertex,m,2048,145,2.269896389,30511.87977
square,vertex,m,2048,146,2.270056527,27989.45952
square,vertex,m,2048,147,2.270086555,29902.77615
square,vertex,m,2048,148,2.269916405,29503.75028
square,vertex,m,2048,149,2.270046518,29625.30292
square,vertex,m,2048,150,2.269996473,31115.69792
square,vertex,m,2048,151,2.270116585,31387.07192
square,vertex,m,2048,152,2.269976455,28461.55718
square,vertex,m,2048,153,2.269966447,29878.32259
square,vertex,m,2048,154,2.269846351,28600.46932
square,vertex,m,2048,155,2.270026499,31601.68006
square,vertex,m,2048,156,2.269926413,31026.1909
square,vertex,m,2048,157,2.269936421,28466.6568
square,vertex,m,2048,158,2.269976455,27651.49091
square,vertex,m,2048,159,2.269966447,30014.45913
square,vertex,m,2048,160,2.270006482,29248.97568
square,vertex,m,2048,161,2.27001649,29929.51923
square,vertex,m,2048,162,2.269866366,32290.72631
square,vertex,m,2048,163,2.270006482,29710.84562
square,vertex,m,2048,164,2.270006482,30006.41201
square,vertex,m,2048,165,2.269836343,29231.02057
square,vertex,m,2048,166,2.270006482,30547.20628
square,vertex,m,2048,167,2.270256731,29440.95905
square,vertex,m,2048,168,2.270026499,28945.94077
square,vertex,m,2048,169,2.270076546,28715.01148
square,vertex,m,2048,170,2.269936421,30554.56254
square,vertex,m,2048,171,2.269986464,30226.85778
square,vertex,m,2048,172,2.269886381,30457.39333
square,vertex,m,2048,173,2.270036509,28974.84482
square,vertex,m,2048,174,2.269936421,29914.79701
square,vertex,m,2048,175,2.269986464,30861.17509
square,vertex,m,2048,176,2.270046518,30554.48845
square,vertex,m,2048,177,2.270056527,29696.26113
square,vertex,m,2048,178,2.270036509,30011.50252
square,vertex,m,2048,179,2.269906397,29913.0568
square,vertex,m,2048,180,2.269916405,29673.97954
square,vertex,m,2048,181,2.270186656,30229.58577
square,vertex,m,2048,182,2.270126595,29911.4458
square,vertex,m,2048,183,2.269966447,28938.0826
square,vertex,m,2048,184,2.269816329,29962.68152
square,vertex,m,2048,185,2.26994643,28421.16621
square,vertex,m,2048,186,2.270046518,30985.24919
square,vertex,m,2048,187,2.269976455,27432.30111
square,vertex,m,2048,188,2.270216688,29703.98679
square,vertex,m,2048,189,2.269936421,29792.11958
square,vertex,m,2048,190,2.270056527,31661.28566
square,vertex,m,2048,191,2.27001649,30205.94115
square,vertex,m,2048,192,2.269886381,28781.98014
square,vertex,m,2048,193,2.270186656,27816.28216
square,vertex,m,2048,194,2.269906397,30341.27396
square,vertex,m,2048,195,2.269966447,29736.96421
square,vertex,m,2048,196,2.270136605,27835.88402
square,vertex,m,2048,197,2.27001649,30129.90403
square,vertex,m,2048,198,2.270006482,31973.39379
square,vertex,m,2048,199,2.270076546,27654.47877
square,vertex,m,3072,0,2.269898594,59103.52187
square,vertex,m,3072,1,2.269998677,61785.41583
square,vertex,m,3072,2,2.269878578,62989.55168
square,vertex,m,3072,3,2.26991861,60848.2279
square,vertex,m,3072,4,2.269988668,57069.97472
square,vertex,m,3072,5,2.269698453,59816.75276
square,vertex,m,3072,6,2.269808526,62204.19484
square,vertex,m,3072,7,2.269898594,64005.45579
square,vertex,m,3072,8,2.269878578,59682.45553
square,vertex,m,3072,9,2.269958643,59715.17826
square,vertex,m,3072,10,2.269938626,58972.27064
square,vertex,m,3072,11,2.269938626,62844.72301
square,vertex,m,3072,12,2.269928618,63484.37447
square,vertex,m,3072,13,2.269938626,63594.80549
square,vertex,m,3072,14,2.269938626,61623.37228
square,vertex,m,3072,15,2.26997866,60833.52673
square,vertex,m,3072,16,2.26982854,64873.33955
square,vertex,m,3072,17,2.269988668,61043.96628
square,vertex,m,3072,18,2.269938626,61002.60263
square,vertex,m,3072,19,2.269908602,57398.79411
square,vertex,m,3072,20,2.269928618,61194.67974
square,vertex,m,3072,21,2.269848555,61075.2035
square,vertex,m,3072,22,2.26997866,59660.12037
square,vertex,m,3072,23,2.269928618,57532.01165
square,vertex,m,3072,24,2.269838548,59318.48105
square,vertex,m,3072,25,2.26997866,58928.53579
square,vertex,m,3072,26,2.269998677,61043.62355
square,vertex,m,3072,27,2.26986857,61786.49775
square,vertex,m,3072,28,2.269858563,57227.40003
square,vertex,m,3072,29,2.269858563,57169.9302
square,vertex,m,3072,30,2.269948634,60167.41796
square,vertex,m,3072,31,2.26986857,57078.00377
square,vertex,m,3072,32,2.270018695,64360.08431
square,vertex,m,3072,33,2.269858563,60207.54585
square,vertex,m,3072,34,2.269818533,63135.57151
square,vertex,m,3072,35,2.269878578,60798.9375
square,vertex,m,3072,36,2.269958643,60085.45007
square,vertex,m,3072,37,2.26997866,64802.00448
square,vertex,m,3072,38,2.270018695,57464.44758
square,vertex,m,3072,39,2.269968651,60372.7286
square,vertex,m,3072,40,2.269988668,61462.25497
square,vertex,m,3072,41,2.269998677,60951.55843
square,vertex,m,3072,42,2.26986857,59531.87038
square,vertex,m,3072,43,2.269938626,58291.40682
square,vertex,m,3072,44,2.26982854,59916.40016
square,vertex,m,3072,45,2.270038713,62870.6959
square,vertex,m,3072,46,2.269858563,57142.18825
square,vertex,m,3072,47,2.26986857,63850.75018
square,vertex,m,3072,48,2.26991861,67349.43492
square,vertex,m,3072,49,2.269888586,62870.55571
square,vertex,m,3072,50,2.269688446,61004.32627
square,vertex,m,3072,51,2.269928618,59091.79264
square,vertex,m,3072,52,2.269898594,62011.83109
square,vertex,m,3072,53,2.269948634,60365.8528
square,vertex,m,3072,54,2.269898594,60416.24329
square,vertex,m,3072,55,2.269888586,60936.88362
square,vertex,m,3072,56,2.269908602,61079.04947
square,vertex,m,3072,57,2.26991861,63179.21914
square,vertex,m,3072,58,2.269898594,56284.25619
square,vertex,m,3072,59,2.269888586,60468.73734
square,vertex,m,3072,60,2.26986857,56922.46375
square,vertex,m,3072,61,2.269848555,60302.67121
square,vertex,m,3072,62,2.269928618,62521.30912
square,vertex,m,3072,63,2.269938626,55984.21765
square,vertex,m,3072,64,2.269838548,58121.07364
square,vertex,m,3072,65,2.269878578,63461.81844
square,vertex,m,3072,66,2.269948634,58096.73762
square,vertex,m,3072,67,2.26991861,58128.06883
square,vertex,m,3072,68,2.269988668,59034.44744
square,vertex,m,3072,69,2.269898594,63587.5002
square,vertex,m,3072,70,2.269938626,62564.25331
square,vertex,m,3072,71,2.269908602,62239.93115
square,vertex,m,3072,72,2.269838548,60545.45735
square,vertex,m,3072,73,2.26986857,54055.29101
square,vertex,m,3072,74,2.269948634,59350.6908
square,vertex,m,3072,75,2.26997866,57526.36071
square,vertex,m,3072,76,2.270018695,59112.72687
square,vertex,m,3072,77,2.269858563,60840.32999
square,vertex,m,3072,78,2.270068741,61102.26593
square,vertex,m,3072,79,2.269908602,62105.21841
square,vertex,m,3072,80,2.269928618,62008.17047
square,vertex,m,3072,81,2.26991861,59557.68247
square,vertex,m,3072,82,2.269968651,56794.09777
square,vertex,m,3072,83,2.269888586,60012.78844
square,vertex,m,3072,84,2.269938626,58044.70777
square,vertex,m,3072,85,2.269898594,58841.40259
square,vertex,m,3072,86,2.270018695,63139.36507
square,vertex,m,3072,87,2.269928618,63088.76859
square,vertex,m,3072,88,2.269958643,57714.44233
square,vertex,m,3072,89,2.269908602,58046.48275
square,vertex,m,3072,90,2.269988668,60145.00699
square,vertex,m,3072,91,2.269938626,62004.72554
square,vertex,m,3072,92,2.269938626,62007.77615
square,vertex,m,3072,93,2.269988668,63238.68825
square,vertex,m,3072,94,2.269928618,58821.33766
square,vertex,m,3072,95,2.269898594,61026.25851
square,vertex,m,3072,96,2.269928618,58283.90032
square,vertex,m,3072,97,2.26982854,57912.86975
square,vertex,m,3072,98,2.26986857,58991.61276
square,vertex,m,3072,99,2.269968651,56434.78836
square,vertex,m,3072,100,2.269818533,61527.71249
square,vertex,m,3072,101,2.26997866,60770.35685
square,vertex,m,3072,102,2.26991861,61276.56388
square,vertex,m,3072,103,2.269888586,61957.07281
square,vertex,m,3072,104,2.269968651,59696.6027
square,vertex,m,3072,105,2.270018695,60530.47131
square,vertex,m,3072,106,2.269898594,57403.70585
square,vertex,m,3072,107,2.269878578,58042.46142
square,vertex,m,3072,108,2.270058732,59801.84596
square,vertex,m,3072,109,2.26991861,59625.72927
square,vertex,m,3072,110,2.269988668,62974.14979
square,vertex,m,3072,111,2.26991861,57545.73015
square,vertex,m,3072,112,2.26997866,59957.96366
square,vertex,m,3072,113,2.269938626,59210.50268
square,vertex,m,3072,114,2.269748485,54585.92052
square,vertex,m,3072,115,2.269998677,56678.19528
square,vertex,m,3072,116,2.269838548,60077.3256
square,vertex,m,3072,117,2.269958643,59184.86992
square,vertex,m,3072,118,2.269948634,60802.78524
square,vertex,m,3072,119,2.269798519,61968.47034
square,vertex,m,3072,120,2.26986857,60225.24463
square,vertex,m,3072,121,2.270008686,56031.39595
square,vertex,m,3072,122,2.269938626,60240.28907
square,vertex,m,3072,123,2.269878578,60891.5299
square,vertex,m,3072,124,2.269998677,59540.42871
square,vertex,m,3072,125,2.26986857,62923.35084
square,vertex,m,3072,126,2.269818533,61539.03005
square,vertex,m,3072,127,2.269848555,63316.31222
square,vertex,m,3072,128,2.269888586,59673.33372
square,vertex,m,3072,129,2.26991861,57126.51442
square,vertex,m,3072,130,2.269988668,57547.2416
square,vertex,m,3072,131,2.269928618,61458.18577
square,vertex,m,3072,132,2.269888586,60972.97531
square,vertex,m,3072,133,2.270048722,59235.31865
square,vertex,m,3072,134,2.269888586,61327.63267
square,vertex,m,3072,135,2.269878578,63046.07078
square,vertex,m,3072,136,2.269838548,60756.08132
square,vertex,m,3072,137,2.269998677,57875.10408
square,vertex,m,3072,138,2.269888586,59100.74919
square,vertex,m,3072,139,2.269838548,62001.28411
square,vertex,m,3072,140,2.269878578,63478.5941
square,vertex,m,3072,141,2.269878578,56133.90647
square,vertex,m,3072,142,2.269988668,58596.02481
square,vertex,m,3072,143,2.269958643,58095.98616
square,vertex,m,3072,144,2.26982854,64526.29171
square,vertex,m,3072,145,2.269838548,58209.53412
square,vertex,m,3072,146,2.26991861,62620.18262
square,vertex,m,3072,147,2.270048722,54899.33185
square,vertex,m,3072,148,2.269898594,58445.55178
square,vertex,m,3072,149,2.269968651,60726.53084
square,vertex,m,3072,150,2.26991861,65557.14202
square,vertex,m,3072,151,2.269738478,57109.79994
square,vertex,m,3072,152,2.269858563,61410.59737
square,vertex,m,3072,153,2.26991861,55053.66093
square,vertex,m,3072,154,2.269908602,57912.92107
square,vertex,m,3072,155,2.269888586,59750.03757
square,vertex,m,3072,156,2.269988668,60865.75252
square,vertex,m,3072,157,2.269968651,59635.5175
square,vertex,m,3072,158,2.269938626,61452.15047
square,vertex,m,3072,159,2.269938626,62188.96123
square,vertex,m,3072,160,2.269968651,57694.75748
square,vertex,m,3072,161,2.269898594,62409.44845
square,vertex,m,3072,162,2.269838548,59866.37421
square,vertex,m,3072,163,2.269878578,63091.78358
square,vertex,m,3072,164,2.26982854,58455.81204
square,vertex,m,3072,165,2.26986857,55870.37319
square,vertex,m,3072,166,2.269938626,59659.42508
square,vertex,m,3072,167,2.269768498,65219.15796
square,vertex,m,3072,168,2.269888586,60963.37682
square,vertex,m,3072,169,2.269848555,62279.75989
square,vertex,m,3072,170,2.26991861,65011.71018
square,vertex,m,3072,171,2.269938626,56255.52807
square,vertex,m,3072,172,2.269968651,60312.51874
square,vertex,m,3072,173,2.269878578,61142.72439
square,vertex,m,3072,174,2.269838548,64710.92732
square,vertex,m,3072,175,2.269878578,60983.84964
square,vertex,m,3072,176,2.269938626,57363.38851
square,vertex,m,3072,177,2.269898594,60941.41111
square,vertex,m,3072,178,2.26986857,56950.48467
square,vertex,m,3072,179,2.269888586,60580.32304
square,vertex,m,3072,180,2.269958643,61535.45362
square,vertex,m,3072,181,2.269788512,63177.88276
square,vertex,m,3072,182,2.26997866,56473.60377
square,vertex,m,3072,183,2.269908602,58407.1559
square,vertex,m,3072,184,2.269838548,57829.33483
square,vertex,m,3072,185,2.269788512,59212.09632
square,vertex,m,3072,186,2.269848555,63027.78531
square,vertex,m,3072,187,2.270018695,58624.77093
square,vertex,m,3072,188,2.269938626,60947.85595
square,vertex,m,3072,189,2.270028704,58066.27959
square,vertex,m,3072,190,2.269908602,62656.77423
square,vertex,m,3072,191,2.26997866,57550.68508
square,vertex,m,3072,192,2.269908602,61686.05924
square,vertex,m,3072,193,2.26982854,64721.66818
square,vertex,m,3072,194,2.269888586,56015.48608
square,vertex,m,3072,195,2.269908602,58382.9955
square,vertex,m,3072,196,2.269948634,63632.24856
square,vertex,m,3072,197,2.269958643,59688.59997
square,vertex,m,3072,198,2.269818533,64691.84676
square,vertex,m,3072,199,2.269848555,61559.83741
