lattice_type,representation,variant,L,bootstrap,Tc,chi_c
square,vertex,ec,64,0,2.305911689,0.6084839344
square,vertex,ec,64,1,2.306344016,0.6012304879
square,vertex,ec,64,2,2.30633396,0.6059691195
square,vertex,ec,64,3,2.305519718,0.5972280945
square,vertex,ec,64,4,2.305700611,0.6057508166
square,vertex,ec,64,5,2.305972004,0.613045156
square,vertex,ec,64,6,2.3070884,0.6009459182
square,vertex,ec,64,7,2.306776505,0.6100103382
square,vertex,ec,64,8,2.30641441,0.6080658762
square,vertex,ec,64,9,2.305228339,0.6106711267
square,vertex,ec,64,10,2.305821222,0.6063041907
square,vertex,ec,64,11,2.306112751,0.6053240673
square,vertex,ec,64,12,2.305459427,0.5983289751
square,vertex,ec,64,13,2.307038089,0.6077292502
square,vertex,ec,64,14,2.307128651,0.6013212507
square,vertex,ec,64,15,2.306786565,0.6091913289
square,vertex,ec,64,16,2.305348901,0.617925702
square,vertex,ec,64,17,2.305831274,0.6048755339
square,vertex,ec,64,18,2.305409187,0.6129491259
square,vertex,ec,64,19,2.305620211,0.6096326335
square,vertex,ec,64,20,2.305801119,0.6167068089
square,vertex,ec,64,21,2.305358948,0.6068300571
square,vertex,ec,64,22,2.306183131,0.6120934231
square,vertex,ec,64,23,2.304675927,0.6104590743
square,vertex,ec,64,24,2.30641441,0.5983831921
square,vertex,ec,64,25,2.305569963,0.6048067486
square,vertex,ec,64,26,2.305921741,0.6096599299
square,vertex,ec,64,27,2.305519718,0.6010761483
square,vertex,ec,64,28,2.306464694,0.6003363323
square,vertex,ec,64,29,2.307732579,0.61835074
square,vertex,ec,64,30,2.305338854,0.6140378073
square,vertex,ec,64,31,2.306716148,0.6162253345
square,vertex,ec,64,32,2.305750864,0.6049391219
square,vertex,ec,64,33,2.306032322,0.6058148425
square,vertex,ec,64,34,2.3050877,0.6124298885
square,vertex,ec,64,35,2.305600112,0.5997668389
square,vertex,ec,64,36,2.305941846,0.6042546868
square,vertex,ec,64,37,2.305961951,0.6050341574
square,vertex,ec,64,38,2.304876773,0.6120290028
square,vertex,ec,64,39,2.306867046,0.6024851417
square,vertex,ec,64,40,2.305982056,0.6113826317
square,vertex,ec,64,41,2.305238386,0.617143612
square,vertex,ec,64,42,2.305338854,0.6083457278
square,vertex,ec,64,43,2.305851377,0.6125436427
square,vertex,ec,64,44,2.305972004,0.6070252725
square,vertex,ec,64,45,2.304746219,0.608978079
square,vertex,ec,64,46,2.30622335,0.6053654604
square,vertex,ec,64,47,2.306726207,0.6052845846
square,vertex,ec,64,48,2.305630261,0.6097369443
square,vertex,ec,64,49,2.305549865,0.6093877323
square,vertex,ec,64,50,2.305479524,0.6104180429
square,vertex,ec,64,51,2.306434523,0.611524564
square,vertex,ec,64,52,2.30633396,0.605906195
square,vertex,ec,64,53,2.306494866,0.609034136
square,vertex,ec,64,54,2.30497721,0.6062224728
square,vertex,ec,64,55,2.305720712,0.6050441542
square,vertex,ec,64,56,2.305951898,0.5993516644
square,vertex,ec,64,57,2.30651498,0.6096097386
square,vertex,ec,64,58,2.306605501,0.6100549606
square,vertex,ec,64,59,2.306313848,0.6043098992
square,vertex,ec,64,60,2.306545153,0.6071051062
square,vertex,ec,64,61,2.305419234,0.5975789868
square,vertex,ec,64,62,2.306545153,0.6083222222
square,vertex,ec,64,63,2.306233405,0.6089176065
square,vertex,ec,64,64,2.30661556,0.605662439
square,vertex,ec,64,65,2.305931793,0.6095286171
square,vertex,ec,64,66,2.305901636,0.6036210536
square,vertex,ec,64,67,2.306816745,0.607920008
square,vertex,ec,64,68,2.304906903,0.6078421203
square,vertex,ec,64,69,2.304726135,0.6018624378
square,vertex,ec,64,70,2.306575327,0.6070135502
square,vertex,ec,64,71,2.304987254,0.6012096651
square,vertex,ec,64,72,2.307148777,0.6052698404
square,vertex,ec,64,73,2.305489572,0.6039530393
square,vertex,ec,64,74,2.306635677,0.6045896835
square,vertex,ec,64,75,2.305590062,0.6020273824
square,vertex,ec,64,76,2.305791068,0.6081430479
square,vertex,ec,64,77,2.30633396,0.6092206521
square,vertex,ec,64,78,2.305580013,0.6048796382
square,vertex,ec,64,79,2.306102697,0.5988602697
square,vertex,ec,64,80,2.306253515,0.6096392022
square,vertex,ec,64,81,2.305791068,0.6096950784
square,vertex,ec,64,82,2.305630261,0.6120028683
square,vertex,ec,64,83,2.305770966,0.6164727612
square,vertex,ec,64,84,2.306163022,0.6102211034
square,vertex,ec,64,85,2.305911689,0.6065533991
square,vertex,ec,64,86,2.306454637,0.6010782045
square,vertex,ec,64,87,2.305449379,0.6092022535
square,vertex,ec,64,88,2.306112751,0.6137900631
square,vertex,ec,64,89,2.305238386,0.6112623556
square,vertex,ec,64,90,2.305861429,0.6033349882
square,vertex,ec,64,91,2.306163022,0.611289557
square,vertex,ec,64,92,2.305248432,0.6067106818
square,vertex,ec,64,93,2.305941846,0.6179045172
square,vertex,ec,64,94,2.305972004,0.6030890243
square,vertex,ec,64,95,2.305358948,0.6024507907
square,vertex,ec,64,96,2.305982056,0.6121184366
square,vertex,ec,64,97,2.305509669,0.6050121042
square,vertex,ec,64,98,2.306183131,0.6033744616
square,vertex,ec,64,99,2.306816745,0.6044989183
square,vertex,ec,64,100,2.306173076,0.6083065636
square,vertex,ec,64,101,2.305710662,0.6058765373
square,vertex,ec,64,102,2.305127881,0.6084511057
square,vertex,ec,64,103,2.30461568,0.6102261753
square,vertex,ec,64,104,2.305710662,0.6087759206
square,vertex,ec,64,105,2.305801119,0.600923308
square,vertex,ec,64,106,2.30565036,0.6035305028
square,vertex,ec,64,107,2.304595598,0.6119136243
square,vertex,ec,64,108,2.306625618,0.6070683136
square,vertex,ec,64,109,2.306022269,0.6051200696
square,vertex,ec,64,110,2.306856986,0.6101528753
square,vertex,ec,64,111,2.305097745,0.6041492401
square,vertex,ec,64,112,2.305851377,0.6118039454
square,vertex,ec,64,113,2.306947534,0.6004457976
square,vertex,ec,64,114,2.305921741,0.6145809369
square,vertex,ec,64,115,2.306977718,0.6074445397
square,vertex,ec,64,116,2.305308712,0.6057358985
square,vertex,ec,64,117,2.306112751,0.6203650769
square,vertex,ec,64,118,2.305730763,0.6086289455
square,vertex,ec,64,119,2.30668597,0.6107750632
square,vertex,ec,64,120,2.306012215,0.6053841649
square,vertex,ec,64,121,2.306887168,0.6052253991
square,vertex,ec,64,122,2.306374184,0.6127946418
square,vertex,ec,64,123,2.305881532,0.6151965759
square,vertex,ec,64,124,2.30668597,0.6128223141
square,vertex,ec,64,125,2.305791068,0.6079667067
square,vertex,ec,64,126,2.306504923,0.6109263657
square,vertex,ec,64,127,2.306635677,0.6144026862
square,vertex,ec,64,128,2.30624346,0.602470469
square,vertex,ec,64,129,2.305951898,0.6097815536
square,vertex,ec,64,130,2.304746219,0.6088680847
square,vertex,ec,64,131,2.305017387,0.6056134213
square,vertex,ec,64,132,2.30587148,0.6090686364
square,vertex,ec,64,133,2.305791068,0.600854947
square,vertex,ec,64,134,2.305439331,0.6066269674
square,vertex,ec,64,135,2.305911689,0.6066882685
square,vertex,ec,64,136,2.306595443,0.6053675387
square,vertex,ec,64,137,2.306112751,0.6054398608
square,vertex,ec,64,138,2.305569963,0.6041951675
square,vertex,ec,64,139,2.305811171,0.6107016172
square,vertex,ec,64,140,2.306152967,0.6049794983
square,vertex,ec,64,141,2.306434523,0.6127101311
square,vertex,ec,64,142,2.304987254,0.607206113
square,vertex,ec,64,143,2.306494866,0.6059759701
square,vertex,ec,64,144,2.30651498,0.6104587329
square,vertex,ec,64,145,2.305891584,0.6044788691
square,vertex,ec,64,146,2.305368996,0.6066991477
square,vertex,ec,64,147,2.30497721,0.6056771655
square,vertex,ec,64,148,2.306303792,0.6097443424
square,vertex,ec,64,149,2.306394297,0.598023096
square,vertex,ec,64,150,2.307360119,0.6082810925
square,vertex,ec,64,151,2.30567046,0.6175448303
square,vertex,ec,64,152,2.306484808,0.6021464209
square,vertex,ec,64,153,2.30620324,0.6070091277
square,vertex,ec,64,154,2.305972004,0.6081519943
square,vertex,ec,64,155,2.306022269,0.6120157446
square,vertex,ec,64,156,2.305891584,0.6016042101
square,vertex,ec,64,157,2.30510779,0.6085283739
square,vertex,ec,64,158,2.30668597,0.6061643987
square,vertex,ec,64,159,2.306484808,0.6077281759
square,vertex,ec,64,160,2.30565036,0.6116898531
square,vertex,ec,64,161,2.305419234,0.6119876416
square,vertex,ec,64,162,2.306012215,0.6043989845
square,vertex,ec,64,163,2.305569963,0.6115317473
square,vertex,ec,64,164,2.305238386,0.5966752195
square,vertex,ec,64,165,2.305198201,0.6157770388
square,vertex,ec,64,166,2.305047521,0.6144959451
square,vertex,ec,64,167,2.305559914,0.6084962601
square,vertex,ec,64,168,2.306645735,0.6150710482
square,vertex,ec,64,169,2.305931793,0.6085305763
square,vertex,ec,64,170,2.306062482,0.5966212602
square,vertex,ec,64,171,2.306595443,0.5911486737
square,vertex,ec,64,172,2.305841325,0.6037569224
square,vertex,ec,64,173,2.305489572,0.6108356911
square,vertex,ec,64,174,2.30633396,0.6085404943
square,vertex,ec,64,175,2.304997298,0.601094007
square,vertex,ec,64,176,2.306092643,0.6074833079
square,vertex,ec,64,177,2.306142913,0.6037825072
square,vertex,ec,64,178,2.305368996,0.6117976335
square,vertex,ec,64,179,2.305881532,0.6065290947
square,vertex,ec,64,180,2.306585385,0.6043091737
square,vertex,ec,64,181,2.305791068,0.6057635921
square,vertex,ec,64,182,2.306957595,0.6087429227
square,vertex,ec,64,183,2.305700611,0.6068811568
square,vertex,ec,64,184,2.306424467,0.6091817179
square,vertex,ec,64,185,2.305278572,0.6148957489
square,vertex,ec,64,186,2.306092643,0.6212534832
square,vertex,ec,64,187,2.305529767,0.6113362283
square,vertex,ec,64,188,2.307259475,0.6099283562
square,vertex,ec,64,189,2.305519718,0.6131731852
square,vertex,ec,64,190,2.305951898,0.6073026064
square,vertex,ec,64,191,2.305911689,0.6151662914
square,vertex,ec,64,192,2.305198201,0.6046105465
square,vertex,ec,64,193,2.305750864,0.6119616057
square,vertex,ec,64,194,2.305569963,0.6039401087
square,vertex,ec,64,195,2.304937034,0.6049772416
square,vertex,ec,64,196,2.30564031,0.6068147291
square,vertex,ec,64,197,2.306112751,0.6120186372
square,vertex,ec,64,198,2.306062482,0.6025400404
square,vertex,ec,64,199,2.305509669,0.6046329555
square,vertex,ec,96,0,2.292768882,1.153791916
square,vertex,ec,96,1,2.292568401,1.166338524
square,vertex,ec,96,2,2.292919267,1.159217611
square,vertex,ec,96,3,2.293190008,1.145477477
square,vertex,ec,96,4,2.292929293,1.167932563
square,vertex,ec,96,5,2.293490907,1.152752129
square,vertex,ec,96,6,2.293200037,1.160580922
square,vertex,ec,96,7,2.292518286,1.15923421
square,vertex,ec,96,8,2.292578424,1.163043959
square,vertex,ec,96,9,2.292438106,1.137855031
square,vertex,ec,96,10,2.293280269,1.158901801
square,vertex,ec,96,11,2.292949346,1.164135273
square,vertex,ec,96,12,2.29327024,1.151706938
square,vertex,ec,96,13,2.29240804,1.15824716
square,vertex,ec,96,14,2.292658613,1.153446558
square,vertex,ec,96,15,2.293531033,1.139018691
square,vertex,ec,96,16,2.292658613,1.150884279
square,vertex,ec,96,17,2.292558377,1.149897021
square,vertex,ec,96,18,2.292688685,1.165527272
square,vertex,ec,96,19,2.292819008,1.1581146
square,vertex,ec,96,20,2.293099754,1.155865944
square,vertex,ec,96,21,2.292899214,1.172942342
square,vertex,ec,96,22,2.293200037,1.157296991
square,vertex,ec,96,23,2.291987202,1.170377585
square,vertex,ec,96,24,2.293049616,1.153679459
square,vertex,ec,96,25,2.293480876,1.166042046
square,vertex,ec,96,26,2.292478195,1.156191102
square,vertex,ec,96,27,2.292538331,1.157962277
square,vertex,ec,96,28,2.293049616,1.159411948
square,vertex,ec,96,29,2.293029561,1.160108274
square,vertex,ec,96,30,2.293240152,1.14669393
square,vertex,ec,96,31,2.292508263,1.160211093
square,vertex,ec,96,32,2.293741716,1.158935443
square,vertex,ec,96,33,2.293149894,1.167501829
square,vertex,ec,96,34,2.293260211,1.156540683
square,vertex,ec,96,35,2.293059643,1.160309161
square,vertex,ec,96,36,2.292438106,1.162806872
square,vertex,ec,96,37,2.293029561,1.154875733
square,vertex,ec,96,38,2.292889188,1.152008896
square,vertex,ec,96,39,2.293360508,1.156734641
square,vertex,ec,96,40,2.292808983,1.156151418
square,vertex,ec,96,41,2.292879162,1.155090345
square,vertex,ec,96,42,2.292257723,1.164977882
square,vertex,ec,96,43,2.293159923,1.152784693
square,vertex,ec,96,44,2.292598471,1.159392597
square,vertex,ec,96,45,2.292929293,1.170232265
square,vertex,ec,96,46,2.293039588,1.161579964
square,vertex,ec,96,47,2.293290299,1.156406919
square,vertex,ec,96,48,2.292608494,1.153759627
square,vertex,ec,96,49,2.293621321,1.147273118
square,vertex,ec,96,50,2.292658613,1.155427723
square,vertex,ec,96,51,2.293089726,1.147884365
square,vertex,ec,96,52,2.292668637,1.152409903
square,vertex,ec,96,53,2.292558377,1.168568584
square,vertex,ec,96,54,2.293651419,1.150193621
square,vertex,ec,96,55,2.292638565,1.174286622
square,vertex,ec,96,56,2.293220094,1.150366983
square,vertex,ec,96,57,2.292798958,1.183019565
square,vertex,ec,96,58,2.29327024,1.145594204
square,vertex,ec,96,59,2.292548354,1.147320477
square,vertex,ec,96,60,2.293109782,1.152043303
square,vertex,ec,96,61,2.293300328,1.147224689
square,vertex,ec,96,62,2.293039588,1.166126435
square,vertex,ec,96,63,2.292929293,1.147758893
square,vertex,ec,96,64,2.293460813,1.131985951
square,vertex,ec,96,65,2.292819008,1.154188211
square,vertex,ec,96,66,2.292829034,1.163326136
square,vertex,ec,96,67,2.292728783,1.164139166
square,vertex,ec,96,68,2.292107426,1.153572835
square,vertex,ec,96,69,2.292748833,1.165889273
square,vertex,ec,96,70,2.293039588,1.147647523
square,vertex,ec,96,71,2.292849085,1.155098644
square,vertex,ec,96,72,2.293390598,1.149524307
square,vertex,ec,96,73,2.292808983,1.162820708
square,vertex,ec,96,74,2.293089726,1.159821878
square,vertex,ec,96,75,2.292839059,1.16480825
square,vertex,ec,96,76,2.292638565,1.160911715
square,vertex,ec,96,77,2.292448128,1.149567574
square,vertex,ec,96,78,2.292919267,1.144167621
square,vertex,ec,96,79,2.293290299,1.149722853
square,vertex,ec,96,80,2.292528308,1.150645611
square,vertex,ec,96,81,2.292839059,1.158901223
square,vertex,ec,96,82,2.293310358,1.145529339
square,vertex,ec,96,83,2.292418062,1.162705391
square,vertex,ec,96,84,2.293009507,1.163731135
square,vertex,ec,96,85,2.292869136,1.148091963
square,vertex,ec,96,86,2.292117445,1.170121696
square,vertex,ec,96,87,2.292548354,1.149360587
square,vertex,ec,96,88,2.293320388,1.143605744
square,vertex,ec,96,89,2.293681517,1.134976707
square,vertex,ec,96,90,2.293340448,1.141067404
square,vertex,ec,96,91,2.293892228,1.154530006
square,vertex,ec,96,92,2.292748833,1.146004268
square,vertex,ec,96,93,2.292628541,1.170639695
square,vertex,ec,96,94,2.292708734,1.158169177
square,vertex,ec,96,95,2.292277764,1.160166764
square,vertex,ec,96,96,2.293169951,1.161896498
square,vertex,ec,96,97,2.293069671,1.159977127
square,vertex,ec,96,98,2.292708734,1.151965519
square,vertex,ec,96,99,2.293059643,1.155046724
square,vertex,ec,96,100,2.292879162,1.158152466
square,vertex,ec,96,101,2.292117445,1.142547295
square,vertex,ec,96,102,2.292969399,1.161618064
square,vertex,ec,96,103,2.292668637,1.158233779
square,vertex,ec,96,104,2.292367954,1.155253972
square,vertex,ec,96,105,2.293430721,1.149265507
square,vertex,ec,96,106,2.292929293,1.161776006
square,vertex,ec,96,107,2.292528308,1.145432254
square,vertex,ec,96,108,2.292969399,1.149182719
square,vertex,ec,96,109,2.293029561,1.172170319
square,vertex,ec,96,110,2.292227662,1.171748
square,vertex,ec,96,111,2.293470844,1.159933361
square,vertex,ec,96,112,2.291937112,1.153146748
square,vertex,ec,96,113,2.293440752,1.160199827
square,vertex,ec,96,114,2.292819008,1.15135149
square,vertex,ec,96,115,2.293430721,1.14202677
square,vertex,ec,96,116,2.292899214,1.165818591
square,vertex,ec,96,117,2.292819008,1.163677309
square,vertex,ec,96,118,2.292568401,1.173509721
square,vertex,ec,96,119,2.293169951,1.156163799
square,vertex,ec,96,120,2.293009507,1.139165683
square,vertex,ec,96,121,2.292538331,1.150448042
square,vertex,ec,96,122,2.292287785,1.155399252
square,vertex,ec,96,123,2.293460813,1.165135202
square,vertex,ec,96,124,2.292869136,1.158211917
square,vertex,ec,96,125,2.292788932,1.135165717
square,vertex,ec,96,126,2.293089726,1.158473599
square,vertex,ec,96,127,2.292377975,1.177093141
square,vertex,ec,96,128,2.293741716,1.140398368
square,vertex,ec,96,129,2.293049616,1.145041712
square,vertex,ec,96,130,2.292879162,1.159591142
square,vertex,ec,96,131,2.293410659,1.147491638
square,vertex,ec,96,132,2.292428084,1.152377659
square,vertex,ec,96,133,2.29311981,1.159308232
square,vertex,ec,96,134,2.292728783,1.156781761
square,vertex,ec,96,135,2.292297806,1.171667484
square,vertex,ec,96,136,2.291856974,1.142251036
square,vertex,ec,96,137,2.293671484,1.154839675
square,vertex,ec,96,138,2.29357116,1.154993433
square,vertex,ec,96,139,2.293069671,1.144405878
square,vertex,ec,96,140,2.292297806,1.157241595
square,vertex,ec,96,141,2.292468173,1.146821037
square,vertex,ec,96,142,2.292819008,1.162481551
square,vertex,ec,96,143,2.292508263,1.159194368
square,vertex,ec,96,144,2.293059643,1.156788933
square,vertex,ec,96,145,2.292949346,1.157246057
square,vertex,ec,96,146,2.292969399,1.157991958
square,vertex,ec,96,147,2.293029561,1.145595874
square,vertex,ec,96,148,2.293380568,1.149576525
square,vertex,ec,96,149,2.293169951,1.161032252
square,vertex,ec,96,150,2.292688685,1.164750742
square,vertex,ec,96,151,2.29351097,1.140120954
square,vertex,ec,96,152,2.29327024,1.141609708
square,vertex,ec,96,153,2.292778907,1.143278855
square,vertex,ec,96,154,2.292588447,1.156201574
square,vertex,ec,96,155,2.293159923,1.15716453
square,vertex,ec,96,156,2.292989453,1.14956076
square,vertex,ec,96,157,2.292398019,1.146449462
square,vertex,ec,96,158,2.292959372,1.159796033
square,vertex,ec,96,159,2.292889188,1.162526745
square,vertex,ec,96,160,2.29240804,1.136934923
square,vertex,ec,96,161,2.292859111,1.156056275
square,vertex,ec,96,162,2.292598471,1.168813852
square,vertex,ec,96,163,2.293360508,1.154030115
square,vertex,ec,96,164,2.291927095,1.144220048
square,vertex,ec,96,165,2.292488218,1.148009878
square,vertex,ec,96,166,2.293089726,1.1609438
square,vertex,ec,96,167,2.29299948,1.148442984
square,vertex,ec,96,168,2.292768882,1.163001846
square,vertex,ec,96,169,2.292829034,1.159337843
square,vertex,ec,96,170,2.292899214,1.168590219
square,vertex,ec,96,171,2.293290299,1.139177956
square,vertex,ec,96,172,2.293190008,1.151249685
square,vertex,ec,96,173,2.292849085,1.147314196
square,vertex,ec,96,174,2.293721649,1.138450208
square,vertex,ec,96,175,2.292367954,1.137690775
square,vertex,ec,96,176,2.293019534,1.158475419
square,vertex,ec,96,177,2.292538331,1.166067386
square,vertex,ec,96,178,2.292919267,1.162214984
square,vertex,ec,96,179,2.293310358,1.155135667
square,vertex,ec,96,180,2.29299948,1.153784675
square,vertex,ec,96,181,2.293079698,1.153124974
square,vertex,ec,96,182,2.293541064,1.167650307
square,vertex,ec,96,183,2.293671484,1.137628013
square,vertex,ec,96,184,2.293099754,1.158524685
square,vertex,ec,96,185,2.292528308,1.147180149
square,vertex,ec,96,186,2.292939319,1.147060624
square,vertex,ec,96,187,2.292829034,1.161276049
square,vertex,ec,96,188,2.291897042,1.160713544
square,vertex,ec,96,189,2.293651419,1.164992865
square,vertex,ec,96,190,2.293621321,1.154546657
square,vertex,ec,96,191,2.292628541,1.158658675
square,vertex,ec,96,192,2.292638565,1.151839898
square,vertex,ec,96,193,2.293099754,1.15903386
square,vertex,ec,96,194,2.292478195,1.144989415
square,vertex,ec,96,195,2.292448128,1.14538727
square,vertex,ec,96,196,2.293791885,1.153264685
square,vertex,ec,96,197,2.292808983,1.135594733
square,vertex,ec,96,198,2.29233789,1.158658505
square,vertex,ec,96,199,2.292708734,1.156369192
square,vertex,ec,128,0,2.286536095,1.881331711
square,vertex,ec,128,1,2.286476011,1.837037831
square,vertex,ec,128,2,2.286676302,1.807310912
square,vertex,ec,128,3,2.287127086,1.823413526
square,vertex,ec,128,4,2.286576152,1.860867309
square,vertex,ec,128,5,2.287066972,1.835886986
square,vertex,ec,128,6,2.286395904,1.846906918
square,vertex,ec,128,7,2.286125586,1.8507395
square,vertex,ec,128,8,2.287187204,1.838890179
square,vertex,ec,128,9,2.286355853,1.83182621
square,vertex,ec,128,10,2.286886646,1.846839428
square,vertex,ec,128,11,2.286906681,1.843405241
square,vertex,ec,128,12,2.285965427,1.829156578
square,vertex,ec,128,13,2.287127086,1.835549191
square,vertex,ec,128,14,2.286906681,1.853059057
square,vertex,ec,128,15,2.286486025,1.840718854
square,vertex,ec,128,16,2.286636241,1.846606606
square,vertex,ec,128,17,2.287337513,1.838897458
square,vertex,ec,128,18,2.287087009,1.833901593
square,vertex,ec,128,19,2.286686318,1.846480292
square,vertex,ec,128,20,2.286465997,1.852811533
square,vertex,ec,128,21,2.286746413,1.846770092
square,vertex,ec,128,22,2.286546109,1.847485101
square,vertex,ec,128,23,2.28707699,1.839999619
square,vertex,ec,128,24,2.286616211,1.841567078
square,vertex,ec,128,25,2.286766445,1.871567403
square,vertex,ec,128,26,2.286375879,1.838639875
square,vertex,ec,128,27,2.286646257,1.855598052
square,vertex,ec,128,28,2.287016878,1.841665109
square,vertex,ec,128,29,2.286496039,1.852271579
square,vertex,ec,128,30,2.286255731,1.832287061
square,vertex,ec,128,31,2.286666287,1.836537075
square,vertex,ec,128,32,2.286145607,1.855185045
square,vertex,ec,128,33,2.286606197,1.818735642
square,vertex,ec,128,34,2.286986823,1.872433675
square,vertex,ec,128,35,2.286986823,1.843896994
square,vertex,ec,128,36,2.286666287,1.841558729
square,vertex,ec,128,37,2.287267366,1.81445983
square,vertex,ec,128,38,2.286455984,1.875736389
square,vertex,ec,128,39,2.287277387,1.836667151
square,vertex,ec,128,40,2.286646257,1.799133245
square,vertex,ec,128,41,2.286956769,1.845684001
square,vertex,ec,128,42,2.286826544,1.862414112
square,vertex,ec,128,43,2.286826544,1.833087303
square,vertex,ec,128,44,2.287277387,1.838483743
square,vertex,ec,128,45,2.286275755,1.83000187
square,vertex,ec,128,46,2.286686318,1.840531291
square,vertex,ec,128,47,2.286806511,1.846812356
square,vertex,ec,128,48,2.286826544,1.826790658
square,vertex,ec,128,49,2.286095554,1.841721029
square,vertex,ec,128,50,2.286736397,1.814892294
square,vertex,ec,128,51,2.28644597,1.833011859
square,vertex,ec,128,52,2.286385891,1.83101158
square,vertex,ec,128,53,2.286165629,1.848268719
square,vertex,ec,128,54,2.286706349,1.833947389
square,vertex,ec,128,55,2.286596182,1.861483179
square,vertex,ec,128,56,2.287016878,1.831448639
square,vertex,ec,128,57,2.286626226,1.826534645
square,vertex,ec,128,58,2.286936734,1.820158139
square,vertex,ec,128,59,2.286506053,1.824175133
square,vertex,ec,128,60,2.286596182,1.841673296
square,vertex,ec,128,61,2.287878788,1.873027443
square,vertex,ec,128,62,2.28707699,1.845736822
square,vertex,ec,128,63,2.286926716,1.810887373
square,vertex,ec,128,64,2.286856595,1.82226661
square,vertex,ec,128,65,2.287207244,1.839086586
square,vertex,ec,128,66,2.286566138,1.868702713
square,vertex,ec,128,67,2.286896663,1.840068196
square,vertex,ec,128,68,2.287026897,1.825641353
square,vertex,ec,128,69,2.28644597,1.83275842
square,vertex,ec,128,70,2.286656272,1.835954838
square,vertex,ec,128,71,2.286656272,1.835488175
square,vertex,ec,128,72,2.287347534,1.838788759
square,vertex,ec,128,73,2.28644597,1.849113156
square,vertex,ec,128,74,2.286185651,1.862652462
square,vertex,ec,128,75,2.286315803,1.863067167
square,vertex,ec,128,76,2.286676302,1.851150152
square,vertex,ec,128,77,2.286556123,1.831471338
square,vertex,ec,128,78,2.286836561,1.836469314
square,vertex,ec,128,79,2.286516067,1.839349688
square,vertex,ec,128,80,2.287297429,1.829111713
square,vertex,ec,128,81,2.286215685,1.84836072
square,vertex,ec,128,82,2.286496039,1.822651046
square,vertex,ec,128,83,2.286636241,1.849281031
square,vertex,ec,128,84,2.286756429,1.821523682
square,vertex,ec,128,85,2.286746413,1.864693321
square,vertex,ec,128,86,2.286365866,1.855463297
square,vertex,ec,128,87,2.286646257,1.841005107
square,vertex,ec,128,88,2.286135596,1.869310762
square,vertex,ec,128,89,2.286666287,1.841799512
square,vertex,ec,128,90,2.286616211,1.861153613
square,vertex,ec,128,91,2.286886646,1.843314278
square,vertex,ec,128,92,2.286746413,1.827446376
square,vertex,ec,128,93,2.286956769,1.837829544
square,vertex,ec,128,94,2.286916698,1.826622975
square,vertex,ec,128,95,2.286716365,1.82548986
square,vertex,ec,128,96,2.286796494,1.814819446
square,vertex,ec,128,97,2.286305791,1.841977443
square,vertex,ec,128,98,2.286816527,1.85830808
square,vertex,ec,128,99,2.286496039,1.865113748
square,vertex,ec,128,100,2.286956769,1.84452103
square,vertex,ec,128,101,2.286896663,1.842576155
square,vertex,ec,128,102,2.286986823,1.846326982
square,vertex,ec,128,103,2.28730745,1.834914443
square,vertex,ec,128,104,2.286455984,1.846989316
square,vertex,ec,128,105,2.286936734,1.857481324
square,vertex,ec,128,106,2.286275755,1.853717936
square,vertex,ec,128,107,2.286946751,1.828478287
square,vertex,ec,128,108,2.286796494,1.852806487
square,vertex,ec,128,109,2.286556123,1.834676173
square,vertex,ec,128,110,2.286926716,1.833667437
square,vertex,ec,128,111,2.287457774,1.842700949
square,vertex,ec,128,112,2.287056953,1.870193594
square,vertex,ec,128,113,2.286716365,1.833124695
square,vertex,ec,128,114,2.286716365,1.856134404
square,vertex,ec,128,115,2.286536095,1.833138538
square,vertex,ec,128,116,2.286776461,1.797043034
square,vertex,ec,128,117,2.287347534,1.830761554
square,vertex,ec,128,118,2.286656272,1.805531659
square,vertex,ec,128,119,2.286686318,1.843031615
square,vertex,ec,128,120,2.286786478,1.845497653
square,vertex,ec,128,121,2.286966787,1.821201348
square,vertex,ec,128,122,2.286586167,1.844897702
square,vertex,ec,128,123,2.286295779,1.87709977
square,vertex,ec,128,124,2.286856595,1.837768666
square,vertex,ec,128,125,2.286365866,1.826623065
square,vertex,ec,128,126,2.286756429,1.87257212
square,vertex,ec,128,127,2.286856595,1.868832621
square,vertex,ec,128,128,2.286496039,1.854843002
square,vertex,ec,128,129,2.286596182,1.864602949
square,vertex,ec,128,130,2.286896663,1.821827032
square,vertex,ec,128,131,2.286676302,1.860286614
square,vertex,ec,128,132,2.286325816,1.841682678
square,vertex,ec,128,133,2.286856595,1.85440603
square,vertex,ec,128,134,2.286295779,1.859782142
square,vertex,ec,128,135,2.286836561,1.817814639
square,vertex,ec,128,136,2.28707699,1.871879613
square,vertex,ec,128,137,2.286846578,1.838200816
square,vertex,ec,128,138,2.287147125,1.798505289
square,vertex,ec,128,139,2.286776461,1.874432518
square,vertex,ec,128,140,2.286926716,1.836266541
square,vertex,ec,128,141,2.287137106,1.841056621
square,vertex,ec,128,142,2.286876629,1.870133629
square,vertex,ec,128,143,2.286896663,1.824357495
square,vertex,ec,128,144,2.286946751,1.824326279
square,vertex,ec,128,145,2.287127086,1.833063052
square,vertex,ec,128,146,2.286425944,1.831215299
square,vertex,ec,128,147,2.286986823,1.853556251
square,vertex,ec,128,148,2.286706349,1.845475818
square,vertex,ec,128,149,2.286866612,1.841783206
square,vertex,ec,128,150,2.286586167,1.842951071
square,vertex,ec,128,151,2.286526081,1.855319157
square,vertex,ec,128,152,2.286646257,1.840988054
square,vertex,ec,128,153,2.286646257,1.851130875
square,vertex,ec,128,154,2.286876629,1.85382833
square,vertex,ec,128,155,2.286906681,1.849268692
square,vertex,ec,128,156,2.286946751,1.821593621
square,vertex,ec,128,157,2.286926716,1.828100272
square,vertex,ec,128,158,2.286916698,1.839365982
square,vertex,ec,128,159,2.286265743,1.861576695
square,vertex,ec,128,160,2.286696334,1.811639534
square,vertex,ec,128,161,2.286826544,1.832580236
square,vertex,ec,128,162,2.286005465,1.880619397
square,vertex,ec,128,163,2.286355853,1.842439206
square,vertex,ec,128,164,2.286696334,1.845086071
square,vertex,ec,128,165,2.286896663,1.820547991
square,vertex,ec,128,166,2.287016878,1.810458521
square,vertex,ec,128,167,2.286786478,1.831992409
square,vertex,ec,128,168,2.286546109,1.825163839
square,vertex,ec,128,169,2.285965427,1.864512888
square,vertex,ec,128,170,2.286596182,1.819354712
square,vertex,ec,128,171,2.286926716,1.834010279
square,vertex,ec,128,172,2.286686318,1.846695253
square,vertex,ec,128,173,2.286996842,1.829158952
square,vertex,ec,128,174,2.286826544,1.854227166
square,vertex,ec,128,175,2.287117067,1.852891951
square,vertex,ec,128,176,2.286425944,1.863797222
square,vertex,ec,128,177,2.286496039,1.861654984
square,vertex,ec,128,178,2.286596182,1.827749048
square,vertex,ec,128,179,2.286285767,1.836762433
square,vertex,ec,128,180,2.286606197,1.804641744
square,vertex,ec,128,181,2.286225696,1.855388078
square,vertex,ec,128,182,2.286325816,1.866672489
square,vertex,ec,128,183,2.285985446,1.862898415
square,vertex,ec,128,184,2.287127086,1.83259725
square,vertex,ec,128,185,2.286666287,1.864945192
square,vertex,ec,128,186,2.286465997,1.844608463
square,vertex,ec,128,187,2.286315803,1.828897866
square,vertex,ec,128,188,2.286566138,1.864404046
square,vertex,ec,128,189,2.287618142,1.834700266
square,vertex,ec,128,190,2.286486025,1.845823259
square,vertex,ec,128,191,2.286666287,1.84298697
square,vertex,ec,128,192,2.286886646,1.857300228
square,vertex,ec,128,193,2.286976805,1.829619067
square,vertex,ec,128,194,2.286415931,1.841399263
square,vertex,ec,128,195,2.286906681,1.84365971
square,vertex,ec,128,196,2.286916698,1.817735353
square,vertex,ec,128,197,2.286465997,1.861995331
square,vertex,ec,128,198,2.287317471,1.832685235
square,vertex,ec,192,0,2.2803914,3.738137882
square,vertex,ec,192,1,2.280181338,3.804270882
square,vertex,ec,192,2,2.280221347,3.855123461
square,vertex,ec,192,3,2.280401404,3.800494654
square,vertex,ec,192,4,2.28065153,3.770584733
square,vertex,ec,192,5,2.280501448,3.787437894
square,vertex,ec,192,6,2.280121327,3.827483936
square,vertex,ec,192,7,2.280281363,3.795868393
square,vertex,ec,192,8,2.279951315,3.763217304
square,vertex,ec,192,9,2.280501448,3.811104663
square,vertex,ec,192,10,2.280521458,3.79138409
square,vertex,ec,192,11,2.280411408,3.719756792
square,vertex,ec,192,12,2.280101325,3.778751528
square,vertex,ec,192,13,2.280211345,3.799822684
square,vertex,ec,192,14,2.280471434,3.737436693
square,vertex,ec,192,15,2.280231349,3.79438266
square,vertex,ec,192,16,2.280481438,3.768799286
square,vertex,ec,192,17,2.280021317,3.788747842
square,vertex,ec,192,18,2.280361389,3.77755477
square,vertex,ec,192,19,2.2803914,3.790313621
square,vertex,ec,192,20,2.28044142,3.804279258
square,vertex,ec,192,21,2.280411408,3.780847664
square,vertex,ec,192,22,2.280281363,3.769756598
square,vertex,ec,192,23,2.280131329,3.710100636
square,vertex,ec,192,24,2.280141331,3.824789092
square,vertex,ec,192,25,2.280531463,3.753296314
square,vertex,ec,192,26,2.280611506,3.765766438
square,vertex,ec,192,27,2.280131329,3.819586244
square,vertex,ec,192,28,2.279551385,3.76555732
square,vertex,ec,192,29,2.280381396,3.829596939
square,vertex,ec,192,30,2.280101325,3.799599809
square,vertex,ec,192,31,2.280521458,3.79518117
square,vertex,ec,192,32,2.280281363,3.745874013
square,vertex,ec,192,33,2.280631518,3.670579541
square,vertex,ec,192,34,2.280721575,3.773519337
square,vertex,ec,192,35,2.280461429,3.842421898
square,vertex,ec,192,36,2.280311372,3.778550963
square,vertex,ec,192,37,2.280071321,3.783694637
square,vertex,ec,192,38,2.28027136,3.815082468
square,vertex,ec,192,39,2.280171336,3.7064408
square,vertex,ec,192,40,2.280071321,3.821714632
square,vertex,ec,192,41,2.280561478,3.741919706
square,vertex,ec,192,42,2.28027136,3.737432228
square,vertex,ec,192,43,2.280281363,3.672843147
square,vertex,ec,192,44,2.280341382,3.772620212
square,vertex,ec,192,45,2.280581489,3.793848933
square,vertex,ec,192,46,2.280251354,3.789232437
square,vertex,ec,192,47,2.280461429,3.758423101
square,vertex,ec,192,48,2.280681549,3.759197
square,vertex,ec,192,49,2.280281363,3.773470348
square,vertex,ec,192,50,2.280251354,3.753175164
square,vertex,ec,192,51,2.280431416,3.823256723
square,vertex,ec,192,52,2.280241352,3.779550412
square,vertex,ec,192,53,2.280261357,3.735499514
square,vertex,ec,192,54,2.280201342,3.736610857
square,vertex,ec,192,55,2.280411408,3.837816013
square,vertex,ec,192,56,2.280301369,3.864330839
square,vertex,ec,192,57,2.280401404,3.783445435
square,vertex,ec,192,58,2.280041318,3.799045686
square,vertex,ec,192,59,2.280411408,3.800495283
square,vertex,ec,192,60,2.280011316,3.743270536
square,vertex,ec,192,61,2.280151332,3.874348706
square,vertex,ec,192,62,2.280221347,3.806694741
square,vertex,ec,192,63,2.28006132,3.757591592
square,vertex,ec,192,64,2.280311372,3.775012544
square,vertex,ec,192,65,2.280641524,3.734693967
square,vertex,ec,192,66,2.280281363,3.741655917
square,vertex,ec,192,67,2.280721575,3.705759977
square,vertex,ec,192,68,2.280341382,3.778994843
square,vertex,ec,192,69,2.279891316,3.745569602
square,vertex,ec,192,70,2.280301369,3.85335158
square,vertex,ec,192,71,2.280301369,3.757732432
square,vertex,ec,192,72,2.280361389,3.753715433
square,vertex,ec,192,73,2.280371392,3.754912111
square,vertex,ec,192,74,2.280361389,3.782031873
square,vertex,ec,192,75,2.27971134,3.765324586
square,vertex,ec,192,76,2.280081322,3.777590608
square,vertex,ec,192,77,2.280181338,3.827658283
square,vertex,ec,192,78,2.280291366,3.811299366
square,vertex,ec,192,79,2.280501448,3.803496638
square,vertex,ec,192,80,2.280281363,3.730678408
square,vertex,ec,192,81,2.280851671,3.820230031
square,vertex,ec,192,82,2.280201342,3.775640843
square,vertex,ec,192,83,2.28044142,3.749929467
square,vertex,ec,192,84,2.280291366,3.736198479
square,vertex,ec,192,85,2.280511453,3.777120004
square,vertex,ec,192,86,2.280211345,3.797236682
square,vertex,ec,192,87,2.280381396,3.825373574
square,vertex,ec,192,88,2.279981315,3.819810003
square,vertex,ec,192,89,2.280251354,3.805148289
square,vertex,ec,192,90,2.2806015,3.787880117
square,vertex,ec,192,91,2.280101325,3.826282961
square,vertex,ec,192,92,2.280371392,3.719877968
square,vertex,ec,192,93,2.280401404,3.749928977
square,vertex,ec,192,94,2.280131329,3.815271799
square,vertex,ec,192,95,2.280541468,3.839343622
square,vertex,ec,192,96,2.280361389,3.715706094
square,vertex,ec,192,97,2.280371392,3.802864017
square,vertex,ec,192,98,2.280411408,3.770472805
square,vertex,ec,192,99,2.280531463,3.748600249
square,vertex,ec,192,100,2.280521458,3.750345855
square,vertex,ec,192,101,2.280281363,3.805887077
square,vertex,ec,192,102,2.280611506,3.795147493
square,vertex,ec,192,103,2.280311372,3.759621775
square,vertex,ec,192,104,2.280411408,3.759882918
square,vertex,ec,192,105,2.280151332,3.726900162
square,vertex,ec,192,106,2.280081322,3.748552162
square,vertex,ec,192,107,2.280101325,3.805759907
square,vertex,ec,192,108,2.279941315,3.801638067
square,vertex,ec,192,109,2.280251354,3.698719604
square,vertex,ec,192,110,2.280411408,3.74282008
square,vertex,ec,192,111,2.280491443,3.763401253
square,vertex,ec,192,112,2.280481438,3.740112224
square,vertex,ec,192,113,2.280541468,3.69260367
square,vertex,ec,192,114,2.279951315,3.729220602
square,vertex,ec,192,115,2.28099179,3.76930051
square,vertex,ec,192,116,2.280491443,3.861851989
square,vertex,ec,192,117,2.280541468,3.845686856
square,vertex,ec,192,118,2.279791326,3.832313993
square,vertex,ec,192,119,2.28019134,3.769254047
square,vertex,ec,192,120,2.279951315,3.790816846
square,vertex,ec,192,121,2.280661536,3.78235359
square,vertex,ec,192,122,2.280551473,3.804419658
square,vertex,ec,192,123,2.279961315,3.715111863
square,vertex,ec,192,124,2.280421412,3.735854322
square,vertex,ec,192,125,2.280051319,3.736094563
square,vertex,ec,192,126,2.280471434,3.767236147
square,vertex,ec,192,127,2.280181338,3.824958916
square,vertex,ec,192,128,2.28006132,3.758611436
square,vertex,ec,192,129,2.27984132,3.770134807
square,vertex,ec,192,130,2.280361389,3.789373481
square,vertex,ec,192,131,2.280261357,3.728318792
square,vertex,ec,192,132,2.2806015,3.791088827
square,vertex,ec,192,133,2.28006132,3.756934144
square,vertex,ec,192,134,2.280071321,3.832893389
square,vertex,ec,192,135,2.280671543,3.775959279
square,vertex,ec,192,136,2.280411408,3.832669613
square,vertex,ec,192,137,2.280181338,3.729228586
square,vertex,ec,192,138,2.280411408,3.774777042
square,vertex,ec,192,139,2.280381396,3.770876027
square,vertex,ec,192,140,2.2803914,3.787215876
square,vertex,ec,192,141,2.280041318,3.728712899
square,vertex,ec,192,142,2.280731582,3.807201162
square,vertex,ec,192,143,2.280181338,3.815232793
square,vertex,ec,192,144,2.279681347,3.802638759
square,vertex,ec,192,145,2.280521458,3.745191334
square,vertex,ec,192,146,2.280141331,3.769474471
square,vertex,ec,192,147,2.280071321,3.740794778
square,vertex,ec,192,148,2.280671543,3.749650664
square,vertex,ec,192,149,2.280831655,3.753804351
square,vertex,ec,192,150,2.279991315,3.776144178
square,vertex,ec,192,151,2.2803914,3.69367531
square,vertex,ec,192,152,2.280381396,3.754220241
square,vertex,ec,192,153,2.280011316,3.838392098
square,vertex,ec,192,154,2.280621512,3.800521642
square,vertex,ec,192,155,2.280151332,3.752208249
square,vertex,ec,192,156,2.280501448,3.747442042
square,vertex,ec,192,157,2.280101325,3.84454119
square,vertex,ec,192,158,2.280071321,3.763225149
square,vertex,ec,192,159,2.280521458,3.789704623
square,vertex,ec,192,160,2.280531463,3.792926315
square,vertex,ec,192,161,2.280761603,3.78135228
square,vertex,ec,192,162,2.280511453,3.804504203
square,vertex,ec,192,163,2.280021317,3.769690244
square,vertex,ec,192,164,2.280461429,3.863787564
square,vertex,ec,192,165,2.280461429,3.816919857
square,vertex,ec,192,166,2.280511453,3.809205582
square,vertex,ec,192,167,2.280711569,3.67969354
square,vertex,ec,192,168,2.280591495,3.786584501
square,vertex,ec,192,169,2.280421412,3.784515619
square,vertex,ec,192,170,2.28006132,3.872382261
square,vertex,ec,192,171,2.28006132,3.703154841
square,vertex,ec,192,172,2.280371392,3.846069525
square,vertex,ec,192,173,2.280091323,3.83593707
square,vertex,ec,192,174,2.280081322,3.806172057
square,vertex,ec,192,175,2.280431416,3.801565493
square,vertex,ec,192,176,2.280551473,3.832128918
square,vertex,ec,192,177,2.280351385,3.78984143
square,vertex,ec,192,178,2.280371392,3.799255164
square,vertex,ec,192,179,2.280481438,3.807651629
square,vertex,ec,192,180,2.280491443,3.781120074
square,vertex,ec,192,181,2.279791326,3.760000269
square,vertex,ec,192,182,2.280151332,3.811969761
square,vertex,ec,192,183,2.280181338,3.772888604
square,vertex,ec,192,184,2.280211345,3.813680364
square,vertex,ec,192,185,2.280221347,3.790441074
square,vertex,ec,192,186,2.280021317,3.808142996
square,vertex,ec,192,187,2.280571484,3.753138334
square,vertex,ec,192,188,2.280091323,3.778745566
square,vertex,ec,192,189,2.280311372,3.83941578
square,vertex,ec,192,190,2.280321375,3.790647056
square,vertex,ec,192,191,2.280231349,3.727130077
square,vertex,ec,192,192,2.280121327,3.733713968
square,vertex,ec,192,193,2.280491443,3.813289503
square,vertex,ec,192,194,2.280611506,3.830089927
square,vertex,ec,192,195,2.280541468,3.824855144
square,vertex,ec,192,196,2.280691555,3.710904405
square,vertex,ec,192,197,2.280081322,3.732807498
square,vertex,ec,192,198,2.280511453,3.709914441
square,vertex,ec,192,199,2.280281363,3.782191292
square,vertex,ec,256,0,2.278041539,5.823586284
square,vertex,ec,256,1,2.277741427,5.96408241
square,vertex,ec,256,2,2.277701418,5.983763606
square,vertex,ec,256,3,2.27779144,5.933546089
square,vertex,ec,256,4,2.278241658,5.802308602
square,vertex,ec,256,5,2.27779144,5.98890938
square,vertex,ec,256,6,2.27808156,5.947054666
square,vertex,ec,256,7,2.278051544,5.886569808
square,vertex,ec,256,8,2.277891473,5.829757303
square,vertex,ec,256,9,2.277501394,5.976273905
square,vertex,ec,256,10,2.278111577,5.93925793
square,vertex,ec,256,11,2.278141594,5.949606857
square,vertex,ec,256,12,2.278131588,6.036660451
square,vertex,ec,256,13,2.278361746,5.935791427
square,vertex,ec,256,14,2.278041539,5.850176887
square,vertex,ec,256,15,2.278131588,5.880069602
square,vertex,ec,256,16,2.278411786,6.023744099
square,vertex,ec,256,17,2.277551397,6.000784759
square,vertex,ec,256,18,2.278171612,5.866267295
square,vertex,ec,256,19,2.278021529,5.918572304
square,vertex,ec,256,20,2.277531395,5.967778398
square,vertex,ec,256,21,2.278011524,5.964093525
square,vertex,ec,256,22,2.277511394,6.024241308
square,vertex,ec,256,23,2.277881469,5.907369638
square,vertex,ec,256,24,2.278031534,5.946188557
square,vertex,ec,256,25,2.278351738,6.047380552
square,vertex,ec,256,26,2.278101571,5.871754684
square,vertex,ec,256,27,2.277861462,6.017438527
square,vertex,ec,256,28,2.277951497,6.050431709
square,vertex,ec,256,29,2.277991515,5.960738528
square,vertex,ec,256,30,2.27845182,5.789916914
square,vertex,ec,256,31,2.277971506,5.861494415
square,vertex,ec,256,32,2.277751429,6.021607681
square,vertex,ec,256,33,2.277941493,5.819679487
square,vertex,ec,256,34,2.277991515,5.945704789
square,vertex,ec,256,35,2.278121582,5.960539291
square,vertex,ec,256,36,2.278241658,5.910494513
square,vertex,ec,256,37,2.277901477,5.976622228
square,vertex,ec,256,38,2.278061549,5.944738353
square,vertex,ec,256,39,2.277641407,5.861899652
square,vertex,ec,256,40,2.27800152,5.915431303
square,vertex,ec,256,41,2.277851459,5.910488143
square,vertex,ec,256,42,2.277831452,5.961075117
square,vertex,ec,256,43,2.277621404,5.887375218
square,vertex,ec,256,44,2.277761432,6.02408498
square,vertex,ec,256,45,2.277491394,5.992736392
square,vertex,ec,256,46,2.277731425,5.960501787
square,vertex,ec,256,47,2.277961501,5.946181831
square,vertex,ec,256,48,2.278161606,5.921066734
square,vertex,ec,256,49,2.277951497,5.933790319
square,vertex,ec,256,50,2.278411786,5.890968657
square,vertex,ec,256,51,2.278501865,5.835784023
square,vertex,ec,256,52,2.278381762,5.894135199
square,vertex,ec,256,53,2.277581399,5.902502723
square,vertex,ec,256,54,2.277941493,5.96890929
square,vertex,ec,256,55,2.277941493,5.83777997
square,vertex,ec,256,56,2.278361746,6.027775547
square,vertex,ec,256,57,2.278071555,5.982201428
square,vertex,ec,256,58,2.277991515,5.897030534
square,vertex,ec,256,59,2.277471394,6.002489461
square,vertex,ec,256,60,2.278121582,6.00884271
square,vertex,ec,256,61,2.278041539,6.005973186
square,vertex,ec,256,62,2.277961501,5.895169161
square,vertex,ec,256,63,2.277961501,6.075429894
square,vertex,ec,256,64,2.277741427,5.932736903
square,vertex,ec,256,65,2.277541396,6.032731613
square,vertex,ec,256,66,2.278011524,6.083780957
square,vertex,ec,256,67,2.278111577,5.811118987
square,vertex,ec,256,68,2.277931489,5.905060115
square,vertex,ec,256,69,2.278101571,5.784450324
square,vertex,ec,256,70,2.277671412,5.9589948
square,vertex,ec,256,71,2.277891473,5.981180456
square,vertex,ec,256,72,2.278321715,5.874604193
square,vertex,ec,256,73,2.277731425,5.960517777
square,vertex,ec,256,74,2.277741427,5.934947049
square,vertex,ec,256,75,2.277731425,5.978904976
square,vertex,ec,256,76,2.277241416,6.018680498
square,vertex,ec,256,77,2.278021529,5.933970201
square,vertex,ec,256,78,2.278071555,5.904413674
square,vertex,ec,256,79,2.277741427,5.843406118
square,vertex,ec,256,80,2.277621404,6.048051751
square,vertex,ec,256,81,2.277801443,6.006131633
square,vertex,ec,256,82,2.277961501,5.840964851
square,vertex,ec,256,83,2.277951497,5.909908634
square,vertex,ec,256,84,2.277901477,5.976695168
square,vertex,ec,256,85,2.278201631,5.854588851
square,vertex,ec,256,86,2.278441812,5.872236706
square,vertex,ec,256,87,2.277991515,6.001868032
square,vertex,ec,256,88,2.278011524,5.842590795
square,vertex,ec,256,89,2.278111577,6.126404361
square,vertex,ec,256,90,2.278021529,5.961233806
square,vertex,ec,256,91,2.278401778,6.00987875
square,vertex,ec,256,92,2.278021529,5.943054044
square,vertex,ec,256,93,2.277681414,5.950078161
square,vertex,ec,256,94,2.27798151,5.932629563
square,vertex,ec,256,95,2.278101571,5.800647859
square,vertex,ec,256,96,2.277891473,5.881212625
square,vertex,ec,256,97,2.278061549,5.936723385
square,vertex,ec,256,98,2.278221644,5.910727951
square,vertex,ec,256,99,2.278221644,5.875380403
square,vertex,ec,256,100,2.278221644,5.913164369
square,vertex,ec,256,101,2.277871466,5.918990352
square,vertex,ec,256,102,2.277841456,5.837944232
square,vertex,ec,256,103,2.277631406,5.942844042
square,vertex,ec,256,104,2.277631406,5.886391567
square,vertex,ec,256,105,2.2781516,5.953695531
square,vertex,ec,256,106,2.277931489,5.956322302
square,vertex,ec,256,107,2.277891473,5.905432963
square,vertex,ec,256,108,2.278031534,5.910219446
square,vertex,ec,256,109,2.27860196,5.863883848
square,vertex,ec,256,110,2.2781516,5.997425869
square,vertex,ec,256,111,2.277361398,5.905040892
square,vertex,ec,256,112,2.277701418,5.904040795
square,vertex,ec,256,113,2.27771142,5.903402609
square,vertex,ec,256,114,2.278351738,5.912968408
square,vertex,ec,256,115,2.277731425,5.910378687
square,vertex,ec,256,116,2.277871466,5.972722475
square,vertex,ec,256,117,2.277441394,5.987704143
square,vertex,ec,256,118,2.277731425,5.960231286
square,vertex,ec,256,119,2.278331723,5.871540586
square,vertex,ec,256,120,2.277691416,5.930103505
square,vertex,ec,256,121,2.278061549,5.971334197
square,vertex,ec,256,122,2.277931489,5.889526285
square,vertex,ec,256,123,2.277811446,5.9606611
square,vertex,ec,256,124,2.278291693,5.95863668
square,vertex,ec,256,125,2.278041539,5.853612707
square,vertex,ec,256,126,2.278071555,5.887068442
square,vertex,ec,256,127,2.278131588,5.907907068
square,vertex,ec,256,128,2.27800152,5.93048682
square,vertex,ec,256,129,2.278291693,5.850422635
square,vertex,ec,256,130,2.278221644,5.927807922
square,vertex,ec,256,131,2.27839177,5.957467306
square,vertex,ec,256,132,2.278321715,6.000261916
square,vertex,ec,256,133,2.277931489,5.874780692
square,vertex,ec,256,134,2.2783017,5.93599076
square,vertex,ec,256,135,2.277751429,5.97158843
square,vertex,ec,256,136,2.27727141,5.907854536
square,vertex,ec,256,137,2.277831452,5.860016042
square,vertex,ec,256,138,2.277721422,5.983688795
square,vertex,ec,256,139,2.277921485,5.913174826
square,vertex,ec,256,140,2.27798151,5.927102073
square,vertex,ec,256,141,2.277991515,6.01599085
square,vertex,ec,256,142,2.277951497,6.024771953
square,vertex,ec,256,143,2.277681414,5.891626154
square,vertex,ec,256,144,2.277901477,5.868974631
square,vertex,ec,256,145,2.278131588,5.890491555
square,vertex,ec,256,146,2.277691416,5.921177318
square,vertex,ec,256,147,2.277881469,5.915190208
square,vertex,ec,256,148,2.277691416,5.945658242
square,vertex,ec,256,149,2.27808156,5.944371324
square,vertex,ec,256,150,2.277521395,5.881093863
square,vertex,ec,256,151,2.27779144,5.778895178
square,vertex,ec,256,152,2.277781437,5.977895982
square,vertex,ec,256,153,2.277821449,6.033044419
square,vertex,ec,256,154,2.278021529,5.963745345
square,vertex,ec,256,155,2.277751429,5.95686534
square,vertex,ec,256,156,2.277611403,5.982144923
square,vertex,ec,256,157,2.278141594,5.994574177
square,vertex,ec,256,158,2.277481394,5.905769617
square,vertex,ec,256,159,2.278201631,5.95339155
square,vertex,ec,256,160,2.277581399,5.988890099
square,vertex,ec,256,161,2.278141594,5.907962501
square,vertex,ec,256,162,2.278321715,5.924625171
square,vertex,ec,256,163,2.278121582,5.863362037
square,vertex,ec,256,164,2.278361746,5.919579818
square,vertex,ec,256,165,2.277901477,5.791799322
square,vertex,ec,256,166,2.278221644,6.017570233
square,vertex,ec,256,167,2.278051544,5.888184574
square,vertex,ec,256,168,2.277871466,5.89816189
square,vertex,ec,256,169,2.277751429,6.037816587
square,vertex,ec,256,170,2.278071555,5.955838047
square,vertex,ec,256,171,2.278011524,5.961296291
square,vertex,ec,256,172,2.277631406,5.92364403
square,vertex,ec,256,173,2.277951497,5.950779258
square,vertex,ec,256,174,2.278091566,6.050027785
square,vertex,ec,256,175,2.278211638,5.828370367
square,vertex,ec,256,176,2.277551397,5.875596633
square,vertex,ec,256,177,2.27771142,5.92582775
square,vertex,ec,256,178,2.277891473,6.037140967
square,vertex,ec,256,179,2.278171612,5.815036826
square,vertex,ec,256,180,2.27771142,6.021660176
square,vertex,ec,256,181,2.277871466,5.997603014
square,vertex,ec,256,182,2.278471838,5.895869488
square,vertex,ec,256,183,2.278121582,5.915003579
square,vertex,ec,256,184,2.278291693,5.88415163
square,vertex,ec,256,185,2.278371754,5.868957797
square,vertex,ec,256,186,2.277971506,5.892925568
square,vertex,ec,256,187,2.277741427,5.947127132
square,vertex,ec,256,188,2.278171612,5.835495364
square,vertex,ec,256,189,2.278091566,5.922680748
square,vertex,ec,256,190,2.277621404,5.909338903
square,vertex,ec,256,191,2.278031534,5.948535952
square,vertex,ec,256,192,2.278261672,5.886580411
square,vertex,ec,256,193,2.278371754,5.829317137
square,vertex,ec,256,194,2.278561921,5.927756518
square,vertex,ec,256,195,2.278491856,5.946237839
square,vertex,ec,256,196,2.27860196,5.891890126
square,vertex,ec,256,197,2.277861462,5.94582692
square,vertex,ec,256,198,2.278121582,6.055507607
square,vertex,ec,256,199,2.277771435,6.072866104
square,vertex,ec,384,0,2.274657317,12.12089457
square,vertex,ec,384,1,2.274737473,12.08394848
square,vertex,ec,384,2,2.27462726,11.90571575
square,vertex,ec,384,3,2.274446935,12.23657874
square,vertex,ec,384,4,2.274787573,12.3312287
square,vertex,ec,384,5,2.274497023,11.75687654
square,vertex,ec,384,6,2.27462726,12.31566929
square,vertex,ec,384,7,2.274687375,11.90171401
square,vertex,ec,384,8,2.274487005,12.39649221
square,vertex,ec,384,9,2.274857717,12.06030608
square,vertex,ec,384,10,2.27446697,11.95142078
square,vertex,ec,384,11,2.274206547,12.326302
square,vertex,ec,384,12,2.274657317,12.1056187
square,vertex,ec,384,13,2.274446935,12.23244727
square,vertex,ec,384,14,2.274446935,12.41461509
square,vertex,ec,384,15,2.274897801,12.06331725
square,vertex,ec,384,16,2.274827655,11.93830855
square,vertex,ec,384,17,2.274336751,11.89823218
square,vertex,ec,384,18,2.274577167,12.06410914
square,vertex,ec,384,19,2.274487005,12.39411257
square,vertex,ec,384,20,2.274777553,12.36813479
square,vertex,ec,384,21,2.274777553,11.97054684
square,vertex,ec,384,22,2.274737473,11.99468068
square,vertex,ec,384,23,2.274697394,12.19614789
square,vertex,ec,384,24,2.27462726,12.25327325
square,vertex,ec,384,25,2.27455713,12.40706984
square,vertex,ec,384,26,2.274547112,12.20340758
square,vertex,ec,384,27,2.274787573,11.85481171
square,vertex,ec,384,28,2.274637279,12.22296604
square,vertex,ec,384,29,2.27455713,12.23708028
square,vertex,ec,384,30,2.274446935,11.75279662
square,vertex,ec,384,31,2.27439685,12.45659688
square,vertex,ec,384,32,2.274537094,11.75232809
square,vertex,ec,384,33,2.274547112,12.002621
square,vertex,ec,384,34,2.27462726,12.34778593
square,vertex,ec,384,35,2.274416884,12.10109651
square,vertex,ec,384,36,2.274707414,12.10937491
square,vertex,ec,384,37,2.274456953,12.1282995
square,vertex,ec,384,38,2.27439685,12.11079376
square,vertex,ec,384,39,2.274226577,12.44456131
square,vertex,ec,384,40,2.274256623,12.14193141
square,vertex,ec,384,41,2.27488778,11.9671115
square,vertex,ec,384,42,2.274657317,11.86776646
square,vertex,ec,384,43,2.274346767,12.18516364
square,vertex,ec,384,44,2.274326735,12.17449293
square,vertex,ec,384,45,2.274547112,12.19812676
square,vertex,ec,384,46,2.274456953,11.84427416
square,vertex,ec,384,47,2.274737473,12.00066984
square,vertex,ec,384,48,2.274577167,12.15248181
square,vertex,ec,384,49,2.274637279,11.96198384
square,vertex,ec,384,50,2.27446697,12.12198428
square,vertex,ec,384,51,2.274527076,12.36059097
square,vertex,ec,384,52,2.274436918,12.20699992
square,vertex,ec,384,53,2.274817634,12.256798
square,vertex,ec,384,54,2.274897801,11.90094392
square,vertex,ec,384,55,2.27488778,12.11859492
square,vertex,ec,384,56,2.274847696,11.91516963
square,vertex,ec,384,57,2.274547112,12.06426612
square,vertex,ec,384,58,2.274667336,12.09358546
square,vertex,ec,384,59,2.274446935,11.81172327
square,vertex,ec,384,60,2.27455713,12.04163504
square,vertex,ec,384,61,2.274667336,12.09080044
square,vertex,ec,384,62,2.274687375,11.85669106
square,vertex,ec,384,63,2.274657317,12.06630696
square,vertex,ec,384,64,2.274647298,12.28414381
square,vertex,ec,384,65,2.27462726,12.17958821
square,vertex,ec,384,66,2.27439685,11.98039538
square,vertex,ec,384,67,2.274817634,12.09892623
square,vertex,ec,384,68,2.274216562,11.53926607
square,vertex,ec,384,69,2.274757512,11.79042312
square,vertex,ec,384,70,2.274607223,12.04909054
square,vertex,ec,384,71,2.274436918,12.15451198
square,vertex,ec,384,72,2.274416884,12.2952932
square,vertex,ec,384,73,2.2741064,12.06415515
square,vertex,ec,384,74,2.275098243,12.03919185
square,vertex,ec,384,75,2.274857717,12.18191615
square,vertex,ec,384,76,2.274567149,11.96283303
square,vertex,ec,384,77,2.2743668,12.3068656
square,vertex,ec,384,78,2.274717433,12.0425078
square,vertex,ec,384,79,2.274547112,11.97597598
square,vertex,ec,384,80,2.274316718,12.03464376
square,vertex,ec,384,81,2.274727453,12.23015894
square,vertex,ec,384,82,2.274777553,12.17908869
square,vertex,ec,384,83,2.274787573,12.18591302
square,vertex,ec,384,84,2.274537094,11.6280591
square,vertex,ec,384,85,2.274857717,11.97208752
square,vertex,ec,384,86,2.274707414,12.61796026
square,vertex,ec,384,87,2.274276655,12.63054562
square,vertex,ec,384,88,2.27450704,12.33591878
square,vertex,ec,384,89,2.274797593,12.26152455
square,vertex,ec,384,90,2.274436918,12.22422645
square,vertex,ec,384,91,2.274416884,12.19286227
square,vertex,ec,384,92,2.274767533,12.18792486
square,vertex,ec,384,93,2.274476987,11.94976096
square,vertex,ec,384,94,2.27462726,11.90933339
square,vertex,ec,384,95,2.274897801,11.92916628
square,vertex,ec,384,96,2.274797593,12.1249116
square,vertex,ec,384,97,2.274567149,11.67139241
square,vertex,ec,384,98,2.274406867,11.96718021
square,vertex,ec,384,99,2.274717433,12.13580633
square,vertex,ec,384,100,2.275188454,11.92578206
square,vertex,ec,384,101,2.274567149,12.18509313
square,vertex,ec,384,102,2.275188454,11.81200088
square,vertex,ec,384,103,2.274286671,12.72689626
square,vertex,ec,384,104,2.274617241,12.06753249
square,vertex,ec,384,105,2.274717433,12.30246378
square,vertex,ec,384,106,2.274436918,12.64261797
square,vertex,ec,384,107,2.274927865,12.03320843
square,vertex,ec,384,108,2.274386833,12.38174955
square,vertex,ec,384,109,2.274807614,11.9913836
square,vertex,ec,384,110,2.274386833,12.32694972
square,vertex,ec,384,111,2.274587185,12.07026108
square,vertex,ec,384,112,2.274637279,12.19415697
square,vertex,ec,384,113,2.274747493,12.0045762
square,vertex,ec,384,114,2.27455713,12.30820256
square,vertex,ec,384,115,2.274857717,12.43664288
square,vertex,ec,384,116,2.274657317,12.22403268
square,vertex,ec,384,117,2.274476987,12.05902338
square,vertex,ec,384,118,2.274797593,12.25238168
square,vertex,ec,384,119,2.274607223,11.88496295
square,vertex,ec,384,120,2.274206547,12.17538551
square,vertex,ec,384,121,2.274837675,12.02061702
square,vertex,ec,384,122,2.274747493,12.3864976
square,vertex,ec,384,123,2.274356784,12.3195667
square,vertex,ec,384,124,2.274707414,12.36851767
square,vertex,ec,384,125,2.274617241,11.83047367
square,vertex,ec,384,126,2.274747493,12.2870953
square,vertex,ec,384,127,2.27439685,12.41654014
square,vertex,ec,384,128,2.274567149,12.4477491
square,vertex,ec,384,129,2.27439685,11.8801281
square,vertex,ec,384,130,2.274426901,11.78248992
square,vertex,ec,384,131,2.274587185,12.29180438
square,vertex,ec,384,132,2.274687375,11.98386962
square,vertex,ec,384,133,2.274747493,11.91169496
square,vertex,ec,384,134,2.274637279,12.22962245
square,vertex,ec,384,135,2.274216562,12.22663772
square,vertex,ec,384,136,2.27455713,11.95054834
square,vertex,ec,384,137,2.274707414,12.21125561
square,vertex,ec,384,138,2.274667336,12.07087995
square,vertex,ec,384,139,2.274707414,11.98539169
square,vertex,ec,384,140,2.27439685,12.2882526
square,vertex,ec,384,141,2.274607223,12.24318503
square,vertex,ec,384,142,2.274416884,12.42035683
square,vertex,ec,384,143,2.274517058,12.21383862
square,vertex,ec,384,144,2.27450704,11.65185752
square,vertex,ec,384,145,2.274607223,12.09129627
square,vertex,ec,384,146,2.27450704,12.26252414
square,vertex,ec,384,147,2.27450704,12.21722498
square,vertex,ec,384,148,2.274737473,12.03918005
square,vertex,ec,384,149,2.274547112,11.89595043
square,vertex,ec,384,150,2.274807614,11.94397722
square,vertex,ec,384,151,2.274807614,12.36641603
square,vertex,ec,384,152,2.274416884,12.10709281
square,vertex,ec,384,153,2.274487005,12.0592493
square,vertex,ec,384,154,2.274687375,12.08894743
square,vertex,ec,384,155,2.274707414,12.10656252
square,vertex,ec,384,156,2.274426901,12.13541203
square,vertex,ec,384,157,2.274597204,12.22215272
square,vertex,ec,384,158,2.274647298,12.1290405
square,vertex,ec,384,159,2.274687375,12.11951559
square,vertex,ec,384,160,2.274687375,12.0648288
square,vertex,ec,384,161,2.274637279,12.01527937
square,vertex,ec,384,162,2.274777553,11.90569143
square,vertex,ec,384,163,2.274647298,12.14150989
square,vertex,ec,384,164,2.274436918,12.65752133
square,vertex,ec,384,165,2.274446935,12.37987945
square,vertex,ec,384,166,2.274817634,11.95281587
square,vertex,ec,384,167,2.274787573,12.16175415
square,vertex,ec,384,168,2.274356784,12.52699167
square,vertex,ec,384,169,2.274867738,12.36135532
square,vertex,ec,384,170,2.274276655,11.81694471
square,vertex,ec,384,171,2.274817634,12.11869814
square,vertex,ec,384,172,2.274356784,12.38385872
square,vertex,ec,384,173,2.274697394,12.00018149
square,vertex,ec,384,174,2.27455713,11.97419631
square,vertex,ec,384,175,2.274937887,12.14778827
square,vertex,ec,384,176,2.274687375,11.96140178
square,vertex,ec,384,177,2.274597204,11.83857415
square,vertex,ec,384,178,2.274476987,12.04356614
square,vertex,ec,384,179,2.274527076,12.30147388
square,vertex,ec,384,180,2.274356784,12.0297177
square,vertex,ec,384,181,2.27450704,12.38448936
square,vertex,ec,384,182,2.274667336,12.50863296
square,vertex,ec,384,183,2.274647298,12.06804478
square,vertex,ec,384,184,2.274617241,12.3578977
square,vertex,ec,384,185,2.274767533,11.96727182
square,vertex,ec,384,186,2.27450704,12.26328902
square,vertex,ec,384,187,2.274336751,11.7863382
square,vertex,ec,384,188,2.274316718,11.86615371
square,vertex,ec,384,189,2.274897801,12.16719773
square,vertex,ec,384,190,2.274647298,12.00330457
square,vertex,ec,384,191,2.274597204,12.21576369
square,vertex,ec,384,192,2.27488778,12.1939491
square,vertex,ec,384,193,2.274907822,11.82122314
square,vertex,ec,384,194,2.274577167,12.05486083
square,vertex,ec,384,195,2.27450704,12.11262194
square,vertex,ec,384,196,2.274857717,11.79314747
square,vertex,ec,384,197,2.274386833,12.07212531
square,vertex,ec,384,198,2.274817634,11.87997601
square,vertex,ec,384,199,2.274587185,11.86478075
square,vertex,ec,512,0,2.273255507,19.65017874
square,vertex,ec,512,1,2.272665261,20.16000325
square,vertex,ec,512,2,2.272875314,20.80058485
square,vertex,ec,512,3,2.272995361,20.23309663
square,vertex,ec,512,4,2.273215481,20.09732197
square,vertex,ec,512,5,2.273205474,20.29895204
square,vertex,ec,512,6,2.273055389,19.85404886
square,vertex,ec,512,7,2.273325556,20.56951274
square,vertex,ec,512,8,2.273325556,20.63015973
square,vertex,ec,512,9,2.273115421,20.22542606
square,vertex,ec,512,10,2.272955344,20.21285146
square,vertex,ec,512,11,2.273195468,19.76731857
square,vertex,ec,512,12,2.2732455,19.66438896
square,vertex,ec,512,13,2.273215481,20.76853468
square,vertex,ec,512,14,2.273065394,20.54604392
square,vertex,ec,512,15,2.273235493,20.28069136
square,vertex,ec,512,16,2.27345566,19.94598612
square,vertex,ec,512,17,2.273075399,20.44241061
square,vertex,ec,512,18,2.273145438,20.35328575
square,vertex,ec,512,19,2.272905324,20.40104632
square,vertex,ec,512,20,2.27294534,20.63674804
square,vertex,ec,512,21,2.27309541,20.67862532
square,vertex,ec,512,22,2.273295535,19.84232939
square,vertex,ec,512,23,2.273345571,19.87974606
square,vertex,ec,512,24,2.273125426,19.72516021
square,vertex,ec,512,25,2.27339561,20.73237631
square,vertex,ec,512,26,2.273085405,20.0662123
square,vertex,ec,512,27,2.273225487,19.63538291
square,vertex,ec,512,28,2.273065394,20.11270241
square,vertex,ec,512,29,2.27309541,20.14310618
square,vertex,ec,512,30,2.273225487,19.42806063
square,vertex,ec,512,31,2.273375594,19.20635534
square,vertex,ec,512,32,2.273135432,20.23854839
square,vertex,ec,512,33,2.273065394,19.48509986
square,vertex,ec,512,34,2.272895321,20.22410476
square,vertex,ec,512,35,2.273085405,20.10087675
square,vertex,ec,512,36,2.273735933,19.64078463
square,vertex,ec,512,37,2.273255507,19.80472096
square,vertex,ec,512,38,2.273215481,20.32787499
square,vertex,ec,512,39,2.272985356,19.37247194
square,vertex,ec,512,40,2.273145438,20.61134825
square,vertex,ec,512,41,2.273125426,20.31122224
square,vertex,ec,512,42,2.273045384,19.57288478
square,vertex,ec,512,43,2.273305542,19.98396758
square,vertex,ec,512,44,2.273105415,19.34730373
square,vertex,ec,512,45,2.273075399,20.4062969
square,vertex,ec,512,46,2.272965348,20.54053444
square,vertex,ec,512,47,2.272985356,19.83420928
square,vertex,ec,512,48,2.273225487,20.28380595
square,vertex,ec,512,49,2.272955344,20.44827094
square,vertex,ec,512,50,2.273125426,19.80530385
square,vertex,ec,512,51,2.272925332,20.34993457
square,vertex,ec,512,52,2.273485686,20.13030056
square,vertex,ec,512,53,2.272955344,20.14829244
square,vertex,ec,512,54,2.272705268,20.28979003
square,vertex,ec,512,55,2.272995361,20.36465886
square,vertex,ec,512,56,2.272815295,20.15231488
square,vertex,ec,512,57,2.272785286,19.83576501
square,vertex,ec,512,58,2.273185462,19.41268864
square,vertex,ec,512,59,2.273175456,19.66040078
square,vertex,ec,512,60,2.273215481,19.80164501
square,vertex,ec,512,61,2.273045384,20.05947087
square,vertex,ec,512,62,2.272985356,20.57679337
square,vertex,ec,512,63,2.273215481,20.30808881
square,vertex,ec,512,64,2.27309541,19.80255089
square,vertex,ec,512,65,2.273145438,19.61623016
square,vertex,ec,512,66,2.272915328,20.37532611
square,vertex,ec,512,67,2.273225487,20.3619448
square,vertex,ec,512,68,2.273075399,20.21672847
square,vertex,ec,512,69,2.272995361,20.18641757
square,vertex,ec,512,70,2.273195468,20.16103364
square,vertex,ec,512,71,2.272995361,20.14751636
square,vertex,ec,512,72,2.273125426,20.08033011
square,vertex,ec,512,73,2.273215481,19.91350013
square,vertex,ec,512,74,2.2732455,19.96226845
square,vertex,ec,512,75,2.272835301,20.79559708
square,vertex,ec,512,76,2.273275521,19.72057026
square,vertex,ec,512,77,2.272825298,20.35608886
square,vertex,ec,512,78,2.272785286,20.32083776
square,vertex,ec,512,79,2.273135432,19.66643518
square,vertex,ec,512,80,2.272995361,20.32342403
square,vertex,ec,512,81,2.273055389,20.06107181
square,vertex,ec,512,82,2.273035379,19.53842259
square,vertex,ec,512,83,2.272985356,20.15593073
square,vertex,ec,512,84,2.273125426,20.93557453
square,vertex,ec,512,85,2.273235493,19.83966452
square,vertex,ec,512,86,2.273115421,19.06461327
square,vertex,ec,512,87,2.272995361,20.30420678
square,vertex,ec,512,88,2.273155444,20.08416656
square,vertex,ec,512,89,2.273195468,20.79546521
square,vertex,ec,512,90,2.273055389,19.64671947
square,vertex,ec,512,91,2.273365587,19.79100233
square,vertex,ec,512,92,2.273055389,19.84891496
square,vertex,ec,512,93,2.273085405,19.76287153
square,vertex,ec,512,94,2.273295535,20.19907931
square,vertex,ec,512,95,2.273275521,19.41191221
square,vertex,ec,512,96,2.273045384,19.44299012
square,vertex,ec,512,97,2.273155444,20.29968749
square,vertex,ec,512,98,2.273225487,20.22193698
square,vertex,ec,512,99,2.273355579,19.87544586
square,vertex,ec,512,100,2.27309541,20.57809465
square,vertex,ec,512,101,2.273055389,19.7866136
square,vertex,ec,512,102,2.273085405,20.15939775
square,vertex,ec,512,103,2.27301537,20.82254668
square,vertex,ec,512,104,2.273005365,20.02634537
square,vertex,ec,512,105,2.272985356,19.88410112
square,vertex,ec,512,106,2.273355579,19.85845766
square,vertex,ec,512,107,2.27309541,20.0827505
square,vertex,ec,512,108,2.273215481,20.83829773
square,vertex,ec,512,109,2.273025375,19.71341262
square,vertex,ec,512,110,2.273155444,19.85136354
square,vertex,ec,512,111,2.273145438,20.53918414
square,vertex,ec,512,112,2.273035379,19.86762965
square,vertex,ec,512,113,2.273295535,19.98480894
square,vertex,ec,512,114,2.273205474,19.92701421
square,vertex,ec,512,115,2.273105415,20.25192821
square,vertex,ec,512,116,2.273445651,19.58835302
square,vertex,ec,512,117,2.27316545,20.13577067
square,vertex,ec,512,118,2.272725272,20.75799803
square,vertex,ec,512,119,2.272975352,20.27043101
square,vertex,ec,512,120,2.272895321,20.15216591
square,vertex,ec,512,121,2.27309541,20.58248985
square,vertex,ec,512,122,2.273115421,19.80338682
square,vertex,ec,512,123,2.273075399,20.20844995
square,vertex,ec,512,124,2.273145438,20.17934786
square,vertex,ec,512,125,2.273045384,20.34103293
square,vertex,ec,512,126,2.273185462,19.9111867
square,vertex,ec,512,127,2.27316545,19.48905163
square,vertex,ec,512,128,2.273415626,19.88566094
square,vertex,ec,512,129,2.2732455,19.82534963
square,vertex,ec,512,130,2.273235493,19.71746555
square,vertex,ec,512,131,2.272965348,19.95529857
square,vertex,ec,512,132,2.273135432,20.54917645
square,vertex,ec,512,133,2.27286531,20.05225015
square,vertex,ec,512,134,2.272925332,20.29080219
square,vertex,ec,512,135,2.273325556,19.65394488
square,vertex,ec,512,136,2.273205474,19.76312626
square,vertex,ec,512,137,2.273125426,19.96522729
square,vertex,ec,512,138,2.272855307,20.36136875
square,vertex,ec,512,139,2.273145438,19.93997643
square,vertex,ec,512,140,2.273025375,20.61230661
square,vertex,ec,512,141,2.273055389,20.32296215
square,vertex,ec,512,142,2.273185462,20.70051841
square,vertex,ec,512,143,2.273305542,20.62551412
square,vertex,ec,512,144,2.273075399,20.15437717
square,vertex,ec,512,145,2.273325556,19.8045181
square,vertex,ec,512,146,2.27309541,20.389063
square,vertex,ec,512,147,2.273005365,20.81414904
square,vertex,ec,512,148,2.272895321,20.11484533
square,vertex,ec,512,149,2.273215481,19.639403
square,vertex,ec,512,150,2.273265514,20.15502707
square,vertex,ec,512,151,2.27309541,20.63318211
square,vertex,ec,512,152,2.2732455,19.54479526
square,vertex,ec,512,153,2.27301537,20.00250437
square,vertex,ec,512,154,2.272705268,20.37868245
square,vertex,ec,512,155,2.272825298,19.72692977
square,vertex,ec,512,156,2.2732455,20.51231815
square,vertex,ec,512,157,2.273105415,19.79253346
square,vertex,ec,512,158,2.273375594,20.69619412
square,vertex,ec,512,159,2.272985356,19.66553771
square,vertex,ec,512,160,2.272925332,20.46627671
square,vertex,ec,512,161,2.272965348,20.03036581
square,vertex,ec,512,162,2.273085405,20.48022689
square,vertex,ec,512,163,2.272825298,20.3647921
square,vertex,ec,512,164,2.272935336,20.36270143
square,vertex,ec,512,165,2.273285528,19.77347724
square,vertex,ec,512,166,2.273215481,19.64279029
square,vertex,ec,512,167,2.273475677,19.93946394
square,vertex,ec,512,168,2.272955344,20.67995379
square,vertex,ec,512,169,2.272995361,19.87399
square,vertex,ec,512,170,2.273135432,19.8653927
square,vertex,ec,512,171,2.273055389,19.68233377
square,vertex,ec,512,172,2.273225487,19.66469266
square,vertex,ec,512,173,2.273315549,20.24107468
square,vertex,ec,512,174,2.273035379,19.71857821
square,vertex,ec,512,175,2.27316545,20.57239273
square,vertex,ec,512,176,2.272965348,20.19590827
square,vertex,ec,512,177,2.272985356,19.89522006
square,vertex,ec,512,178,2.27294534,20.07816048
square,vertex,ec,512,179,2.272915328,20.4824247
square,vertex,ec,512,180,2.272915328,19.90161206
square,vertex,ec,512,181,2.272905324,20.53774821
square,vertex,ec,512,182,2.272925332,19.88842837
square,vertex,ec,512,183,2.27294534,19.78026388
square,vertex,ec,512,184,2.272955344,19.8434434
square,vertex,ec,512,185,2.273175456,20.99581748
square,vertex,ec,512,186,2.273135432,19.91361132
square,vertex,ec,512,187,2.273145438,19.95985532
square,vertex,ec,512,188,2.273215481,20.40074105
square,vertex,ec,512,189,2.272995361,20.67828146
square,vertex,ec,512,190,2.273345571,19.84068026
square,vertex,ec,512,191,2.273325556,19.97331954
square,vertex,ec,512,192,2.273335564,19.55203257
square,vertex,ec,512,193,2.272995361,19.52497931
square,vertex,ec,512,194,2.273045384,19.91764825
square,vertex,ec,512,195,2.273215481,20.06532313
square,vertex,ec,512,196,2.273355579,20.12606346
square,vertex,ec,512,197,2.273055389,20.27507229
square,vertex,ec,512,198,2.27265526,20.04567448
square,vertex,ec,512,199,2.273575768,19.40062717
square,vertex,ec,768,0,2.271890569,39.2511098
square,vertex,ec,768,1,2.271870536,39.50593491
square,vertex,ec,768,2,2.271860519,41.28516863
square,vertex,ec,768,3,2.271790406,41.20488459
square,vertex,ec,768,4,2.272020794,40.07938212
square,vertex,ec,768,5,2.271870536,39.87245488
square,vertex,ec,768,6,2.27204083,41.73888423
square,vertex,ec,768,7,2.271730313,41.04340288
square,vertex,ec,768,8,2.271910603,40.06892929
square,vertex,ec,768,9,2.271680238,39.70493618
square,vertex,ec,768,10,2.271960688,42.05676388
square,vertex,ec,768,11,2.271780391,40.42944849
square,vertex,ec,768,12,2.271870536,40.93698689
square,vertex,ec,768,13,2.271770375,40.79314314
square,vertex,ec,768,14,2.271910603,39.80600676
square,vertex,ec,768,15,2.272020794,41.53798617
square,vertex,ec,768,16,2.272211149,41.53511206
square,vertex,ec,768,17,2.271900586,40.07485899
square,vertex,ec,768,18,2.271900586,40.17284407
square,vertex,ec,768,19,2.271810438,39.5919525
square,vertex,ec,768,20,2.272010776,41.0131867
square,vertex,ec,768,21,2.271960688,40.16773676
square,vertex,ec,768,22,2.271840487,38.88203556
square,vertex,ec,768,23,2.271800422,42.38592057
square,vertex,ec,768,24,2.271700268,40.39410029
square,vertex,ec,768,25,2.271850503,40.35292641
square,vertex,ec,768,26,2.272090921,39.87567939
square,vertex,ec,768,27,2.271980723,40.33687862
square,vertex,ec,768,28,2.271930637,39.43677743
square,vertex,ec,768,29,2.271910603,39.13639727
square,vertex,ec,768,30,2.271750344,39.43773938
square,vertex,ec,768,31,2.271860519,39.21104079
square,vertex,ec,768,32,2.272130996,41.36923676
square,vertex,ec,768,33,2.27192062,39.93615617
square,vertex,ec,768,34,2.271880553,40.59724439
square,vertex,ec,768,35,2.271680238,39.69325959
square,vertex,ec,768,36,2.272030812,39.09624624
square,vertex,ec,768,37,2.272080903,40.14175885
square,vertex,ec,768,38,2.271960688,40.73843149
square,vertex,ec,768,39,2.271980723,39.37937649
square,vertex,ec,768,40,2.271880553,41.67168499
square,vertex,ec,768,41,2.271800422,40.45507762
square,vertex,ec,768,42,2.271840487,41.76050738
square,vertex,ec,768,43,2.271850503,41.27874261
square,vertex,ec,768,44,2.272010776,39.26557408
square,vertex,ec,768,45,2.271780391,39.57645742
square,vertex,ec,768,46,2.272120977,40.15682492
square,vertex,ec,768,47,2.271880553,41.2876448
square,vertex,ec,768,48,2.27192062,41.27079076
square,vertex,ec,768,49,2.271980723,38.83475258
square,vertex,ec,768,50,2.271960688,39.72338006
square,vertex,ec,768,51,2.271600122,40.97579358
square,vertex,ec,768,52,2.271960688,41.02318086
square,vertex,ec,768,53,2.271880553,41.23271279
square,vertex,ec,768,54,2.272060866,40.61597274
square,vertex,ec,768,55,2.272110958,41.04616422
square,vertex,ec,768,56,2.271820454,40.63732246
square,vertex,ec,768,57,2.271580094,42.36800066
square,vertex,ec,768,58,2.271990741,39.61022725
square,vertex,ec,768,59,2.271720298,39.57100026
square,vertex,ec,768,60,2.271860519,40.28165281
square,vertex,ec,768,61,2.272000758,39.19006497
square,vertex,ec,768,62,2.271880553,40.56164308
square,vertex,ec,768,63,2.271960688,40.10914804
square,vertex,ec,768,64,2.271880553,41.12154013
square,vertex,ec,768,65,2.271660208,42.05802948
square,vertex,ec,768,66,2.271590108,41.27405883
square,vertex,ec,768,67,2.271940654,41.28137313
square,vertex,ec,768,68,2.271980723,40.66504051
square,vertex,ec,768,69,2.271790406,40.27830727
square,vertex,ec,768,70,2.272221169,39.56758581
square,vertex,ec,768,71,2.272060866,39.51084858
square,vertex,ec,768,72,2.271910603,41.10420987
square,vertex,ec,768,73,2.271820454,40.25895784
square,vertex,ec,768,74,2.271840487,41.48217539
square,vertex,ec,768,75,2.271720298,41.43014375
square,vertex,ec,768,76,2.271880553,40.18459123
square,vertex,ec,768,77,2.272060866,40.47588595
square,vertex,ec,768,78,2.271760359,39.0679
square,vertex,ec,768,79,2.271910603,39.74089605
square,vertex,ec,768,80,2.271910603,39.82334482
square,vertex,ec,768,81,2.271980723,40.9533344
square,vertex,ec,768,82,2.271950671,40.83625905
square,vertex,ec,768,83,2.27192062,38.65015004
square,vertex,ec,768,84,2.271850503,40.42724491
square,vertex,ec,768,85,2.271960688,39.7669851
square,vertex,ec,768,86,2.271940654,39.75824785
square,vertex,ec,768,87,2.272030812,39.0551633
square,vertex,ec,768,88,2.271600122,39.37397179
square,vertex,ec,768,89,2.271960688,39.5515814
square,vertex,ec,768,90,2.272060866,40.35568333
square,vertex,ec,768,91,2.271960688,40.81783336
square,vertex,ec,768,92,2.272010776,40.76690267
square,vertex,ec,768,93,2.272060866,40.51596
square,vertex,ec,768,94,2.271830471,39.72592362
square,vertex,ec,768,95,2.271680238,39.70992237
square,vertex,ec,768,96,2.271690253,40.74683983
square,vertex,ec,768,97,2.272110958,38.50379062
square,vertex,ec,768,98,2.271720298,40.1196121
square,vertex,ec,768,99,2.271850503,38.07460978
square,vertex,ec,768,100,2.271730313,40.55684006
square,vertex,ec,768,101,2.271980723,39.87461862
square,vertex,ec,768,102,2.271930637,39.58387448
square,vertex,ec,768,103,2.271970706,40.91033568
square,vertex,ec,768,104,2.271900586,40.52123686
square,vertex,ec,768,105,2.271890569,39.26355139
square,vertex,ec,768,106,2.272070884,39.04611748
square,vertex,ec,768,107,2.271900586,39.49326759
square,vertex,ec,768,108,2.272050848,41.04663471
square,vertex,ec,768,109,2.272110958,38.80205884
square,vertex,ec,768,110,2.271970706,39.45914623
square,vertex,ec,768,111,2.271750344,40.38773722
square,vertex,ec,768,112,2.271870536,40.4532543
square,vertex,ec,768,113,2.271870536,40.46118374
square,vertex,ec,768,114,2.271770375,40.23920766
square,vertex,ec,768,115,2.271900586,40.74612039
square,vertex,ec,768,116,2.271840487,41.88637063
square,vertex,ec,768,117,2.27204083,39.98134373
square,vertex,ec,768,118,2.271870536,40.43264518
square,vertex,ec,768,119,2.271830471,40.42887349
square,vertex,ec,768,120,2.271820454,40.48418341
square,vertex,ec,768,121,2.271900586,43.35058281
square,vertex,ec,768,122,2.271960688,40.68113016
square,vertex,ec,768,123,2.272000758,40.11128746
square,vertex,ec,768,124,2.27192062,41.21524028
square,vertex,ec,768,125,2.271830471,41.35206473
square,vertex,ec,768,126,2.271830471,41.27123169
square,vertex,ec,768,127,2.271940654,39.32341662
square,vertex,ec,768,128,2.271810438,40.44513071
square,vertex,ec,768,129,2.271940654,39.72635881
square,vertex,ec,768,130,2.27204083,40.55469168
square,vertex,ec,768,131,2.271980723,41.73302366
square,vertex,ec,768,132,2.271910603,40.14950416
square,vertex,ec,768,133,2.271870536,38.6311547
square,vertex,ec,768,134,2.271980723,41.85259575
square,vertex,ec,768,135,2.271820454,41.12381004
square,vertex,ec,768,136,2.271700268,41.94222548
square,vertex,ec,768,137,2.271950671,41.08057907
square,vertex,ec,768,138,2.271860519,37.51806304
square,vertex,ec,768,139,2.271960688,40.14586878
square,vertex,ec,768,140,2.271780391,40.51932544
square,vertex,ec,768,141,2.272271268,40.16887887
square,vertex,ec,768,142,2.27210094,39.60344044
square,vertex,ec,768,143,2.271860519,40.49917907
square,vertex,ec,768,144,2.271860519,39.93178201
square,vertex,ec,768,145,2.271880553,40.67434882
square,vertex,ec,768,146,2.27192062,40.87125455
square,vertex,ec,768,147,2.271910603,38.04140457
square,vertex,ec,768,148,2.271940654,42.37847958
square,vertex,ec,768,149,2.271860519,39.60276776
square,vertex,ec,768,150,2.272020794,38.34752174
square,vertex,ec,768,151,2.271710283,42.13538292
square,vertex,ec,768,152,2.272080903,39.11513703
square,vertex,ec,768,153,2.271890569,40.150199
square,vertex,ec,768,154,2.271740328,40.52305063
square,vertex,ec,768,155,2.271990741,41.05445247
square,vertex,ec,768,156,2.271850503,40.85913272
square,vertex,ec,768,157,2.271970706,39.58010897
square,vertex,ec,768,158,2.271840487,40.40518012
square,vertex,ec,768,159,2.271890569,41.3824892
square,vertex,ec,768,160,2.271930637,40.02982463
square,vertex,ec,768,161,2.271800422,40.73716144
square,vertex,ec,768,162,2.271770375,39.71239814
square,vertex,ec,768,163,2.271740328,41.48356723
square,vertex,ec,768,164,2.271880553,39.94814012
square,vertex,ec,768,165,2.271880553,40.18256224
square,vertex,ec,768,166,2.271720298,39.65364344
square,vertex,ec,768,167,2.272050848,41.62543405
square,vertex,ec,768,168,2.271800422,40.22585064
square,vertex,ec,768,169,2.271860519,40.06884159
square,vertex,ec,768,170,2.271820454,43.7485173
square,vertex,ec,768,171,2.271760359,41.44417144
square,vertex,ec,768,172,2.271940654,39.09176706
square,vertex,ec,768,173,2.271980723,39.96135198
square,vertex,ec,768,174,2.271810438,41.00144366
square,vertex,ec,768,175,2.272110958,39.98470416
square,vertex,ec,768,176,2.271910603,40.38064023
square,vertex,ec,768,177,2.271800422,40.11648485
square,vertex,ec,768,178,2.271820454,40.71805376
square,vertex,ec,768,179,2.271890569,41.01914966
square,vertex,ec,768,180,2.271740328,39.50372224
square,vertex,ec,768,181,2.271720298,39.86104886
square,vertex,ec,768,182,2.271820454,40.3830026
square,vertex,ec,768,183,2.271930637,39.55393061
square,vertex,ec,768,184,2.272000758,40.25530588
square,vertex,ec,768,185,2.271930637,38.98442625
square,vertex,ec,768,186,2.271740328,40.72166931
square,vertex,ec,768,187,2.27204083,39.52951516
square,vertex,ec,768,188,2.27204083,40.40111281
square,vertex,ec,768,189,2.271950671,39.77621949
square,vertex,ec,768,190,2.271650194,39.78678442
square,vertex,ec,768,191,2.27204083,39.1863467
square,vertex,ec,768,192,2.271810438,39.01684754
square,vertex,ec,768,193,2.272020794,40.2742001
square,vertex,ec,768,194,2.271930637,42.22231713
square,vertex,ec,768,195,2.271800422,39.28397665
square,vertex,ec,768,196,2.271910603,41.27654265
square,vertex,ec,768,197,2.271910603,40.32794283
square,vertex,ec,768,198,2.271930637,39.09645339
square,vertex,ec,768,199,2.271910603,39.92473048
square,vertex,ec,1024,0,2.271089515,69.08589506
square,vertex,ec,1024,1,2.270989423,68.50043837
square,vertex,ec,1024,2,2.271089515,65.78234544
square,vertex,ec,1024,3,2.271149574,65.8441698
square,vertex,ec,1024,4,2.271049477,68.67829168
square,vertex,ec,1024,5,2.271209637,66.51538997
square,vertex,ec,1024,6,2.271259692,67.92287264
square,vertex,ec,1024,7,2.271139564,66.11805183
square,vertex,ec,1024,8,2.271069496,70.32792712
square,vertex,ec,1024,9,2.271169595,67.99244972
square,vertex,ec,1024,10,2.271299737,68.43772038
square,vertex,ec,1024,11,2.271109534,69.763603
square,vertex,ec,1024,12,2.271419881,67.02244067
square,vertex,ec,1024,13,2.271019449,66.71450884
square,vertex,ec,1024,14,2.271169595,68.9686648
square,vertex,ec,1024,15,2.271129554,66.57649795
square,vertex,ec,1024,16,2.271269703,62.90317918
square,vertex,ec,1024,17,2.271149574,66.9065289
square,vertex,ec,1024,18,2.271069496,66.82294781
square,vertex,ec,1024,19,2.271179605,65.53035263
square,vertex,ec,1024,20,2.270999431,66.64253312
square,vertex,ec,1024,21,2.27124968,63.36409976
square,vertex,ec,1024,22,2.27131976,67.74610071
square,vertex,ec,1024,23,2.271179605,66.97935349
square,vertex,ec,1024,24,2.271299737,68.1620067
square,vertex,ec,1024,25,2.271219648,66.14290645
square,vertex,ec,1024,26,2.271079505,66.84390814
square,vertex,ec,1024,27,2.271139564,68.75008233
square,vertex,ec,1024,28,2.271179605,66.44873997
square,vertex,ec,1024,29,2.271069496,66.659077
square,vertex,ec,1024,30,2.271229658,66.55287217
square,vertex,ec,1024,31,2.271169595,68.81365616
square,vertex,ec,1024,32,2.271049477,69.10178871
square,vertex,ec,1024,33,2.270999431,65.42109512
square,vertex,ec,1024,34,2.271099524,68.05218304
square,vertex,ec,1024,35,2.271189616,66.84203795
square,vertex,ec,1024,36,2.270969405,67.10410755
square,vertex,ec,1024,37,2.271269703,65.45408632
square,vertex,ec,1024,38,2.271109534,65.1120982
square,vertex,ec,1024,39,2.271169595,66.73496278
square,vertex,ec,1024,40,2.271059486,67.73879423
square,vertex,ec,1024,41,2.271019449,67.12689355
square,vertex,ec,1024,42,2.271019449,69.58398065
square,vertex,ec,1024,43,2.271109534,68.0891377
square,vertex,ec,1024,44,2.271239669,69.16114523
square,vertex,ec,1024,45,2.271610136,65.65210752
square,vertex,ec,1024,46,2.271129554,68.03507115
square,vertex,ec,1024,47,2.271039468,66.52514517
square,vertex,ec,1024,48,2.271149574,69.3204832
square,vertex,ec,1024,49,2.271069496,65.81702505
square,vertex,ec,1024,50,2.271409869,64.10011226
square,vertex,ec,1024,51,2.271079505,66.29264743
square,vertex,ec,1024,52,2.271229658,66.764375
square,vertex,ec,1024,53,2.271229658,66.87839553
square,vertex,ec,1024,54,2.271169595,67.50896342
square,vertex,ec,1024,55,2.27136982,70.4216125
square,vertex,ec,1024,56,2.271209637,68.86453481
square,vertex,ec,1024,57,2.271179605,68.91433221
square,vertex,ec,1024,58,2.271159584,68.87608075
square,vertex,ec,1024,59,2.271239669,68.83689614
square,vertex,ec,1024,60,2.271049477,69.46479251
square,vertex,ec,1024,61,2.271139564,67.24162756
square,vertex,ec,1024,62,2.271039468,64.72938757
square,vertex,ec,1024,63,2.271359807,66.77794616
square,vertex,ec,1024,64,2.271159584,66.41290492
square,vertex,ec,1024,65,2.271019449,64.09071753
square,vertex,ec,1024,66,2.271149574,68.91540557
square,vertex,ec,1024,67,2.271329772,66.28967478
square,vertex,ec,1024,68,2.270969405,68.67846764
square,vertex,ec,1024,69,2.271359807,63.96829694
square,vertex,ec,1024,70,2.271159584,66.63086424
square,vertex,ec,1024,71,2.270909355,67.12362097
square,vertex,ec,1024,72,2.271119544,68.44443099
square,vertex,ec,1024,73,2.270979414,69.20776209
square,vertex,ec,1024,74,2.271159584,67.12536832
square,vertex,ec,1024,75,2.271149574,70.14312149
square,vertex,ec,1024,76,2.271089515,70.20214401
square,vertex,ec,1024,77,2.271109534,70.95941609
square,vertex,ec,1024,78,2.271099524,67.49768144
square,vertex,ec,1024,79,2.271119544,66.99259372
square,vertex,ec,1024,80,2.271169595,64.73680716
square,vertex,ec,1024,81,2.270799272,69.2967997
square,vertex,ec,1024,82,2.271109534,68.18697662
square,vertex,ec,1024,83,2.271059486,68.07083868
square,vertex,ec,1024,84,2.271189616,66.19379273
square,vertex,ec,1024,85,2.271159584,67.39690878
square,vertex,ec,1024,86,2.271239669,67.76693548
square,vertex,ec,1024,87,2.271229658,67.64820368
square,vertex,ec,1024,88,2.270999431,65.65371451
square,vertex,ec,1024,89,2.271059486,64.70189209
square,vertex,ec,1024,90,2.271039468,69.7559209
square,vertex,ec,1024,91,2.270889339,67.29026376
square,vertex,ec,1024,92,2.271069496,66.56025065
square,vertex,ec,1024,93,2.27124968,63.95377896
square,vertex,ec,1024,94,2.271019449,65.74263059
square,vertex,ec,1024,95,2.271189616,66.59190467
square,vertex,ec,1024,96,2.271209637,69.35402119
square,vertex,ec,1024,97,2.271169595,64.42201768
square,vertex,ec,1024,98,2.271159584,67.5994373
square,vertex,ec,1024,99,2.271099524,64.07147889
square,vertex,ec,1024,100,2.270929372,65.78753745
square,vertex,ec,1024,101,2.271349795,68.63065832
square,vertex,ec,1024,102,2.271129554,66.68796984
square,vertex,ec,1024,103,2.271139564,65.96001011
square,vertex,ec,1024,104,2.271189616,65.94551474
square,vertex,ec,1024,105,2.271199626,68.12419354
square,vertex,ec,1024,106,2.271159584,66.31595757
square,vertex,ec,1024,107,2.271159584,68.67402
square,vertex,ec,1024,108,2.27100944,67.35522773
square,vertex,ec,1024,109,2.271149574,68.29380314
square,vertex,ec,1024,110,2.271049477,66.16179239
square,vertex,ec,1024,111,2.271560066,63.69800591
square,vertex,ec,1024,112,2.270839301,67.39478933
square,vertex,ec,1024,113,2.271129554,65.56321265
square,vertex,ec,1024,114,2.271379832,66.28273029
square,vertex,ec,1024,115,2.270949388,68.66483666
square,vertex,ec,1024,116,2.271059486,67.29537057
square,vertex,ec,1024,117,2.270979414,67.45149514
square,vertex,ec,1024,118,2.271389844,67.67393779
square,vertex,ec,1024,119,2.270989423,69.00880943
square,vertex,ec,1024,120,2.270929372,69.16324503
square,vertex,ec,1024,121,2.270979414,66.24155031
square,vertex,ec,1024,122,2.271269703,65.62147904
square,vertex,ec,1024,123,2.271289725,65.8596613
square,vertex,ec,1024,124,2.271189616,66.59279284
square,vertex,ec,1024,125,2.271069496,69.16733815
square,vertex,ec,1024,126,2.270979414,65.25550566
square,vertex,ec,1024,127,2.271169595,67.67423117
square,vertex,ec,1024,128,2.271049477,67.67420321
square,vertex,ec,1024,129,2.271189616,65.12684012
square,vertex,ec,1024,130,2.271259692,65.26417169
square,vertex,ec,1024,131,2.271169595,67.2657305
square,vertex,ec,1024,132,2.271379832,68.35639602
square,vertex,ec,1024,133,2.270979414,64.22366632
square,vertex,ec,1024,134,2.271379832,65.54565828
square,vertex,ec,1024,135,2.271079505,66.75092416
square,vertex,ec,1024,136,2.271029458,67.65131705
square,vertex,ec,1024,137,2.271229658,64.81898886
square,vertex,ec,1024,138,2.271129554,66.83977501
square,vertex,ec,1024,139,2.271409869,68.52981728
square,vertex,ec,1024,140,2.270949388,65.65772231
square,vertex,ec,1024,141,2.271259692,65.93973531
square,vertex,ec,1024,142,2.271309748,67.6574846
square,vertex,ec,1024,143,2.271059486,69.15293297
square,vertex,ec,1024,144,2.271229658,68.54337299
square,vertex,ec,1024,145,2.271299737,67.01612192
square,vertex,ec,1024,146,2.271079505,67.95854784
square,vertex,ec,1024,147,2.271269703,64.61185103
square,vertex,ec,1024,148,2.271279714,66.65537013
square,vertex,ec,1024,149,2.271279714,66.70948825
square,vertex,ec,1024,150,2.271269703,68.24910648
square,vertex,ec,1024,151,2.271329772,67.15464112
square,vertex,ec,1024,152,2.271279714,64.06057066
square,vertex,ec,1024,153,2.271059486,67.96490574
square,vertex,ec,1024,154,2.271259692,67.33301416
square,vertex,ec,1024,155,2.271089515,67.36958746
square,vertex,ec,1024,156,2.271169595,66.92050221
square,vertex,ec,1024,157,2.271069496,65.85254954
square,vertex,ec,1024,158,2.271069496,64.47557887
square,vertex,ec,1024,159,2.271209637,65.09060031
square,vertex,ec,1024,160,2.271269703,66.033585
square,vertex,ec,1024,161,2.271199626,66.15567517
square,vertex,ec,1024,162,2.271329772,66.83187037
square,vertex,ec,1024,163,2.271019449,67.28283545
square,vertex,ec,1024,164,2.271109534,67.12619141
square,vertex,ec,1024,165,2.271189616,68.12016122
square,vertex,ec,1024,166,2.271359807,65.10223103
square,vertex,ec,1024,167,2.271239669,69.58434632
square,vertex,ec,1024,168,2.271199626,66.06653932
square,vertex,ec,1024,169,2.271239669,64.9401515
square,vertex,ec,1024,170,2.271259692,65.47689898
square,vertex,ec,1024,171,2.27124968,66.39203762
square,vertex,ec,1024,172,2.271089515,65.16182824
square,vertex,ec,1024,173,2.271209637,65.92731444
square,vertex,ec,1024,174,2.270959397,67.66089451
square,vertex,ec,1024,175,2.271219648,66.81503466
square,vertex,ec,1024,176,2.271179605,65.88336716
square,vertex,ec,1024,177,2.271039468,69.5800152
square,vertex,ec,1024,178,2.271199626,64.15002034
square,vertex,ec,1024,179,2.271289725,68.48163979
square,vertex,ec,1024,180,2.271359807,65.27280788
square,vertex,ec,1024,181,2.271189616,65.78917839
square,vertex,ec,1024,182,2.271219648,68.11242375
square,vertex,ec,1024,183,2.271019449,66.65390561
square,vertex,ec,1024,184,2.271239669,68.53718285
square,vertex,ec,1024,185,2.27136982,65.77259303
square,vertex,ec,1024,186,2.271289725,65.71237155
square,vertex,ec,1024,187,2.271379832,65.77896101
square,vertex,ec,1024,188,2.270859316,69.83635031
square,vertex,ec,1024,189,2.271149574,64.92622414
square,vertex,ec,1024,190,2.271259692,67.64395711
square,vertex,ec,1024,191,2.271399856,66.36647
square,vertex,ec,1024,192,2.271209637,68.72812582
square,vertex,ec,1024,193,2.271269703,65.28631897
square,vertex,ec,1024,194,2.271199626,68.39655446
square,vertex,ec,1024,195,2.271309748,65.88428726
square,vertex,ec,1024,196,2.271209637,71.52558225
square,vertex,ec,1024,197,2.271059486,65.68855665
square,vertex,ec,1024,198,2.270959397,70.30614145
square,vertex,ec,1024,199,2.271139564,70.27702913
square,vertex,ec,1536,0,2.270199005,137.0166807
square,vertex,ec,1536,1,2.270439074,134.2237179
square,vertex,ec,1536,2,2.270529113,134.1035991
square,vertex,ec,1536,3,2.270679193,132.0531655
square,vertex,ec,1536,4,2.270439074,128.4098099
square,vertex,ec,1536,5,2.270279022,129.3742152
square,vertex,ec,1536,6,2.270469086,135.0227037
square,vertex,ec,1536,7,2.270439074,127.4670835
square,vertex,ec,1536,8,2.27047909,133.0609273
square,vertex,ec,1536,9,2.270459082,132.9613832
square,vertex,ec,1536,10,2.27030903,127.3383108
square,vertex,ec,1536,11,2.270499099,129.1337656
square,vertex,ec,1536,12,2.270349042,123.5152594
square,vertex,ec,1536,13,2.270469086,132.7350475
square,vertex,ec,1536,14,2.270519108,132.9323221
square,vertex,ec,1536,15,2.270439074,126.7708242
square,vertex,ec,1536,16,2.270509103,136.2158507
square,vertex,ec,1536,17,2.270699205,129.6740107
square,vertex,ec,1536,18,2.270419066,132.423855
square,vertex,ec,1536,19,2.270559127,123.6759427
square,vertex,ec,1536,20,2.270449078,131.7166855
square,vertex,ec,1536,21,2.270229011,126.7365723
square,vertex,ec,1536,22,2.270319033,123.6257698
square,vertex,ec,1536,23,2.270719218,121.952322
square,vertex,ec,1536,24,2.27042907,125.707971
square,vertex,ec,1536,25,2.270619159,129.6235957
square,vertex,ec,1536,26,2.270439074,130.5631033
square,vertex,ec,1536,27,2.270229011,131.1504803
square,vertex,ec,1536,28,2.270719218,124.8553286
square,vertex,ec,1536,29,2.270138996,132.2854698
square,vertex,ec,1536,30,2.270259018,133.8676734
square,vertex,ec,1536,31,2.270679193,127.4928572
square,vertex,ec,1536,32,2.270299028,125.8942411
square,vertex,ec,1536,33,2.270489095,129.1734811
square,vertex,ec,1536,34,2.270589143,132.5729917
square,vertex,ec,1536,35,2.270519108,131.0578701
square,vertex,ec,1536,36,2.270509103,132.6162043
square,vertex,ec,1536,37,2.270469086,129.4774117
square,vertex,ec,1536,38,2.270519108,134.7206182
square,vertex,ec,1536,39,2.27047909,132.8881175
square,vertex,ec,1536,40,2.270599148,126.5520144
square,vertex,ec,1536,41,2.270539117,133.0927449
square,vertex,ec,1536,42,2.270439074,130.3946412
square,vertex,ec,1536,43,2.27030903,132.3495429
square,vertex,ec,1536,44,2.270489095,130.099129
square,vertex,ec,1536,45,2.270559127,123.7408546
square,vertex,ec,1536,46,2.270299028,130.8190245
square,vertex,ec,1536,47,2.270118994,133.3435305
square,vertex,ec,1536,48,2.270289025,129.0429829
square,vertex,ec,1536,49,2.270679193,123.9665651
square,vertex,ec,1536,50,2.270439074,131.5244843
square,vertex,ec,1536,51,2.270649176,124.2704736
square,vertex,ec,1536,52,2.270409062,134.508745
square,vertex,ec,1536,53,2.27042907,129.0111743
square,vertex,ec,1536,54,2.270249015,124.6471511
square,vertex,ec,1536,55,2.270559127,129.1205763
square,vertex,ec,1536,56,2.27047909,132.7168911
square,vertex,ec,1536,57,2.270419066,127.503632
square,vertex,ec,1536,58,2.270299028,126.4781436
square,vertex,ec,1536,59,2.270569132,129.5095622
square,vertex,ec,1536,60,2.270369049,132.1063168
square,vertex,ec,1536,61,2.270499099,131.1531994
square,vertex,ec,1536,62,2.270659181,133.1196805
square,vertex,ec,1536,63,2.270489095,127.142878
square,vertex,ec,1536,64,2.270589143,134.9611269
square,vertex,ec,1536,65,2.270529113,134.6624241
square,vertex,ec,1536,66,2.270339039,140.5389726
square,vertex,ec,1536,67,2.270499099,126.7997198
square,vertex,ec,1536,68,2.270519108,127.490285
square,vertex,ec,1536,69,2.270409062,125.8138119
square,vertex,ec,1536,70,2.270359045,128.0679263
square,vertex,ec,1536,71,2.270279022,131.690387
square,vertex,ec,1536,72,2.270299028,136.1463674
square,vertex,ec,1536,73,2.270689199,132.0829725
square,vertex,ec,1536,74,2.270859316,124.0448821
square,vertex,ec,1536,75,2.270419066,135.2662859
square,vertex,ec,1536,76,2.27042907,131.9402701
square,vertex,ec,1536,77,2.27047909,133.6499857
square,vertex,ec,1536,78,2.270409062,128.8779691
square,vertex,ec,1536,79,2.270509103,135.1871838
square,vertex,ec,1536,80,2.270469086,135.1225069
square,vertex,ec,1536,81,2.270199005,134.7648359
square,vertex,ec,1536,82,2.270419066,125.9136625
square,vertex,ec,1536,83,2.270549122,129.6145174
square,vertex,ec,1536,84,2.270289025,134.1730279
square,vertex,ec,1536,85,2.270489095,127.334286
square,vertex,ec,1536,86,2.270399059,129.7808161
square,vertex,ec,1536,87,2.270559127,132.9002491
square,vertex,ec,1536,88,2.270259018,137.836145
square,vertex,ec,1536,89,2.270499099,137.4423872
square,vertex,ec,1536,90,2.270329036,129.97666
square,vertex,ec,1536,91,2.270359045,131.9589288
square,vertex,ec,1536,92,2.270349042,135.0005968
square,vertex,ec,1536,93,2.270239013,134.655234
square,vertex,ec,1536,94,2.270509103,125.5114835
square,vertex,ec,1536,95,2.270319033,124.2290139
square,vertex,ec,1536,96,2.270519108,129.1571623
square,vertex,ec,1536,97,2.270359045,139.8072791
square,vertex,ec,1536,98,2.270509103,131.593004
square,vertex,ec,1536,99,2.270289025,135.0504276
square,vertex,ec,1536,100,2.270809279,130.3063108
square,vertex,ec,1536,101,2.270529113,130.0176307
square,vertex,ec,1536,102,2.27042907,133.4374513
square,vertex,ec,1536,103,2.270739231,127.8162913
square,vertex,ec,1536,104,2.270509103,123.8575037
square,vertex,ec,1536,105,2.270319033,135.0903675
square,vertex,ec,1536,106,2.270539117,139.1696739
square,vertex,ec,1536,107,2.270349042,132.8563983
square,vertex,ec,1536,108,2.27047909,133.2613622
square,vertex,ec,1536,109,2.270259018,136.9152631
square,vertex,ec,1536,110,2.270399059,131.1173429
square,vertex,ec,1536,111,2.270459082,131.5645603
square,vertex,ec,1536,112,2.270379052,136.6172648
square,vertex,ec,1536,113,2.270469086,127.0990546
square,vertex,ec,1536,114,2.270579137,128.1453385
square,vertex,ec,1536,115,2.270499099,133.8808019
square,vertex,ec,1536,116,2.270599148,128.7727642
square,vertex,ec,1536,117,2.270439074,124.369354
square,vertex,ec,1536,118,2.270599148,134.9025461
square,vertex,ec,1536,119,2.27030903,136.8226466
square,vertex,ec,1536,120,2.270339039,132.8200766
square,vertex,ec,1536,121,2.27030903,137.5624597
square,vertex,ec,1536,122,2.270589143,128.4284029
square,vertex,ec,1536,123,2.270549122,126.5555169
square,vertex,ec,1536,124,2.270499099,126.3046277
square,vertex,ec,1536,125,2.270419066,129.5953362
square,vertex,ec,1536,126,2.270509103,126.3066311
square,vertex,ec,1536,127,2.270449078,131.70747
square,vertex,ec,1536,128,2.270289025,129.8079607
square,vertex,ec,1536,129,2.270399059,136.60911
square,vertex,ec,1536,130,2.270419066,137.4714908
square,vertex,ec,1536,131,2.270489095,126.2619423
square,vertex,ec,1536,132,2.270619159,130.1506417
square,vertex,ec,1536,133,2.270229011,127.1818058
square,vertex,ec,1536,134,2.270629164,128.9263529
square,vertex,ec,1536,135,2.270649176,129.2168129
square,vertex,ec,1536,136,2.270409062,136.345257
square,vertex,ec,1536,137,2.270339039,131.2673877
square,vertex,ec,1536,138,2.270739231,128.7777282
square,vertex,ec,1536,139,2.270409062,131.6020101
square,vertex,ec,1536,140,2.270669187,127.7929504
square,vertex,ec,1536,141,2.270399059,136.1807052
square,vertex,ec,1536,142,2.270379052,129.9628954
square,vertex,ec,1536,143,2.270559127,132.7515287
square,vertex,ec,1536,144,2.27026902,129.4085186
square,vertex,ec,1536,145,2.270389055,132.5093804
square,vertex,ec,1536,146,2.270569132,134.761858
square,vertex,ec,1536,147,2.270539117,125.6579617
square,vertex,ec,1536,148,2.270369049,127.0748243
square,vertex,ec,1536,149,2.270679193,125.0274252
square,vertex,ec,1536,150,2.270389055,132.5317631
square,vertex,ec,1536,151,2.270449078,128.9512767
square,vertex,ec,1536,152,2.270259018,132.1656091
square,vertex,ec,1536,153,2.270489095,129.4260007
square,vertex,ec,1536,154,2.270319033,125.0615505
square,vertex,ec,1536,155,2.270539117,124.6159762
square,vertex,ec,1536,156,2.270369049,128.3919399
square,vertex,ec,1536,157,2.270489095,123.5436713
square,vertex,ec,1536,158,2.270459082,126.8538881
square,vertex,ec,1536,159,2.270349042,138.4947375
square,vertex,ec,1536,160,2.270319033,135.7145281
square,vertex,ec,1536,161,2.270489095,123.9651284
square,vertex,ec,1536,162,2.270449078,140.3394206
square,vertex,ec,1536,163,2.270619159,124.7792633
square,vertex,ec,1536,164,2.270489095,130.7224683
square,vertex,ec,1536,165,2.270339039,131.6919008
square,vertex,ec,1536,166,2.270399059,129.7290959
square,vertex,ec,1536,167,2.270569132,130.5179194
square,vertex,ec,1536,168,2.270509103,138.1297856
square,vertex,ec,1536,169,2.270559127,135.093983
square,vertex,ec,1536,170,2.270359045,126.3410208
square,vertex,ec,1536,171,2.270399059,136.4458733
square,vertex,ec,1536,172,2.270349042,134.6430545
square,vertex,ec,1536,173,2.27047909,119.2774554
square,vertex,ec,1536,174,2.270549122,123.6404755
square,vertex,ec,1536,175,2.270409062,126.6833681
square,vertex,ec,1536,176,2.270359045,132.3808362
square,vertex,ec,1536,177,2.270649176,128.3767326
square,vertex,ec,1536,178,2.270289025,132.8115639
square,vertex,ec,1536,179,2.270409062,134.6449686
square,vertex,ec,1536,180,2.270189003,133.3455078
square,vertex,ec,1536,181,2.270729225,131.871301
square,vertex,ec,1536,182,2.270409062,131.1990604
square,vertex,ec,1536,183,2.270449078,130.7198426
square,vertex,ec,1536,184,2.270709212,126.2662441
square,vertex,ec,1536,185,2.270539117,129.9756972
square,vertex,ec,1536,186,2.270469086,130.9001983
square,vertex,ec,1536,187,2.270289025,127.3212736
square,vertex,ec,1536,188,2.270409062,127.4003257
square,vertex,ec,1536,189,2.270299028,129.152731
square,vertex,ec,1536,190,2.270319033,130.9445782
square,vertex,ec,1536,191,2.270459082,129.7447326
square,vertex,ec,1536,192,2.270369049,133.3551127
square,vertex,ec,1536,193,2.270439074,132.4253912
square,vertex,ec,1536,194,2.270619159,124.427358
square,vertex,ec,1536,195,2.270259018,135.1828819
square,vertex,ec,1536,196,2.270279022,130.8368605
square,vertex,ec,1536,197,2.270369049,131.882851
square,vertex,ec,1536,198,2.270329036,133.4401942
square,vertex,ec,1536,199,2.270319033,133.041644
square,vertex,ec,2048,0,2.269996473,217.3994062
square,vertex,ec,2048,1,2.269936421,218.4220484
square,vertex,ec,2048,2,2.270146615,213.0029209
square,vertex,ec,2048,3,2.269996473,221.0861274
square,vertex,ec,2048,4,2.270006482,212.1204968
square,vertex,ec,2048,5,2.270386883,210.9949577
square,vertex,ec,2048,6,2.270026499,206.8640508
square,vertex,ec,2048,7,2.270126595,218.5627513
square,vertex,ec,2048,8,2.269956438,221.2944753
square,vertex,ec,2048,9,2.269966447,226.2289187
square,vertex,ec,2048,10,2.270066536,219.4540719
square,vertex,ec,2048,11,2.270066536,214.7793663
square,vertex,ec,2048,12,2.270106575,217.5319877
square,vertex,ec,2048,13,2.269966447,226.6881087
square,vertex,ec,2048,14,2.270266743,207.4994395
square,vertex,ec,2048,15,2.269886381,228.8409351
square,vertex,ec,2048,16,2.270026499,214.2053643
square,vertex,ec,2048,17,2.270076546,211.94904
square,vertex,ec,2048,18,2.270076546,225.1437932
square,vertex,ec,2048,19,2.269986464,222.2176766
square,vertex,ec,2048,20,2.269976455,204.9571535
square,vertex,ec,2048,21,2.270036509,218.3394166
square,vertex,ec,2048,22,2.270046518,210.5441841
square,vertex,ec,2048,23,2.270066536,201.7542903
square,vertex,ec,2048,24,2.26994643,225.5925534
square,vertex,ec,2048,25,2.269896389,220.6761399
square,vertex,ec,2048,26,2.270026499,212.0202202
square,vertex,ec,2048,27,2.270036509,222.0792235
square,vertex,ec,2048,28,2.269906397,233.7958666
square,vertex,ec,2048,29,2.270076546,222.2525666
square,vertex,ec,2048,30,2.270006482,219.3850157
square,vertex,ec,2048,31,2.269916405,226.9155855
square,vertex,ec,2048,32,2.270126595,207.8813231
square,vertex,ec,2048,33,2.269916405,213.971242
square,vertex,ec,2048,34,2.269916405,214.4551327
square,vertex,ec,2048,35,2.270176645,213.6045271
square,vertex,ec,2048,36,2.270106575,211.3205259
square,vertex,ec,2048,37,2.270086555,210.6648168
square,vertex,ec,2048,38,2.27001649,212.4285143
square,vertex,ec,2048,39,2.269876373,222.8143166
square,vertex,ec,2048,40,2.269986464,231.2855163
square,vertex,ec,2048,41,2.269876373,206.0377303
square,vertex,ec,2048,42,2.269936421,238.0183991
square,vertex,ec,2048,43,2.270196666,214.3287503
square,vertex,ec,2048,44,2.270066536,221.1513971
square,vertex,ec,2048,45,2.269986464,212.8557454
square,vertex,ec,2048,46,2.269996473,212.5206406
square,vertex,ec,2048,47,2.269966447,222.1534523
square,vertex,ec,2048,48,2.270026499,227.8342254
square,vertex,ec,2048,49,2.269886381,206.0297904
square,vertex,ec,2048,50,2.269916405,224.1622072
square,vertex,ec,2048,51,2.270116585,209.2724846
square,vertex,ec,2048,52,2.270046518,213.2057926
square,vertex,ec,2048,53,2.269926413,211.789039
square,vertex,ec,2048,54,2.269976455,212.9616736
square,vertex,ec,2048,55,2.270006482,225.336467
square,vertex,ec,2048,56,2.270096565,217.5495313
square,vertex,ec,2048,57,2.269906397,218.9386315
square,vertex,ec,2048,58,2.269956438,235.1762126
square,vertex,ec,2048,59,2.270026499,231.1092829
square,vertex,ec,2048,60,2.269836343,224.5795313
square,vertex,ec,2048,61,2.270096565,234.1962183
square,vertex,ec,2048,62,2.269976455,223.0833257
square,vertex,ec,2048,63,2.270056527,219.7628696
square,vertex,ec,2048,64,2.269816329,212.9708175
square,vertex,ec,2048,65,2.269926413,222.9708173
square,vertex,ec,2048,66,2.269996473,213.3065602
square,vertex,ec,2048,67,2.27001649,209.1134243
square,vertex,ec,2048,68,2.270096565,217.2142223
square,vertex,ec,2048,69,2.270166635,211.7990461
square,vertex,ec,2048,70,2.269986464,220.8203281
square,vertex,ec,2048,71,2.270226698,222.8053995
square,vertex,ec,2048,72,2.269956438,220.6120159
square,vertex,ec,2048,73,2.270076546,209.0024697
square,vertex,ec,2048,74,2.269846351,236.7377087
square,vertex,ec,2048,75,2.270036509,206.4170208
square,vertex,ec,2048,76,2.269856358,212.8589418
square,vertex,ec,2048,77,2.269906397,223.4125626
square,vertex,ec,2048,78,2.26994643,223.5942049
square,vertex,ec,2048,79,2.270236709,208.6748788
square,vertex,ec,2048,80,2.269986464,223.8109782
square,vertex,ec,2048,81,2.269996473,222.5804933
square,vertex,ec,2048,82,2.270226698,212.5096102
square,vertex,ec,2048,83,2.270006482,218.8741926
square,vertex,ec,2048,84,2.270026499,219.4981607
square,vertex,ec,2048,85,2.270026499,220.0025787
square,vertex,ec,2048,86,2.270006482,242.8496381
square,vertex,ec,2048,87,2.26994643,226.8175367
square,vertex,ec,2048,88,2.270066536,213.5656112
square,vertex,ec,2048,89,2.269896389,219.2648676
square,vertex,ec,2048,90,2.27001649,226.6031816
square,vertex,ec,2048,91,2.269996473,214.6531371
square,vertex,ec,2048,92,2.269866366,229.1415187
square,vertex,ec,2048,93,2.270056527,219.7137441
square,vertex,ec,2048,94,2.270086555,222.6663132
square,vertex,ec,2048,95,2.270076546,212.0840856
square,vertex,ec,2048,96,2.270156625,220.1624833
square,vertex,ec,2048,97,2.270056527,219.7777002
square,vertex,ec,2048,98,2.270256731,215.1503126
square,vertex,ec,2048,99,2.269996473,215.6286814
square,vertex,ec,2048,100,2.269906397,204.3267395
square,vertex,ec,2048,101,2.269976455,227.7071678
square,vertex,ec,2048,102,2.26994643,232.9736576
square,vertex,ec,2048,103,2.270106575,213.9234715
square,vertex,ec,2048,104,2.270156625,221.6661101
square,vertex,ec,2048,105,2.269976455,225.2182127
square,vertex,ec,2048,106,2.269966447,216.1875072
square,vertex,ec,2048,107,2.269896389,210.4161449
square,vertex,ec,2048,108,2.270056527,215.7927119
square,vertex,ec,2048,109,2.269906397,232.5379639
square,vertex,ec,2048,110,2.269996473,211.4978392
square,vertex,ec,2048,111,2.269976455,220.4950505
square,vertex,ec,2048,112,2.270066536,229.1631742
square,vertex,ec,2048,113,2.270076546,219.3705875
square,vertex,ec,2048,114,2.270106575,220.9812563
square,vertex,ec,2048,115,2.269996473,223.4428654
square,vertex,ec,2048,116,2.270096565,219.8830532
square,vertex,ec,2048,117,2.270126595,213.314779
square,vertex,ec,2048,118,2.270106575,213.2825801
square,vertex,ec,2048,119,2.26994643,218.4294851
square,vertex,ec,2048,120,2.270006482,234.8442523
square,vertex,ec,2048,121,2.269936421,226.4565325
square,vertex,ec,2048,122,2.270006482,222.4462077
square,vertex,ec,2048,123,2.270106575,216.0355191
square,vertex,ec,2048,124,2.269956438,223.8276625
square,vertex,ec,2048,125,2.269766294,219.5291877
square,vertex,ec,2048,126,2.269856358,210.6557579
square,vertex,ec,2048,127,2.270026499,225.9937913
square,vertex,ec,2048,128,2.270026499,227.6406849
square,vertex,ec,2048,129,2.269956438,229.5956174
square,vertex,ec,2048,130,2.270036509,219.2239888
square,vertex,ec,2048,131,2.269976455,222.5073272
square,vertex,ec,2048,132,2.269966447,227.3402469
square,vertex,ec,2048,133,2.27001649,226.7725511
square,vertex,ec,2048,134,2.270006482,213.3590423
square,vertex,ec,2048,135,2.270406908,207.2312972
square,vertex,ec,2048,136,2.270076546,211.1645016
square,vertex,ec,2048,137,2.270076546,214.1114489
square,vertex,ec,2048,138,2.270046518,196.3682108
square,vertex,ec,2048,139,2.27001649,247.0440474
square,vertex,ec,2048,140,2.27001649,221.3595757
square,vertex,ec,2048,141,2.269876373,222.0508792
square,vertex,ec,2048,142,2.270006482,238.7985156
square,vertex,ec,2048,143,2.270036509,230.3698078
square,vertex,ec,2048,144,2.270046518,223.7673749
square,vertex,ec,2048,145,2.269906397,225.3307627
square,vertex,ec,2048,146,2.270076546,206.6214993
square,vertex,ec,2048,147,2.270096565,220.761007
square,vertex,ec,2048,148,2.269916405,217.6368101
square,vertex,ec,2048,149,2.270056527,218.797225
square,vertex,ec,2048,150,2.270006482,229.8317202
square,vertex,ec,2048,151,2.270126595,231.5459227
square,vertex,ec,2048,152,2.269976455,209.8996037
square,vertex,ec,2048,153,2.269966447,220.6094539
square,vertex,ec,2048,154,2.269846351,210.6763028
square,vertex,ec,2048,155,2.270036509,233.3761001
square,vertex,ec,2048,156,2.269926413,228.7871476
square,vertex,ec,2048,157,2.269936421,209.5174128
square,vertex,ec,2048,158,2.269976455,204.3412795
square,vertex,ec,2048,159,2.269976455,221.3077706
square,vertex,ec,2048,160,2.27001649,216.0704241
square,vertex,ec,2048,161,2.270026499,220.5954427
square,vertex,ec,2048,162,2.269866366,238.1727376
square,vertex,ec,2048,163,2.270006482,219.1130978
square,vertex,ec,2048,164,2.27001649,221.2583069
square,vertex,ec,2048,165,2.269836343,215.4857678
square,vertex,ec,2048,166,2.270006482,225.3906642
square,vertex,ec,2048,167,2.270266743,217.0296357
square,vertex,ec,2048,168,2.270036509,213.7134853
square,vertex,ec,2048,169,2.270076546,211.8956772
square,vertex,ec,2048,170,2.269936421,224.9609459
square,vertex,ec,2048,171,2.269996473,222.9239577
square,vertex,ec,2048,172,2.269886381,224.5903197
square,vertex,ec,2048,173,2.270036509,213.5033889
square,vertex,ec,2048,174,2.269936421,220.5822078
square,vertex,ec,2048,175,2.269996473,227.747196
square,vertex,ec,2048,176,2.270046518,225.492692
square,vertex,ec,2048,177,2.270066536,219.1700593
square,vertex,ec,2048,178,2.270046518,221.2784326
square,vertex,ec,2048,179,2.269906397,220.6627635
square,vertex,ec,2048,180,2.269916405,218.8054455
square,vertex,ec,2048,181,2.270186656,223.4610648
square,vertex,ec,2048,182,2.270126595,220.8811781
square,vertex,ec,2048,183,2.269976455,213.3149644
square,vertex,ec,2048,184,2.269816329,220.9787681
square,vertex,ec,2048,185,2.269956438,209.9897883
square,vertex,ec,2048,186,2.270056527,228.5600785
square,vertex,ec,2048,187,2.269986464,202.5212323
square,vertex,ec,2048,188,2.270226698,219.5506293
square,vertex,ec,2048,189,2.26994643,219.619841
square,vertex,ec,2048,190,2.270066536,233.8494629
square,vertex,ec,2048,191,2.270026499,223.1747074
square,vertex,ec,2048,192,2.269886381,212.464453
square,vertex,ec,2048,193,2.270196666,205.1066507
square,vertex,ec,2048,194,2.269916405,223.8096085
square,vertex,ec,2048,195,2.269976455,219.8270469
square,vertex,ec,2048,196,2.270146615,205.6270794
square,vertex,ec,2048,197,2.27001649,222.3871296
square,vertex,ec,2048,198,2.27001649,236.2226063
square,vertex,ec,2048,199,2.270086555,203.8555441
square,vertex,ec,3072,0,2.269898594,436.2414578
square,vertex,ec,3072,1,2.269998677,455.474465
square,vertex,ec,3072,2,2.269878578,465.2429594
square,vertex,ec,3072,3,2.26991861,449.5323161
square,vertex,ec,3072,4,2.269988668,421.4154189
square,vertex,ec,3072,5,2.269698453,440.6822786
square,vertex,ec,3072,6,2.269808526,459.4116072
square,vertex,ec,3072,7,2.269898594,472.8014652
square,vertex,ec,3072,8,2.269878578,440.5313839
square,vertex,ec,3072,9,2.269958643,440.9536804
square,vertex,ec,3072,10,2.269938626,435.260947
square,vertex,ec,3072,11,2.269938626,464.0294847
square,vertex,ec,3072,12,2.269928618,468.5167245
square,vertex,ec,3072,13,2.269938626,469.8545096
square,vertex,ec,3072,14,2.269938626,455.7364645
square,vertex,ec,3072,15,2.26997866,448.7432331
square,vertex,ec,3072,16,2.269838548,479.4451636
square,vertex,ec,3072,17,2.269988668,450.4538522
square,vertex,ec,3072,18,2.269938626,450.6236148
square,vertex,ec,3072,19,2.269908602,423.8744771
square,vertex,ec,3072,20,2.269928618,451.6310063
square,vertex,ec,3072,21,2.269858563,450.8795313
square,vertex,ec,3072,22,2.26997866,440.4037826
square,vertex,ec,3072,23,2.269928618,424.6655741
square,vertex,ec,3072,24,2.269838548,438.3559947
square,vertex,ec,3072,25,2.26997866,434.9954936
square,vertex,ec,3072,26,2.269998677,450.7312288
square,vertex,ec,3072,27,2.26986857,456.9917667
square,vertex,ec,3072,28,2.269858563,422.6643358
square,vertex,ec,3072,29,2.269858563,421.3707088
square,vertex,ec,3072,30,2.269948634,444.6183204
square,vertex,ec,3072,31,2.26986857,421.5815354
square,vertex,ec,3072,32,2.270018695,474.8026676
square,vertex,ec,3072,33,2.26986857,444.9450344
square,vertex,ec,3072,34,2.269818533,465.6144188
square,vertex,ec,3072,35,2.269878578,449.0839831
square,vertex,ec,3072,36,2.269958643,442.908842
square,vertex,ec,3072,37,2.26997866,478.9642921
square,vertex,ec,3072,38,2.270018695,424.2383938
square,vertex,ec,3072,39,2.269968651,445.6796192
square,vertex,ec,3072,40,2.269988668,454.1474795
square,vertex,ec,3072,41,2.270008686,449.8297307
square,vertex,ec,3072,42,2.26986857,439.4626777
square,vertex,ec,3072,43,2.269938626,430.5365044
square,vertex,ec,3072,44,2.26982854,442.1135937
square,vertex,ec,3072,45,2.270038713,463.8846901
square,vertex,ec,3072,46,2.269858563,422.0312952
square,vertex,ec,3072,47,2.26986857,471.157041
square,vertex,ec,3072,48,2.26991861,497.0730171
square,vertex,ec,3072,49,2.269888586,464.3838418
square,vertex,ec,3072,50,2.269688446,449.7312399
square,vertex,ec,3072,51,2.269928618,436.5151309
square,vertex,ec,3072,52,2.269898594,457.2613128
square,vertex,ec,3072,53,2.269948634,445.1792273
square,vertex,ec,3072,54,2.269898594,445.678142
square,vertex,ec,3072,55,2.269898594,450.3144104
square,vertex,ec,3072,56,2.269908602,451.386251
square,vertex,ec,3072,57,2.26991861,466.0986598
square,vertex,ec,3072,58,2.269898594,415.1562446
square,vertex,ec,3072,59,2.269888586,445.8525997
square,vertex,ec,3072,60,2.26986857,420.3654847
square,vertex,ec,3072,61,2.269858563,444.8629194
square,vertex,ec,3072,62,2.269928618,461.5619045
square,vertex,ec,3072,63,2.269948634,413.4622418
square,vertex,ec,3072,64,2.269848555,428.652848
square,vertex,ec,3072,65,2.269878578,468.4443843
square,vertex,ec,3072,66,2.269948634,429.375916
square,vertex,ec,3072,67,2.26991861,428.8662931
square,vertex,ec,3072,68,2.269998677,435.8442404
square,vertex,ec,3072,69,2.269898594,468.9102697
square,vertex,ec,3072,70,2.269938626,461.8655038
square,vertex,ec,3072,71,2.269908602,459.5666438
square,vertex,ec,3072,72,2.269838548,447.1662726
square,vertex,ec,3072,73,2.26986857,398.7201784
square,vertex,ec,3072,74,2.269948634,437.9460986
square,vertex,ec,3072,75,2.26997866,425.2290011
square,vertex,ec,3072,76,2.270018695,436.2728886
square,vertex,ec,3072,77,2.269858563,449.1123124
square,vertex,ec,3072,78,2.270068741,451.2077438
square,vertex,ec,3072,79,2.269908602,458.8337892
square,vertex,ec,3072,80,2.269928618,458.0192737
square,vertex,ec,3072,81,2.269928618,440.0111459
square,vertex,ec,3072,82,2.269968651,419.5555335
square,vertex,ec,3072,83,2.269888586,443.188283
square,vertex,ec,3072,84,2.269938626,428.4590902
square,vertex,ec,3072,85,2.269898594,433.9970835
square,vertex,ec,3072,86,2.270018695,466.398525
square,vertex,ec,3072,87,2.269928618,466.1421679
square,vertex,ec,3072,88,2.269958643,425.778124
square,vertex,ec,3072,89,2.269908602,428.7180891
square,vertex,ec,3072,90,2.269988668,443.9984878
square,vertex,ec,3072,91,2.269938626,457.1949154
square,vertex,ec,3072,92,2.269938626,457.9061099
square,vertex,ec,3072,93,2.269988668,467.5597147
square,vertex,ec,3072,94,2.269938626,434.4857397
square,vertex,ec,3072,95,2.269898594,450.0285681
square,vertex,ec,3072,96,2.269928618,430.1055645
square,vertex,ec,3072,97,2.26982854,427.447404
square,vertex,ec,3072,98,2.26986857,436.0194982
square,vertex,ec,3072,99,2.269968651,415.7962449
square,vertex,ec,3072,100,2.269818533,455.0768835
square,vertex,ec,3072,101,2.26997866,448.3221512
square,vertex,ec,3072,102,2.26991861,452.079873
square,vertex,ec,3072,103,2.269888586,457.6730569
square,vertex,ec,3072,104,2.269968651,440.6986672
square,vertex,ec,3072,105,2.270018695,446.9125815
square,vertex,ec,3072,106,2.269898594,423.5079706
square,vertex,ec,3072,107,2.269878578,428.459999
square,vertex,ec,3072,108,2.270058732,442.1031389
square,vertex,ec,3072,109,2.26991861,440.4270317
square,vertex,ec,3072,110,2.269988668,465.2400754
square,vertex,ec,3072,111,2.26991861,425.0671731
square,vertex,ec,3072,112,2.26997866,442.7331603
square,vertex,ec,3072,113,2.269938626,437.6502972
square,vertex,ec,3072,114,2.269758491,402.9026482
square,vertex,ec,3072,115,2.269998677,418.3035991
square,vertex,ec,3072,116,2.269838548,443.7345757
square,vertex,ec,3072,117,2.269958643,437.1749186
square,vertex,ec,3072,118,2.269948634,449.1537886
square,vertex,ec,3072,119,2.269798519,457.181661
square,vertex,ec,3072,120,2.26986857,444.4496212
square,vertex,ec,3072,121,2.270008686,413.8856312
square,vertex,ec,3072,122,2.269938626,444.8043649
square,vertex,ec,3072,123,2.269878578,449.0028325
square,vertex,ec,3072,124,2.269998677,439.323372
square,vertex,ec,3072,125,2.269878578,464.3055066
square,vertex,ec,3072,126,2.269818533,454.031907
square,vertex,ec,3072,127,2.269848555,466.9296675
square,vertex,ec,3072,128,2.269888586,440.5269425
square,vertex,ec,3072,129,2.26991861,421.9328252
square,vertex,ec,3072,130,2.269988668,424.8706783
square,vertex,ec,3072,131,2.269928618,454.3458899
square,vertex,ec,3072,132,2.269888586,449.8973228
square,vertex,ec,3072,133,2.270048722,437.5966311
square,vertex,ec,3072,134,2.269888586,452.4773059
square,vertex,ec,3072,135,2.269888586,465.349331
square,vertex,ec,3072,136,2.269838548,448.7139413
square,vertex,ec,3072,137,2.269998677,426.6423265
square,vertex,ec,3072,138,2.269898594,436.8408119
square,vertex,ec,3072,139,2.269838548,457.7144475
square,vertex,ec,3072,140,2.269878578,467.9921231
square,vertex,ec,3072,141,2.269878578,414.069167
square,vertex,ec,3072,142,2.269988668,432.4599604
square,vertex,ec,3072,143,2.269958643,428.5278127
square,vertex,ec,3072,144,2.26982854,477.0409354
square,vertex,ec,3072,145,2.269838548,429.044251
square,vertex,ec,3072,146,2.26991861,461.414091
square,vertex,ec,3072,147,2.270048722,404.5276535
square,vertex,ec,3072,148,2.269898594,431.3029416
square,vertex,ec,3072,149,2.269968651,447.9519673
square,vertex,ec,3072,150,2.26991861,483.9904744
square,vertex,ec,3072,151,2.269748485,422.1035083
square,vertex,ec,3072,152,2.26986857,452.8967173
square,vertex,ec,3072,153,2.26991861,406.5876997
square,vertex,ec,3072,154,2.269908602,427.726978
square,vertex,ec,3072,155,2.269888586,441.3069942
square,vertex,ec,3072,156,2.26997866,449.5147413
square,vertex,ec,3072,157,2.269968651,440.1929718
square,vertex,ec,3072,158,2.269938626,453.4186838
square,vertex,ec,3072,159,2.269938626,459.4936806
square,vertex,ec,3072,160,2.269968651,425.9909886
square,vertex,ec,3072,161,2.269898594,460.9628125
square,vertex,ec,3072,162,2.269838548,442.330908
square,vertex,ec,3072,163,2.269878578,465.8285197
square,vertex,ec,3072,164,2.26982854,431.3551714
square,vertex,ec,3072,165,2.26986857,413.0190059
square,vertex,ec,3072,166,2.269938626,440.4325534
square,vertex,ec,3072,167,2.269768498,481.4746583
square,vertex,ec,3072,168,2.269888586,450.187586
square,vertex,ec,3072,169,2.269848555,460.1266555
square,vertex,ec,3072,170,2.26991861,480.0876464
square,vertex,ec,3072,171,2.269938626,414.9054261
square,vertex,ec,3072,172,2.269968651,446.1177076
square,vertex,ec,3072,173,2.269878578,451.5279182
square,vertex,ec,3072,174,2.269838548,478.168612
square,vertex,ec,3072,175,2.269878578,449.8302834
square,vertex,ec,3072,176,2.269948634,423.892601
square,vertex,ec,3072,177,2.269898594,449.8061745
square,vertex,ec,3072,178,2.269878578,419.8994132
square,vertex,ec,3072,179,2.269888586,447.0184102
square,vertex,ec,3072,180,2.269958643,454.702434
square,vertex,ec,3072,181,2.269798519,466.7523056
square,vertex,ec,3072,182,2.26997866,417.3084131
square,vertex,ec,3072,183,2.269908602,431.5786968
square,vertex,ec,3072,184,2.269838548,426.8081597
square,vertex,ec,3072,185,2.269788512,437.0146774
square,vertex,ec,3072,186,2.269858563,465.0486128
square,vertex,ec,3072,187,2.270018695,432.5658405
square,vertex,ec,3072,188,2.269938626,450.1604943
square,vertex,ec,3072,189,2.270028704,428.5259433
square,vertex,ec,3072,190,2.269908602,462.3331847
square,vertex,ec,3072,191,2.26997866,424.8226907
square,vertex,ec,3072,192,2.26991861,454.9796233
square,vertex,ec,3072,193,2.26982854,478.1686735
square,vertex,ec,3072,194,2.269898594,412.8744953
square,vertex,ec,3072,195,2.269908602,431.2605346
square,vertex,ec,3072,196,2.269948634,469.8900702
square,vertex,ec,3072,197,2.269958643,440.6379363
square,vertex,ec,3072,198,2.269818533,477.786139
square,vertex,ec,3072,199,2.269848555,454.2324666
